# binIdx ctxIdx symbol range offset
0 3 0 500 471
1 68 1 270 213
2 68 1 360 132
3 68 0 476 265
4 69 0 480 59
5 69 0 480 118
6 69 0 506 237
7 68 0 348 237
8 69 1 316 94
9 69 0 376 189
10 69 0 436 379
11 68 1 260 146
12 68 0 320 292
13 69 1 300 244
14 69 1 256 145
15 69 1 256 35
16 68 0 322 70
17 69 0 292 140
18 69 0 328 280
19 69 1 316 221
20 68 0 452 443
21 69 1 454 436
22 69 1 480 445
23 69 0 480 410
24 68 1 284 144
25 68 0 378 288
26 69 1 352 172
27 69 1 352 344
28 69 0 334 318
29 68 1 440 378
30 68 1 288 165
31 68 0 354 331
32 69 0 352 306
33 69 1 352 260
34 69 0 352 168
35 68 0 448 337
36 69 1 480 258
37 69 0 480 37
38 69 0 480 74
39 68 0 314 74
40 69 0 372 148
41 69 0 428 297
42 69 1 356 95
43 68 0 480 191
44 69 0 264 191
45 69 1 492 201
46 69 0 276 201
47 64 0 324 24
48 73 1 310 24
49 73 1 299 24
50 73 1 288 24
51 73 1 278 24
52 77 1 474 48
53 81 1 364 48
54 60 0 308 48
55 96 1 286 48
56 134 1 259 48
57 195 0 506 97
58 135 1 430 97
59 196 0 421 97
60 136 1 365 97
61 197 0 356 97
62 137 1 276 97
63 198 0 270 97
64 138 1 434 194
65 199 0 424 194
66 139 1 329 194
67 200 0 320 194
68 140 0 256 5
69 141 1 366 11
70 202 0 357 11
71 142 1 263 11
72 203 0 510 23
73 143 1 375 23
74 204 0 360 23
75 144 1 271 23
76 205 0 258 23
77 145 1 306 46
78 206 0 291 46
79 146 1 392 93
80 207 0 357 93
81 147 1 444 186
82 208 0 398 186
83 148 1 275 186
84 209 0 388 372
85 248 1 264 200
86 252 1 256 128
87 252 1 256 0
88 252 1 256 1
89 252 1 256 3
90 252 1 256 6
91 252 1 266 12
92 252 1 300 24
93 252 1 378 49
94 252 1 500 98
95 252 1 334 98
96 252 1 436 196
97 252 1 306 196
98 252 1 442 392
99 -1 1 442 342
100 -1 1 442 243
101 -1 1 442 44
102 -1 0 442 88
103 -1 0 442 177
104 -1 0 442 355
105 -1 1 442 269
106 -1 1 442 96
107 247 1 356 96
108 253 1 442 193
109 253 1 290 193
110 253 0 400 15
111 -1 0 400 30
112 247 1 319 30
113 254 1 458 61
114 254 1 316 61
115 254 1 470 122
116 254 1 342 122
117 254 1 506 244
118 254 1 390 244
119 254 1 295 244
120 254 0 496 94
121 -1 0 496 189
122 247 1 407 189
123 255 1 317 189
124 255 1 258 189
125 255 1 404 379
126 255 0 308 208
127 -1 1 308 109
128 247 1 257 109
129 256 1 456 219
130 256 1 411 219
131 256 1 374 219
132 256 1 344 219
133 256 1 316 219
134 256 1 294 219
135 256 1 273 219
136 256 1 506 439
137 256 1 475 439
138 256 1 445 439
139 256 0 400 305
140 -1 1 400 210
141 247 1 331 210
142 256 1 294 210
143 256 1 265 210
144 256 1 476 420
145 256 1 433 420
146 256 0 280 183
147 -1 1 280 87
148 247 1 468 175
149 256 1 406 175
150 256 1 355 175
151 256 1 314 175
152 256 1 282 175
153 256 1 504 351
154 256 1 456 351
155 256 1 411 351
156 256 1 374 351
157 256 0 480 125
158 -1 0 480 250
159 247 1 408 250
160 256 1 354 250
161 256 1 311 250
162 256 1 278 250
163 256 0 256 35
164 -1 0 256 70
165 247 1 430 140
166 256 1 364 140
167 256 1 311 140
168 256 1 270 140
169 256 1 462 280
170 256 1 400 280
171 256 1 349 280
172 256 1 308 280
173 256 0 256 32
174 -1 0 256 65
175 247 1 434 131
176 256 1 368 131
177 256 1 315 131
178 256 1 274 131
179 256 1 470 262
180 256 1 408 262
181 256 1 357 262
182 256 1 316 262
183 256 1 284 262
184 256 0 480 139
185 -1 0 480 278
186 247 1 418 278
187 256 1 355 278
188 256 1 305 278
189 256 0 312 102
190 -1 0 312 204
191 247 1 277 204
192 256 1 448 408
193 256 0 340 183
194 -1 1 340 26
195 247 1 299 26
196 256 1 474 53
197 256 1 375 53
198 256 1 306 53
199 256 1 506 106
200 256 1 421 106
201 256 1 352 106
202 256 1 296 106
203 256 1 506 213
204 256 1 437 213
205 256 1 381 213
206 256 1 336 213
207 256 1 293 213
208 256 1 260 213
209 -1 1 260 167
210 -1 1 260 75
211 -1 0 260 151
212 -1 1 260 42
213 -1 0 260 84
214 -1 0 260 168
215 247 1 456 336
216 256 1 403 336
217 256 1 360 336
218 256 0 280 90
219 -1 0 280 181
220 247 1 500 363
221 256 1 431 363
222 256 1 375 363
223 256 0 360 264
224 -1 1 360 168
225 96 1 334 168
226 134 1 303 168
227 195 0 297 168
228 135 1 508 337
229 196 0 499 337
230 136 1 437 337
231 197 0 427 337
232 137 0 360 3
233 138 1 298 3
234 199 0 292 3
235 139 1 460 6
236 200 0 449 6
237 140 1 508 13
238 201 0 496 13
239 141 1 380 13
240 202 0 372 13
241 142 1 283 13
242 203 0 276 13
243 143 1 398 26
244 204 0 381 26
245 144 1 296 26
246 205 0 284 26
247 145 1 368 52
248 206 0 350 52
249 146 1 480 104
250 207 0 441 104
251 147 1 289 104
252 208 0 259 104
253 148 1 356 208
254 209 0 262 208
255 248 1 448 18
256 252 1 313 18
257 252 1 472 37
258 252 1 350 37
259 252 1 265 37
260 252 1 398 74
261 252 1 308 74
262 252 1 498 148
263 252 1 404 148
264 252 1 327 148
265 252 1 265 148
266 252 1 434 297
267 252 1 368 297
268 252 1 315 297
269 -1 1 315 279
270 -1 1 315 244
271 -1 1 315 174
272 -1 1 315 34
273 -1 0 315 68
274 -1 0 315 137
275 -1 0 315 275
276 -1 1 315 236
277 -1 1 315 158
278 -1 1 315 2
279 247 1 286 2
280 253 1 350 4
281 253 1 444 9
282 253 1 300 9
283 253 1 410 19
284 253 1 280 19
285 253 1 390 39
286 253 1 273 39
287 253 1 392 78
288 253 1 287 78
289 253 1 436 157
290 253 1 341 157
291 253 1 265 157
292 253 1 412 315
293 -1 1 412 219
294 -1 1 412 27
295 -1 0 412 54
296 -1 0 412 109
297 -1 0 412 219
298 -1 1 412 26
299 247 1 373 26
300 254 1 284 26
301 254 1 430 53
302 254 1 335 53
303 254 1 259 53
304 254 1 400 106
305 254 1 319 106
306 254 1 266 106
307 254 1 430 213
308 254 1 361 213
309 254 1 305 213
310 254 1 262 213
311 254 1 442 426
312 254 0 448 323
313 -1 1 448 198
314 247 1 405 198
315 255 1 310 198
316 255 1 496 396
317 255 1 397 396
318 255 0 324 322
319 -1 1 324 321
320 247 0 480 442
321 -1 1 480 405
322 247 1 418 405
323 256 0 276 224
324 -1 1 276 172
325 247 1 482 345
326 256 1 378 345
327 256 0 288 159
328 -1 1 288 30
329 247 1 510 61
330 256 1 388 61
331 256 1 288 61
332 256 1 444 122
333 256 1 354 122
334 256 1 282 122
335 256 1 452 244
336 256 1 363 244
337 256 1 301 244
338 256 1 506 489
339 256 0 304 239
340 -1 1 304 175
341 247 1 272 175
342 256 1 432 350
343 256 1 355 350
344 256 0 496 461
345 -1 1 496 426
346 247 1 446 426
347 256 0 360 283
348 -1 1 360 207
349 247 1 325 207
350 256 1 472 415
351 256 0 464 239
352 -1 1 464 15
353 247 1 419 15
354 256 1 302 15
355 256 1 450 30
356 256 1 328 30
357 256 1 486 60
358 256 1 376 60
359 256 1 300 60
360 256 1 482 121
361 256 1 388 121
362 256 1 311 121
363 256 1 260 121
364 256 1 424 243
365 256 1 358 243
366 256 1 305 243
367 -1 1 305 181
368 -1 1 305 58
369 -1 0 305 117
370 -1 0 305 234
371 -1 1 305 163
372 -1 1 305 22
373 247 1 279 22
374 256 1 476 45
375 256 1 411 45
376 256 1 357 45
377 256 1 314 45
378 256 1 281 45
379 256 1 498 90
380 256 1 448 90
381 256 1 400 90
382 256 1 361 90
383 256 1 330 90
384 256 1 300 90
385 256 1 277 90
386 256 1 510 181
387 -1 0 510 362
388 -1 1 510 215
389 247 1 469 215
390 256 1 434 215
391 256 1 405 215
392 256 1 378 215
393 256 1 356 215
394 256 1 335 215
395 256 1 315 215
396 256 1 300 215
397 256 1 286 215
398 256 1 272 215
399 256 1 259 215
400 256 1 494 431
401 256 1 474 431
402 256 1 455 431
403 -1 1 455 408
404 -1 1 455 362
405 -1 1 455 270
406 -1 1 455 86
407 -1 0 455 173
408 -1 0 455 346
409 -1 1 455 238
410 -1 1 455 21
411 -1 0 455 42
412 -1 0 455 85
413 247 1 416 85
414 256 1 401 85
415 256 1 386 85
416 256 1 372 85
417 256 1 361 85
418 256 1 350 85
419 256 1 340 85
420 256 1 331 85
421 256 1 322 85
422 256 1 313 85
423 256 1 306 85
424 256 1 300 85
425 256 1 294 85
426 256 1 288 85
427 -1 0 288 170
428 -1 1 288 52
429 96 1 268 52
430 134 1 488 104
431 195 0 479 104
432 135 1 410 104
433 196 0 402 104
434 136 1 351 104
435 197 0 343 104
436 137 1 508 209
437 198 0 499 209
438 138 1 419 209
439 199 0 410 209
440 139 1 324 209
441 200 0 316 209
442 140 0 444 17
443 141 1 349 17
444 202 0 341 17
445 142 1 256 17
446 203 0 498 34
447 143 1 376 34
448 204 0 362 34
449 144 1 282 34
450 205 0 270 34
451 145 1 350 69
452 206 0 333 69
453 146 1 458 138
454 207 0 421 138
455 147 1 277 138
456 208 0 496 277
457 148 1 368 277
458 209 0 279 277
459 248 1 264 257
460 252 0 328 277
461 -1 1 328 226
462 247 1 301 226
463 253 1 490 452
464 253 0 356 206
465 -1 1 356 57
466 247 1 330 57
467 254 1 265 57
468 254 1 428 115
469 254 1 359 115
470 254 1 303 115
471 254 1 260 115
472 254 1 438 230
473 254 1 382 230
474 254 1 337 230
475 254 1 294 230
476 254 1 261 230
477 254 0 256 8
478 -1 0 256 17
479 247 1 472 35
480 255 1 362 35
481 255 1 286 35
482 255 1 454 70
483 255 1 360 70
484 255 1 295 70
485 255 1 488 140
486 255 1 408 140
487 255 1 342 140
488 255 1 289 140
489 255 1 496 281
490 255 1 431 281
491 255 1 377 281
492 255 1 334 281
493 -1 1 334 228
494 -1 1 334 122
495 -1 0 334 244
496 -1 1 334 154
497 -1 0 334 308
498 -1 1 334 282
499 247 1 311 282
500 256 1 305 282
501 256 1 299 282
502 256 1 293 282
503 256 1 287 282
504 256 0 384 71
505 -1 0 384 142
506 247 1 358 142
507 256 1 334 142
508 256 1 311 142
509 256 1 293 142
510 256 1 276 142
511 256 1 260 142
512 256 1 490 285
513 256 1 466 285
514 256 1 443 285
515 256 1 424 285
516 256 1 406 285
517 256 1 389 285
518 256 1 373 285
519 256 1 360 285
520 -1 1 360 210
521 -1 1 360 60
522 -1 0 360 120
523 -1 0 360 241
524 -1 1 360 122
525 -1 0 360 245
526 247 1 339 245
527 256 1 327 245
528 256 1 315 245
529 256 1 306 245
530 256 1 297 245
531 256 1 289 245
532 256 1 281 245
533 256 1 274 245
534 256 1 267 245
535 256 1 260 245
536 256 1 508 491
537 256 1 498 491
538 256 0 288 87
539 -1 0 288 175
540 247 1 272 175
541 256 1 504 350
542 256 1 473 350
543 256 1 443 350
544 256 1 418 350
545 256 1 395 350
546 256 1 373 350
547 256 1 355 350
548 256 0 272 201
549 -1 1 272 130
550 247 1 257 130
551 256 1 460 260
552 256 1 417 260
553 256 1 382 260
554 256 1 354 260
555 256 1 327 260
556 256 1 301 260
557 256 1 281 260
558 256 1 262 260
559 256 0 288 267
560 -1 1 288 246
561 247 1 274 246
562 256 0 256 32
563 -1 0 256 65
564 247 1 484 131
565 256 1 408 131
566 256 1 345 131
567 256 1 295 131
568 256 1 256 131
569 256 1 438 263
570 256 1 387 263
571 256 1 339 263
572 256 1 300 263
573 256 1 270 263
574 256 0 464 352
575 -1 1 464 240
576 247 1 442 240
577 256 1 383 240
578 256 1 335 240
579 256 1 290 240
580 256 1 510 481
581 256 0 448 221
582 -1 0 448 443
583 247 0 336 262
584 -1 1 336 188
585 247 1 305 188
586 256 1 259 188
587 256 1 432 376
588 256 0 472 29
589 -1 0 472 59
590 247 1 431 59
591 256 1 354 59
592 256 1 292 59
593 256 1 488 119
594 256 1 412 119
595 256 1 349 119
596 256 1 299 119
597 256 1 260 119
598 256 1 446 239
599 256 1 395 239
600 256 1 347 239
601 256 1 308 239
602 256 1 278 239
603 256 1 498 478
604 -1 1 498 459
605 -1 1 498 420
606 -1 1 498 342
607 -1 1 498 186
608 -1 0 498 373
609 -1 1 498 249
610 -1 1 498 0
611 -1 0 498 0
612 -1 0 498 1
613 -1 0 498 3
614 96 1 467 3
615 134 1 428 3
616 195 0 420 3
617 135 1 364 3
618 196 0 357 3
619 136 1 316 3
620 197 0 310 3
621 137 1 482 7
622 198 0 473 7
623 138 1 397 7
624 199 0 389 7
625 139 1 308 7
626 200 0 302 7
627 140 1 372 14
628 201 0 364 14
629 141 1 288 14
630 202 0 282 14
631 142 1 432 28
632 203 0 422 28
633 143 1 322 28
634 204 0 309 28
635 144 1 494 57
636 205 0 475 57
637 145 1 325 57
638 206 0 309 57
639 146 1 456 114
640 207 0 421 114
641 147 1 284 114
642 208 0 257 114
643 148 1 368 229
644 209 0 283 229
645 248 1 308 92
646 252 1 510 185
647 252 1 425 185
648 252 1 356 185
649 252 1 300 185
650 252 1 257 185
651 252 1 432 371
652 252 1 376 371
653 252 0 360 323
654 -1 1 360 286
655 247 1 332 286
656 253 0 320 137
657 -1 0 320 275
658 247 1 293 275
659 254 0 368 230
660 -1 1 368 93
661 247 1 342 93
662 255 1 301 93
663 255 1 269 93
664 255 1 478 186
665 255 1 430 186
666 255 1 391 186
667 255 1 354 186
668 255 1 324 186
669 255 1 296 186
670 255 1 274 186
671 255 1 506 372
672 255 1 473 372
673 255 1 442 372
674 255 1 416 372
675 -1 1 416 328
676 -1 1 416 240
677 -1 1 416 64
678 -1 0 416 129
679 -1 0 416 259
680 -1 1 416 103
681 -1 0 416 206
682 -1 0 416 413
683 247 0 464 427
684 -1 1 464 391
685 247 1 408 391
686 256 0 312 179
687 -1 1 312 46
688 247 1 280 46
689 256 1 478 93
690 256 1 413 93
691 256 1 359 93
692 256 1 316 93
693 256 1 283 93
694 256 1 502 187
695 256 1 452 187
696 256 1 404 187
697 256 1 365 187
698 256 1 334 187
699 256 1 304 187
700 256 1 281 187
701 256 1 259 187
702 -1 1 259 116
703 -1 0 259 233
704 -1 1 259 208
705 -1 1 259 158
706 247 1 458 317
707 256 1 423 317
708 256 1 394 317
709 256 1 367 317
710 256 1 345 317
711 256 1 324 317
712 256 0 320 214
713 -1 1 320 109
714 247 1 285 109
715 256 1 510 219
716 256 1 462 219
717 256 1 417 219
718 256 1 380 219
719 256 1 350 219
720 256 1 322 219
721 256 1 295 219
722 256 1 274 219
723 256 1 508 438
724 256 1 477 438
725 256 1 447 438
726 256 0 400 268
727 -1 1 400 136
728 247 1 361 136
729 256 1 324 136
730 256 1 289 136
731 256 1 262 136
732 256 1 472 272
733 256 1 431 272
734 256 1 398 272
735 256 1 366 272
736 256 1 340 272
737 256 1 316 272
738 256 1 297 272
739 256 1 279 272
740 256 0 272 170
741 -1 1 272 69
742 247 1 492 138
743 256 1 442 138
744 256 1 401 138
745 256 1 362 138
746 256 1 331 138
747 256 1 301 138
748 256 1 278 138
749 256 1 256 138
750 256 1 470 277
751 256 1 437 277
752 256 1 410 277
753 256 1 384 277
754 256 1 359 277
755 256 1 339 277
756 -1 1 339 216
757 -1 1 339 94
758 -1 0 339 188
759 -1 1 339 38
760 -1 0 339 77
761 -1 0 339 154
762 247 1 309 154
763 256 1 294 154
764 256 1 280 154
765 256 1 266 154
766 256 1 506 308
767 256 1 485 308
768 256 1 465 308
769 256 1 446 308
770 256 1 431 308
771 256 1 416 308
772 256 1 402 308
773 256 1 389 308
774 256 1 377 308
775 256 1 367 308
776 -1 1 367 250
777 -1 1 367 134
778 -1 0 367 268
779 -1 1 367 169
780 -1 0 367 338
781 -1 1 367 310
782 247 1 339 310
783 256 1 330 310
784 256 1 321 310
785 256 1 312 310
786 256 0 448 360
787 -1 1 448 272
788 247 1 411 272
789 256 1 381 272
790 256 1 357 272
791 256 1 334 272
792 256 1 312 272
793 256 1 295 272
794 256 1 279 272
795 256 0 480 268
796 -1 1 480 57
797 247 1 445 57
798 256 1 402 57
799 256 1 361 57
800 256 1 328 57
801 256 1 297 57
802 256 1 273 57
803 256 1 500 115
804 256 1 463 115
805 256 1 428 115
806 256 1 399 115
807 256 1 372 115
808 256 1 350 115
809 256 1 329 115
810 256 1 309 115
811 -1 0 309 231
812 -1 1 309 154
813 247 1 289 154
814 256 1 274 154
815 256 1 260 154
816 256 1 492 309
817 256 1 470 309
818 256 1 449 309
819 256 1 429 309
820 256 1 413 309
821 256 1 398 309
822 256 1 383 309
823 256 1 371 309
824 256 1 360 309
825 256 1 349 309
826 256 1 339 309
827 -1 1 339 280
828 -1 1 339 222
829 -1 1 339 106
830 -1 0 339 212
831 -1 1 339 85
832 -1 0 339 170
833 -1 1 339 1
834 -1 0 339 2
835 96 1 317 2
836 134 1 295 2
837 195 0 289 2
838 135 1 504 5
839 196 0 495 5
840 136 1 442 5
841 197 0 434 5
842 137 1 339 5
843 198 0 332 5
844 138 1 279 5
845 199 0 273 5
846 139 1 440 11
847 200 0 432 11
848 140 1 272 11
849 201 0 266 11
850 141 1 414 22
851 202 0 406 22
852 142 1 316 22
853 203 0 310 22
854 143 1 488 45
855 204 0 471 45
856 144 1 372 45
857 205 0 359 45
858 145 1 510 91
859 206 0 489 91
860 146 1 361 91
861 207 0 337 91
862 147 1 454 182
863 208 0 411 182
864 148 1 311 182
865 209 0 490 364
866 248 1 300 49
867 252 1 504 98
868 252 1 428 98
869 252 1 365 98
870 252 1 315 98
871 252 1 276 98
872 252 1 478 197
873 252 1 419 197
874 252 1 371 197
875 252 1 332 197
876 252 1 295 197
877 252 1 266 197
878 252 1 478 395
879 252 1 435 395
880 -1 1 435 356
881 -1 1 435 277
882 -1 1 435 120
883 -1 0 435 240
884 -1 1 435 45
885 -1 0 435 90
886 -1 0 435 180
887 -1 0 435 360
888 247 1 408 360
889 253 0 444 255
890 -1 1 444 66
891 247 1 418 66
892 254 1 337 66
893 254 1 272 66
894 254 1 442 133
895 254 1 373 133
896 254 1 317 133
897 254 1 274 133
898 254 1 466 266
899 254 1 401 266
900 254 1 347 266
901 254 1 304 266
902 254 1 271 266
903 254 0 256 220
904 -1 1 256 184
905 247 1 478 369
906 255 1 450 369
907 255 1 423 369
908 255 1 401 369
909 255 1 380 369
910 255 0 272 96
911 -1 0 272 193
912 247 1 256 193
913 256 1 496 387
914 256 1 484 387
915 256 1 472 387
916 256 1 461 387
917 256 1 450 387
918 256 1 440 387
919 256 1 432 387
920 256 1 424 387
921 256 1 416 387
922 256 1 408 387
923 256 1 400 387
924 256 1 392 387
925 256 0 256 105
926 -1 0 256 210
927 247 1 482 421
928 256 1 449 421
929 256 0 496 50
930 -1 0 496 101
931 247 1 472 101
932 256 1 419 101
933 256 1 376 101
934 256 1 341 101
935 256 1 308 101
936 256 1 282 101
937 256 1 258 101
938 256 1 470 203
939 256 1 433 203
940 256 1 403 203
941 256 1 374 203
942 256 1 351 203
943 256 1 329 203
944 256 1 308 203
945 -1 1 308 98
946 -1 0 308 197
947 -1 1 308 86
948 -1 0 308 172
949 247 1 294 172
950 256 1 278 172
951 256 1 263 172
952 256 1 498 345
953 256 1 475 345
954 256 1 453 345
955 256 1 432 345
956 256 1 415 345
957 256 1 399 345
958 256 1 384 345
959 256 1 369 345
960 256 1 357 345
961 256 1 346 345
962 256 0 352 326
963 -1 1 352 300
964 247 1 336 300
965 256 1 308 300
966 256 0 352 229
967 -1 1 352 106
968 247 1 337 106
969 256 1 294 106
970 256 1 261 106
971 256 1 458 212
972 256 1 408 212
973 256 1 367 212
974 256 1 334 212
975 256 1 303 212
976 256 1 279 212
977 256 1 256 212
978 256 1 468 424
979 256 1 433 424
980 256 0 464 335
981 -1 1 464 206
982 247 1 444 206
983 256 1 396 206
984 256 1 350 206
985 256 1 313 206
986 256 1 284 206
987 256 1 257 206
988 256 1 462 412
989 256 1 421 412
990 256 0 264 195
991 -1 1 264 126
992 247 1 506 252
993 256 1 444 252
994 256 1 393 252
995 256 1 345 252
996 256 1 306 252
997 256 1 276 252
998 256 0 464 84
999 -1 0 464 169
1000 247 1 446 169
1001 256 1 387 169
1002 256 1 331 169
1003 256 1 286 169
1004 256 1 502 338
1005 256 1 446 338
1006 256 1 400 338
1007 256 1 357 338
1008 256 0 280 135
1009 -1 0 280 270
1010 247 0 320 30
1011 -1 0 320 61
1012 247 1 290 61
1013 256 1 498 122
1014 256 1 433 122
1015 256 1 379 122
1016 256 1 336 122
1017 256 1 295 122
1018 256 1 263 122
1019 256 1 466 245
1020 256 1 418 245
1021 256 1 379 245
1022 256 1 348 245
1023 256 1 318 245
1024 256 1 295 245
1025 256 1 273 245
1026 -1 1 273 218
1027 -1 1 273 163
1028 -1 1 273 54
1029 -1 0 273 109
1030 -1 0 273 219
1031 -1 1 273 166
1032 -1 1 273 59
1033 -1 0 273 119
1034 247 1 500 238
1035 256 1 465 238
1036 256 1 432 238
1037 256 1 405 238
1038 256 1 379 238
1039 256 1 358 238
1040 256 1 338 238
1041 256 1 319 238
1042 256 1 305 238
1043 256 1 291 238
1044 256 1 278 238
1045 256 1 266 238
1046 256 1 508 476
1047 256 1 489 476
1048 -1 1 489 464
1049 -1 1 489 440
1050 -1 1 489 391
1051 -1 1 489 294
1052 -1 1 489 99
1053 -1 0 489 198
1054 -1 0 489 397
1055 -1 1 489 306
1056 -1 1 489 123
1057 -1 0 489 246
1058 -1 1 489 3
1059 -1 0 489 6
1060 96 1 461 6
1061 134 1 426 6
1062 195 0 418 6
1063 135 1 367 6
1064 196 0 360 6
1065 136 1 323 6
1066 197 0 316 6
1067 137 1 508 12
1068 198 0 499 12
1069 138 1 430 12
1070 199 0 422 12
1071 139 1 349 12
1072 200 0 342 12
1073 140 1 428 25
1074 201 0 419 25
1075 141 1 338 25
1076 202 0 331 25
1077 142 1 259 25
1078 203 0 506 50
1079 143 1 402 50
1080 204 0 388 50
1081 144 1 307 50
1082 205 0 297 50
1083 145 1 432 101
1084 206 0 415 101
1085 146 1 310 101
1086 207 0 291 101
1087 147 1 412 203
1088 208 0 377 203
1089 148 1 297 203
1090 209 0 470 407
1091 248 1 332 206
1092 252 1 302 206
1093 252 1 279 206
1094 252 1 257 206
1095 252 1 472 412
1096 252 1 439 412
1097 252 0 432 8
1098 -1 0 432 17
1099 247 1 400 17
1100 253 1 270 17
1101 253 1 370 34
1102 253 1 271 34
1103 253 1 388 68
1104 253 1 283 68
1105 253 1 428 137
1106 253 1 333 137
1107 253 1 257 137
1108 253 1 396 275
1109 253 1 315 275
1110 253 0 424 111
1111 -1 0 424 223
1112 247 1 394 223
1113 254 1 328 223
1114 254 1 275 223
1115 254 1 468 446
1116 254 0 260 172
1117 -1 1 260 85
1118 247 1 480 170
1119 255 1 435 170
1120 255 1 398 170
1121 255 1 363 170
1122 255 1 335 170
1123 255 1 308 170
1124 255 1 287 170
1125 255 1 267 170
1126 255 1 496 341
1127 255 1 466 341
1128 255 1 438 341
1129 255 1 415 341
1130 255 1 393 341
1131 255 1 372 341
1132 -1 1 372 310
1133 -1 1 372 249
1134 -1 1 372 126
1135 -1 0 372 252
1136 -1 1 372 132
1137 -1 0 372 265
1138 -1 1 372 159
1139 -1 0 372 319
1140 247 1 349 319
1141 256 1 336 319
1142 256 1 324 319
1143 256 0 384 255
1144 -1 1 384 127
1145 247 1 358 127
1146 256 1 330 127
1147 256 1 303 127
1148 256 1 282 127
1149 256 1 262 127
1150 256 1 486 255
1151 256 1 456 255
1152 256 1 428 255
1153 256 1 405 255
1154 256 1 383 255
1155 256 1 365 255
1156 256 1 348 255
1157 256 1 332 255
1158 256 1 317 255
1159 -1 1 317 194
1160 -1 1 317 72
1161 -1 0 317 145
1162 -1 0 317 290
1163 -1 1 317 263
1164 -1 1 317 209
1165 247 1 300 209
1166 256 1 288 209
1167 256 1 277 209
1168 256 1 266 209
1169 256 1 256 209
1170 256 1 492 419
1171 256 1 477 419
1172 256 1 463 419
1173 256 1 449 419
1174 256 1 436 419
1175 256 1 425 419
1176 256 0 320 135
1177 -1 0 320 271
1178 247 1 300 271
1179 256 1 279 271
1180 256 0 320 199
1181 -1 1 320 78
1182 247 1 301 78
1183 256 1 268 78
1184 256 1 472 157
1185 256 1 422 157
1186 256 1 381 157
1187 256 1 348 157
1188 256 1 317 157
1189 256 1 293 157
1190 256 1 270 157
1191 256 1 496 314
1192 256 1 461 314
1193 256 1 428 314
1194 256 1 401 314
1195 256 1 375 314
1196 -1 1 375 253
1197 -1 1 375 132
1198 -1 0 375 264
1199 -1 1 375 154
1200 -1 0 375 309
1201 -1 1 375 244
1202 247 1 357 244
1203 256 1 336 244
1204 256 1 316 244
1205 256 1 301 244
1206 256 1 287 244
1207 256 1 273 244
1208 256 1 260 244
1209 256 1 496 488
1210 256 0 320 207
1211 -1 1 320 95
1212 247 1 303 95
1213 256 1 277 95
1214 256 1 506 191
1215 256 1 467 191
1216 256 1 430 191
1217 256 1 400 191
1218 256 1 371 191
1219 256 1 348 191
1220 256 1 326 191
1221 256 1 305 191
1222 256 1 289 191
1223 256 1 274 191
1224 256 1 260 191
1225 256 1 492 382
1226 -1 1 492 272
1227 -1 1 492 52
1228 -1 0 492 105
1229 -1 0 492 211
1230 -1 0 492 422
1231 -1 1 492 353
1232 247 1 470 353
1233 256 1 448 353
1234 256 1 427 353
1235 256 1 410 353
1236 256 1 394 353
1237 256 1 379 353
1238 256 1 367 353
1239 256 1 355 353
1240 256 0 352 305
1241 -1 1 352 258
1242 247 1 337 258
1243 256 1 309 258
1244 256 1 287 258
1245 256 1 266 258
1246 256 0 320 202
1247 -1 1 320 85
1248 247 1 306 85
1249 256 1 273 85
1250 256 1 482 170
1251 256 1 432 170
1252 256 1 391 170
1253 256 1 352 170
1254 256 1 321 170
1255 256 1 291 170
1256 256 1 268 170
1257 256 1 492 340
1258 256 1 457 340
1259 256 1 424 340
1260 256 1 397 340
1261 256 1 371 340
1262 -1 1 371 310
1263 -1 1 371 249
1264 -1 1 371 127
1265 -1 0 371 254
1266 -1 1 371 138
1267 -1 0 371 276
1268 -1 1 371 181
1269 -1 0 371 362
1270 247 0 448 184
1271 -1 0 448 368
1272 247 1 405 368
1273 256 1 380 368
1274 256 0 320 140
1275 -1 0 320 280
1276 96 1 300 280
1277 134 0 320 4
1278 135 1 279 4
1279 196 0 273 4
1280 136 1 488 9
1281 197 0 479 9
1282 137 1 380 9
1283 198 0 373 9
1284 138 1 325 9
1285 199 0 318 9
1286 139 1 270 9
1287 200 0 264 9
1288 140 1 328 19
1289 201 0 321 19
1290 141 1 256 19
1291 202 0 500 39
1292 142 1 406 39
1293 203 0 398 39
1294 143 1 312 39
1295 204 0 303 39
1296 144 1 500 78
1297 205 0 484 78
1298 145 1 356 78
1299 206 0 342 78
1300 146 1 257 78
1301 207 0 478 156
1302 147 1 343 156
1303 208 0 315 156
1304 148 1 506 312
1305 209 0 407 312
1306 248 1 320 131
1307 252 1 281 131
1308 252 1 502 263
1309 252 1 454 263
1310 252 1 409 263
1311 252 1 372 263
1312 252 1 342 263
1313 252 1 314 263
1314 252 1 292 263
1315 252 1 271 263
1316 252 0 320 206
1317 -1 1 320 92
1318 247 1 290 92
1319 253 1 448 184
1320 253 1 344 184
1321 253 1 272 184
1322 253 1 432 368
1323 253 0 308 54
1324 -1 0 308 109
1325 247 1 285 109
1326 254 1 464 218
1327 254 1 379 218
1328 254 1 320 218
1329 254 1 264 218
1330 254 1 442 436
1331 254 0 472 430
1332 -1 1 472 388
1333 247 1 435 388
1334 255 1 415 388
1335 255 1 396 388
1336 255 0 288 163
1337 -1 1 288 38
1338 247 1 267 38
1339 256 1 474 77
1340 256 1 426 77
1341 256 1 387 77
1342 256 1 350 77
1343 256 1 320 77
1344 256 1 292 77
1345 256 1 270 77
1346 256 1 498 155
1347 256 1 465 155
1348 256 1 434 155
1349 256 1 408 155
1350 256 1 383 155
1351 256 1 363 155
1352 -1 0 363 310
1353 -1 1 363 258
1354 247 1 339 258
1355 256 1 320 258
1356 256 1 302 258
1357 256 1 288 258
1358 256 1 275 258
1359 256 1 263 258
1360 256 0 384 239
1361 -1 1 384 94
1362 247 1 357 94
1363 256 1 326 94
1364 256 1 296 94
1365 256 1 273 94
1366 256 1 502 188
1367 256 1 467 188
1368 256 1 434 188
1369 256 1 407 188
1370 256 1 381 188
1371 256 1 360 188
1372 256 1 340 188
1373 256 1 321 188
1374 256 1 303 188
1375 256 1 289 188
1376 -1 1 289 88
1377 -1 0 289 177
1378 -1 1 289 66
1379 -1 0 289 133
1380 247 1 271 133
1381 256 1 258 133
1382 256 1 492 267
1383 256 1 472 267
1384 256 1 453 267
1385 256 1 435 267
1386 256 1 420 267
1387 256 1 406 267
1388 256 1 393 267
1389 256 1 381 267
1390 256 1 371 267
1391 256 1 362 267
1392 256 1 353 267
1393 256 1 344 267
1394 -1 1 344 190
1395 -1 1 344 37
1396 -1 0 344 74
1397 -1 0 344 148
1398 -1 0 344 296
1399 -1 1 344 249
1400 247 1 323 249
1401 256 1 315 249
1402 256 1 309 249
1403 256 1 303 249
1404 256 1 297 249
1405 256 1 291 249
1406 256 1 285 249
1407 256 1 279 249
1408 256 1 273 249
1409 256 1 267 249
1410 256 1 261 249
1411 256 1 510 498
1412 256 1 501 498
1413 256 0 288 204
1414 -1 1 288 120
1415 247 1 272 120
1416 256 1 504 240
1417 256 1 473 240
1418 256 1 443 240
1419 256 1 418 240
1420 256 1 395 240
1421 256 1 373 240
1422 256 1 355 240
1423 256 1 338 240
1424 256 1 322 240
1425 256 1 307 240
1426 256 1 295 240
1427 256 1 284 240
1428 256 1 273 240
1429 -1 1 273 207
1430 -1 1 273 142
1431 -1 1 273 12
1432 -1 0 273 25
1433 -1 0 273 51
1434 -1 0 273 102
1435 -1 0 273 205
1436 -1 1 273 138
1437 247 1 258 138
1438 256 1 496 276
1439 256 1 480 276
1440 256 1 465 276
1441 256 1 451 276
1442 256 1 437 276
1443 256 1 426 276
1444 256 1 415 276
1445 256 1 405 276
1446 256 1 395 276
1447 256 1 386 276
1448 256 1 377 276
1449 256 1 370 276
1450 256 1 363 276
1451 -1 1 363 190
1452 -1 1 363 18
1453 -1 0 363 36
1454 -1 0 363 72
1455 -1 0 363 144
1456 -1 0 363 288
1457 247 1 345 288
1458 256 1 338 288
1459 256 1 331 288
1460 256 1 324 288
1461 256 1 317 288
1462 256 1 311 288
1463 256 1 305 288
1464 256 1 299 288
1465 256 1 293 288
1466 256 0 384 107
1467 -1 0 384 214
1468 247 1 364 214
1469 256 1 340 214
1470 256 1 317 214
1471 256 1 299 214
1472 256 1 282 214
1473 256 1 266 214
1474 256 1 502 428
1475 256 1 478 428
1476 256 1 455 428
1477 256 1 433 428
1478 256 0 288 218
1479 -1 1 288 148
1480 247 1 275 148
1481 256 1 498 297
1482 256 1 457 297
1483 256 1 418 297
1484 256 1 386 297
1485 256 1 356 297
1486 256 1 332 297
1487 256 1 309 297
1488 256 0 288 108
1489 -1 0 288 217
1490 247 1 276 217
1491 256 1 488 434
1492 256 1 438 434
1493 256 0 328 302
1494 -1 1 328 277
1495 96 1 309 277
1496 134 0 264 13
1497 135 1 464 26
1498 196 0 455 26
1499 136 1 410 26
1500 197 0 402 26
1501 137 1 321 26
1502 198 0 314 26
1503 138 1 277 26
1504 199 0 271 26
1505 139 1 450 52
1506 200 0 441 52
1507 140 1 304 52
1508 201 0 298 52
1509 141 1 494 105
1510 202 0 485 105
1511 142 1 396 105
1512 203 0 388 105
1513 143 1 307 105
1514 204 0 298 105
1515 144 1 494 210
1516 205 0 479 210
1517 145 1 357 210
1518 206 0 344 210
1519 146 1 264 210
1520 207 0 494 421
1521 147 0 256 110
1522 148 1 394 221
1523 209 0 313 221
1524 248 1 464 97
1525 252 1 408 97
1526 252 1 362 97
1527 252 1 325 97
1528 252 1 290 97
1529 252 1 263 97
1530 252 1 474 195
1531 252 1 433 195
1532 252 1 400 195
1533 252 1 368 195
1534 252 1 342 195
1535 252 1 318 195
1536 252 1 299 195
1537 252 1 281 195
1538 -1 1 281 109
1539 -1 0 281 219
1540 -1 1 281 157
1541 -1 1 281 33
1542 247 1 269 33
1543 253 1 406 67
1544 253 1 316 67
1545 253 1 257 67
1546 253 1 402 134
1547 253 1 325 134
1548 253 1 263 134
1549 253 1 430 268
1550 253 1 364 268
1551 253 1 311 268
1552 253 1 270 268
1553 253 0 312 296
1554 -1 1 312 280
1555 247 1 301 280
1556 254 0 424 260
1557 -1 1 424 96
1558 247 1 409 96
1559 255 1 372 96
1560 255 1 342 96
1561 255 1 314 96
1562 255 1 292 96
1563 255 1 271 96
1564 255 1 502 192
1565 255 1 471 192
1566 255 1 441 192
1567 255 1 416 192
1568 255 1 393 192
1569 255 1 371 192
1570 255 1 353 192
1571 255 1 336 192
1572 -1 1 336 49
1573 -1 0 336 98
1574 -1 0 336 197
1575 -1 1 336 59
1576 247 1 324 59
1577 256 1 274 59
1578 256 1 470 118
1579 256 1 408 118
1580 256 1 357 118
1581 256 1 316 118
1582 256 1 284 118
1583 256 1 508 237
1584 256 1 460 237
1585 256 1 415 237
1586 256 1 378 237
1587 256 1 348 237
1588 256 1 320 237
1589 256 1 293 237
1590 -1 1 293 182
1591 -1 1 293 71
1592 -1 0 293 142
1593 -1 0 293 284
1594 -1 1 293 275
1595 -1 1 293 257
1596 247 1 283 257
1597 256 1 262 257
1598 256 0 320 243
1599 -1 1 320 166
1600 247 1 309 166
1601 256 1 276 166
1602 256 1 488 333
1603 256 1 438 333
1604 256 1 397 333
1605 256 1 358 333
1606 256 0 496 97
1607 -1 0 496 194
1608 247 1 482 194
1609 256 1 417 194
1610 256 1 363 194
1611 256 1 320 194
1612 256 1 279 194
1613 256 1 494 389
1614 256 1 444 389
1615 256 1 403 389
1616 256 0 312 203
1617 -1 1 312 95
1618 247 1 304 95
1619 256 1 263 95
1620 256 1 448 190
1621 256 1 386 190
1622 256 1 335 190
1623 256 1 294 190
1624 256 1 262 190
1625 256 1 464 381
1626 256 1 416 381
1627 256 0 312 37
1628 -1 0 312 74
1629 247 1 304 74
1630 256 1 263 74
1631 256 1 448 148
1632 256 1 386 148
1633 256 1 335 148
1634 256 1 294 148
1635 256 1 262 148
1636 256 1 464 296
1637 256 1 416 296
1638 256 1 377 296
1639 256 1 346 296
1640 256 1 316 296
1641 256 0 368 50
1642 -1 0 368 101
1643 247 1 359 101
1644 256 1 314 101
1645 256 1 279 101
1646 256 1 492 203
1647 256 1 439 203
1648 256 1 396 203
1649 256 1 355 203
1650 256 1 322 203
1651 256 1 291 203
1652 256 1 267 203
1653 256 1 488 407
1654 256 1 451 407
1655 256 1 416 407
1656 256 0 464 320
1657 -1 1 464 177
1658 247 1 452 177
1659 256 1 396 177
1660 256 1 350 177
1661 256 1 313 177
1662 256 1 284 177
1663 256 1 257 177
1664 256 1 462 355
1665 256 1 421 355
1666 256 1 388 355
1667 256 1 356 355
1668 256 0 416 402
1669 -1 1 416 388
1670 247 1 406 388
1671 256 0 408 268
1672 -1 1 408 128
1673 247 1 399 128
1674 256 1 330 128
1675 256 1 274 128
1676 256 1 462 257
1677 256 1 393 257
1678 256 1 337 257
1679 256 1 292 257
1680 256 0 280 4
1681 -1 0 280 8
1682 96 1 266 8
1683 134 1 440 16
1684 195 0 432 16
1685 135 1 389 16
1686 196 0 381 16
1687 136 1 350 16
1688 197 0 343 16
1689 137 1 278 16
1690 198 0 272 16
1691 138 1 474 33
1692 199 0 465 33
1693 139 1 393 33
1694 200 0 385 33
1695 140 1 510 66
1696 201 0 501 66
1697 141 1 421 66
1698 202 0 413 66
1699 142 1 340 66
1700 203 0 333 66
1701 143 1 268 66
1702 204 0 260 66
1703 144 1 424 133
1704 205 0 412 133
1705 145 1 312 133
1706 206 0 302 133
1707 146 1 480 267
1708 207 0 453 267
1709 147 1 303 267
1710 208 0 281 267
1711 148 0 448 340
1712 248 1 432 216
1713 252 1 407 216
1714 252 1 384 216
1715 252 1 362 216
1716 252 1 344 216
1717 252 1 327 216
1718 252 1 311 216
1719 252 1 299 216
1720 252 1 287 216
1721 252 1 276 216
1722 252 1 265 216
1723 252 1 510 432
1724 252 1 494 432
1725 252 1 479 432
1726 -1 1 479 385
1727 -1 1 479 292
1728 -1 1 479 106
1729 -1 0 479 212
1730 -1 0 479 425
1731 -1 1 479 371
1732 -1 1 479 264
1733 -1 1 479 50
1734 247 1 469 50
1735 253 1 380 50
1736 253 1 318 50
1737 253 1 270 50
1738 253 1 448 101
1739 253 1 376 101
1740 253 1 326 101
1741 253 1 278 101
1742 253 1 482 203
1743 253 1 423 203
1744 253 1 375 203
1745 253 1 336 203
1746 253 1 299 203
1747 253 1 270 203
1748 -1 1 270 136
1749 -1 1 270 2
1750 -1 0 270 5
1751 -1 0 270 11
1752 -1 0 270 22
1753 -1 0 270 44
1754 247 1 264 44
1755 254 1 396 89
1756 254 1 306 89
1757 254 1 494 179
1758 254 1 400 179
1759 254 1 323 179
1760 254 1 261 179
1761 254 1 426 358
1762 254 1 360 358
1763 254 0 424 415
1764 -1 1 424 407
1765 247 1 416 407
1766 255 0 304 175
1767 -1 1 304 46
1768 247 1 298 46
1769 256 1 500 93
1770 256 1 424 93
1771 256 1 361 93
1772 256 1 311 93
1773 256 1 272 93
1774 256 1 470 187
1775 256 1 411 187
1776 256 1 363 187
1777 256 1 324 187
1778 256 1 287 187
1779 256 1 258 187
1780 256 1 462 375
1781 256 1 419 375
1782 -1 1 419 332
1783 -1 1 419 245
1784 -1 1 419 72
1785 -1 0 419 144
1786 -1 0 419 288
1787 -1 1 419 157
1788 -1 0 419 315
1789 -1 1 419 211
1790 247 1 411 211
1791 256 1 376 211
1792 256 1 348 211
1793 256 1 321 211
1794 256 1 295 211
1795 256 1 275 211
1796 256 1 256 211
1797 256 1 476 423
1798 256 1 448 423
1799 256 0 432 40
1800 -1 0 432 81
1801 247 1 424 81
1802 256 1 381 81
1803 256 1 346 81
1804 256 1 313 81
1805 256 1 287 81
1806 256 1 263 81
1807 256 1 480 163
1808 256 1 443 163
1809 256 1 413 163
1810 256 1 384 163
1811 256 1 357 163
1812 256 1 335 163
1813 256 1 314 163
1814 256 1 298 163
1815 -1 1 298 29
1816 -1 0 298 58
1817 -1 0 298 117
1818 -1 0 298 235
1819 247 1 292 235
1820 256 1 277 235
1821 256 1 263 235
1822 256 1 498 471
1823 256 1 476 471
1824 256 0 336 259
1825 -1 1 336 182
1826 247 1 329 182
1827 256 1 298 182
1828 256 1 274 182
1829 256 1 502 365
1830 256 1 465 365
1831 256 1 430 365
1832 256 1 401 365
1833 256 1 374 365
1834 256 0 352 214
1835 -1 1 352 76
1836 247 1 345 76
1837 256 1 306 76
1838 256 1 276 76
1839 256 1 494 153
1840 256 1 449 153
1841 256 1 406 153
1842 256 1 371 153
1843 256 1 343 153
1844 256 1 316 153
1845 256 1 295 153
1846 256 1 275 153
1847 256 1 256 153
1848 256 1 476 307
1849 256 1 448 307
1850 -1 1 448 167
1851 -1 0 448 334
1852 -1 1 448 220
1853 -1 0 448 441
1854 247 0 288 85
1855 -1 0 288 170
1856 247 1 268 170
1857 256 1 504 341
1858 256 1 479 341
1859 256 1 455 341
1860 256 1 432 341
1861 256 1 413 341
1862 256 1 395 341
1863 256 1 378 341
1864 256 1 364 341
1865 256 1 351 341
1866 256 0 384 93
1867 -1 0 384 187
1868 247 1 357 187
1869 256 1 327 187
1870 256 1 299 187
1871 256 1 277 187
1872 256 1 256 187
1873 256 1 472 374
1874 256 1 441 374
1875 256 1 415 374
1876 256 1 390 374
1877 256 0 368 127
1878 -1 0 368 255
1879 247 1 346 255
1880 256 1 309 255
1881 256 1 280 255
1882 256 0 432 36
1883 -1 0 432 72
1884 247 1 407 72
1885 256 1 348 72
1886 256 1 300 72
1887 256 1 263 72
1888 256 1 456 145
1889 256 1 400 145
1890 256 1 354 145
1891 256 1 317 145
1892 256 1 288 145
1893 256 1 261 145
1894 256 1 470 291
1895 256 1 429 291
1896 256 1 396 291
1897 256 1 364 291
1898 -1 1 364 219
1899 -1 1 364 74
1900 -1 0 364 148
1901 -1 0 364 296
1902 -1 1 364 229
1903 -1 1 364 95
1904 96 1 347 95
1905 134 1 294 95
1906 195 0 288 95
1907 135 1 259 95
1908 196 0 506 191
1909 136 1 465 191
1910 197 0 456 191
1911 137 1 371 191
1912 198 0 364 191
1913 138 1 323 191
1914 199 0 316 191
1915 139 1 275 191
1916 200 0 269 191
1917 140 0 340 28
1918 141 1 284 28
1919 202 0 278 28
1920 142 1 460 57
1921 203 0 451 57
1922 143 1 366 57
1923 204 0 357 57
1924 144 1 301 57
1925 205 0 293 57
1926 145 1 454 115
1927 206 0 438 115
1928 146 1 352 115
1929 207 0 333 115
1930 147 1 458 230
1931 208 0 423 230
1932 148 1 328 230
1933 209 0 263 230
1934 248 1 256 190
1935 252 1 494 381
1936 252 1 480 381
1937 252 1 467 381
1938 252 1 455 381
1939 252 1 443 381
1940 252 1 433 381
1941 252 1 424 381
1942 252 1 415 381
1943 252 1 407 381
1944 252 1 399 381
1945 252 1 391 381
1946 252 1 383 381
1947 252 0 448 325
1948 -1 1 448 202
1949 247 1 421 202
1950 253 1 382 202
1951 253 1 351 202
1952 253 1 321 202
1953 253 1 293 202
1954 253 1 271 202
1955 253 1 500 404
1956 253 1 467 404
1957 253 1 436 404
1958 253 1 410 404
1959 253 0 400 318
1960 -1 1 400 237
1961 247 1 378 237
1962 254 1 309 237
1963 254 1 256 237
1964 254 0 408 260
1965 -1 1 408 113
1966 247 1 387 113
1967 255 1 348 113
1968 255 1 317 113
1969 255 1 293 113
1970 255 1 270 113
1971 255 1 496 226
1972 255 1 461 226
1973 255 1 428 226
1974 255 1 401 226
1975 255 1 375 226
1976 255 1 354 226
1977 255 1 334 226
1978 255 1 315 226
1979 255 1 301 226
1980 -1 1 301 151
1981 -1 1 301 1
1982 -1 0 301 3
1983 -1 0 301 7
1984 -1 0 301 15
1985 -1 0 301 30
1986 247 1 287 30
1987 256 1 266 30
1988 256 1 492 61
1989 256 1 461 61
1990 256 1 431 61
1991 256 1 406 61
1992 256 1 383 61
1993 256 1 364 61
1994 256 1 346 61
1995 256 1 329 61
1996 256 1 313 61
1997 256 1 301 61
1998 256 1 289 61
1999 256 1 278 61
2000 -1 0 278 122
2001 -1 0 278 244
2002 247 1 265 244
2003 256 1 508 489
2004 256 1 491 489
2005 256 0 256 225
2006 -1 1 256 194
2007 247 1 488 389
2008 256 1 449 389
2009 256 1 412 389
2010 256 0 480 121
2011 -1 0 480 243
2012 247 1 460 243
2013 256 1 401 243
2014 256 1 353 243
2015 256 1 314 243
2016 256 1 284 243
2017 256 1 510 487
2018 256 0 360 177
2019 -1 0 360 355
2020 247 0 448 313
2021 -1 1 448 178
2022 247 1 405 178
2023 256 1 346 178
2024 256 1 298 178
2025 256 1 261 178
2026 256 1 452 357
2027 256 1 396 357
2028 256 0 368 60
2029 -1 0 368 121
2030 247 1 338 121
2031 256 1 282 121
2032 256 1 478 242
2033 256 1 409 242
2034 256 1 353 242
2035 256 1 308 242
2036 256 1 273 242
2037 256 0 264 20
2038 -1 0 264 40
2039 247 1 482 80
2040 256 1 406 80
2041 256 1 343 80
2042 256 1 293 80
2043 256 1 508 160
2044 256 1 446 160
2045 256 1 395 160
2046 256 1 347 160
2047 256 1 308 160
2048 256 1 278 160
2049 256 1 498 320
2050 256 1 453 320
2051 256 1 410 320
2052 256 1 375 320
2053 -1 1 375 266
2054 -1 1 375 158
2055 -1 0 375 316
2056 -1 1 375 257
2057 -1 1 375 139
2058 -1 0 375 278
2059 247 1 348 278
2060 256 1 320 278
2061 256 1 293 278
2062 256 0 336 101
2063 -1 0 336 202
2064 247 1 310 202
2065 256 1 275 202
2066 256 1 484 405
2067 256 1 431 405
2068 256 0 344 138
2069 -1 0 344 277
2070 247 1 320 277
2071 256 0 424 82
2072 -1 0 424 165
2073 96 1 405 165
2074 134 1 346 165
2075 195 0 339 165
2076 135 1 306 165
2077 196 0 300 165
2078 136 1 277 165
2079 197 0 271 165
2080 137 1 446 331
2081 198 0 438 331
2082 138 1 392 331
2083 199 0 384 331
2084 139 0 448 26
2085 140 1 290 26
2086 201 0 284 26
2087 141 1 482 53
2088 202 0 473 53
2089 142 1 397 53
2090 203 0 389 53
2091 143 1 320 53
2092 204 0 311 53
2093 144 1 268 53
2094 205 0 260 53
2095 145 1 396 107
2096 206 0 383 107
2097 146 1 314 107
2098 207 0 300 107
2099 147 1 438 215
2100 208 0 409 215
2101 148 1 319 215
2102 209 0 268 215
2103 248 1 256 150
2104 252 1 472 301
2105 252 1 441 301
2106 252 1 415 301
2107 252 1 390 301
2108 252 1 367 301
2109 252 1 348 301
2110 252 1 330 301
2111 252 1 313 301
2112 252 0 416 32
2113 -1 0 416 65
2114 247 1 389 65
2115 253 1 346 65
2116 253 1 311 65
2117 253 1 284 65
2118 253 1 258 65
2119 253 1 468 130
2120 253 1 429 130
2121 253 1 397 130
2122 253 1 367 130
2123 253 1 343 130
2124 253 1 320 130
2125 253 1 298 130
2126 253 1 281 130
2127 253 1 265 130
2128 -1 0 265 261
2129 -1 1 265 258
2130 247 0 288 176
2131 -1 1 288 65
2132 247 1 256 65
2133 254 1 388 131
2134 254 1 302 131
2135 254 1 492 263
2136 254 1 403 263
2137 254 1 330 263
2138 254 1 271 263
2139 254 0 368 305
2140 -1 1 368 242
2141 247 1 331 242
2142 255 1 314 242
2143 255 1 301 242
2144 255 1 289 242
2145 255 1 277 242
2146 255 1 266 242
2147 255 1 510 484
2148 255 1 493 484
2149 255 0 256 122
2150 -1 0 256 244
2151 247 0 464 286
2152 -1 1 464 109
2153 247 1 395 109
2154 256 1 314 109
2155 256 1 261 109
2156 256 1 420 219
2157 256 1 351 219
2158 256 1 295 219
2159 256 1 504 438
2160 256 0 276 15
2161 -1 0 276 30
2162 247 1 474 60
2163 256 1 385 60
2164 256 1 312 60
2165 256 1 264 60
2166 256 1 436 121
2167 256 1 373 121
2168 256 1 323 121
2169 256 1 275 121
2170 256 1 476 242
2171 256 1 417 242
2172 256 1 369 242
2173 256 1 330 242
2174 256 1 293 242
2175 256 1 264 242
2176 -1 1 264 221
2177 -1 1 264 179
2178 -1 1 264 95
2179 -1 0 264 191
2180 -1 1 264 118
2181 -1 0 264 236
2182 -1 1 264 208
2183 -1 1 264 153
2184 247 1 454 306
2185 256 1 409 306
2186 256 1 372 306
2187 256 1 342 306
2188 256 1 314 306
2189 256 0 352 226
2190 -1 1 352 100
2191 247 1 309 100
2192 256 1 274 100
2193 256 1 482 200
2194 256 1 429 200
2195 256 1 386 200
2196 256 1 345 200
2197 256 1 312 200
2198 256 1 286 200
2199 256 1 262 200
2200 256 1 478 400
2201 256 1 441 400
2202 256 1 411 400
2203 256 0 464 298
2204 -1 1 464 132
2205 247 1 408 132
2206 256 1 360 132
2207 256 1 321 132
2208 256 1 284 132
2209 256 1 510 264
2210 256 1 465 264
2211 256 1 422 264
2212 256 1 387 264
2213 256 1 354 264
2214 256 1 327 264
2215 256 1 301 264
2216 256 1 281 264
2217 256 0 304 47
2218 -1 0 304 94
2219 247 1 272 94
2220 256 1 480 188
2221 256 1 430 188
2222 256 1 389 188
2223 256 1 350 188
2224 256 1 319 188
2225 256 1 295 188
2226 256 1 272 188
2227 256 1 500 376
2228 256 1 465 376
2229 256 1 432 376
2230 256 1 405 376
2231 256 1 379 376
2232 256 0 336 296
2233 -1 1 336 257
2234 247 1 299 257
2235 256 1 269 257
2236 256 0 464 277
2237 -1 1 464 91
2238 247 1 416 91
2239 256 1 357 91
2240 256 1 309 91
2241 256 1 272 91
2242 256 1 474 182
2243 256 1 418 182
2244 256 1 372 182
2245 256 1 335 182
2246 256 1 300 182
2247 256 1 273 182
2248 256 1 494 364
2249 256 1 453 364
2250 256 1 414 364
2251 256 1 382 364
2252 -1 1 382 346
2253 -1 1 382 310
2254 -1 1 382 239
2255 -1 1 382 97
2256 -1 0 382 195
2257 -1 1 382 9
2258 -1 0 382 18
2259 -1 0 382 36
2260 -1 0 382 73
2261 -1 0 382 147
2262 247 1 349 147
2263 256 1 323 147
2264 256 1 299 147
2265 256 1 280 147
2266 256 1 262 147
2267 256 1 490 295
2268 256 1 463 295
2269 256 1 438 295
2270 256 1 417 295
2271 256 1 397 295
2272 256 1 378 295
2273 256 1 363 295
2274 256 1 349 295
2275 256 1 335 295
2276 -1 1 335 256
2277 -1 1 335 178
2278 -1 1 335 21
2279 -1 0 335 43
2280 -1 0 335 86
2281 -1 0 335 172
2282 -1 1 335 9
2283 -1 0 335 19
2284 96 1 320 19
2285 134 1 272 19
2286 195 0 266 19
2287 135 1 480 39
2288 196 0 471 39
2289 136 1 434 39
2290 197 0 426 39
2291 137 1 360 39
2292 198 0 353 39
2293 138 1 316 39
2294 199 0 310 39
2295 139 1 257 39
2296 200 0 502 78
2297 140 1 352 78
2298 201 0 345 78
2299 141 1 295 78
2300 202 0 289 78
2301 142 1 492 156
2302 203 0 483 156
2303 143 1 407 156
2304 204 0 397 156
2305 144 1 338 156
2306 205 0 329 156
2307 145 1 257 156
2308 206 0 496 312
2309 146 1 407 312
2310 207 0 387 312
2311 147 0 444 145
2312 148 1 358 145
2313 209 0 299 145
2314 248 1 342 290
2315 252 1 309 290
2316 252 0 416 114
2317 -1 0 416 228
2318 247 1 379 228
2319 253 1 360 228
2320 253 1 342 228
2321 253 1 325 228
2322 253 1 309 228
2323 253 1 297 228
2324 253 1 285 228
2325 253 1 274 228
2326 253 1 263 228
2327 253 1 506 456
2328 253 1 490 456
2329 253 1 475 456
2330 253 1 461 456
2331 253 0 448 303
2332 -1 1 448 158
2333 247 1 407 158
2334 254 1 326 158
2335 254 1 261 158
2336 254 1 420 316
2337 254 1 351 316
2338 254 0 448 174
2339 -1 0 448 348
2340 247 1 409 348
2341 255 1 376 348
2342 255 1 349 348
2343 255 0 416 405
2344 -1 1 416 394
2345 247 0 256 81
2346 -1 0 256 163
2347 247 1 442 326
2348 256 1 427 326
2349 256 1 412 326
2350 256 1 398 326
2351 256 1 385 326
2352 256 1 373 326
2353 256 1 363 326
2354 256 1 354 326
2355 256 1 345 326
2356 256 1 336 326
2357 256 1 328 326
2358 256 0 256 213
2359 -1 1 256 170
2360 247 1 446 341
2361 256 1 416 341
2362 256 1 387 341
2363 256 1 360 341
2364 256 0 352 48
2365 -1 0 352 97
2366 247 1 313 97
2367 256 1 281 97
2368 256 1 502 195
2369 256 1 454 195
2370 256 1 409 195
2371 256 1 372 195
2372 256 1 342 195
2373 256 1 314 195
2374 256 1 292 195
2375 256 1 271 195
2376 256 1 502 391
2377 256 1 471 391
2378 256 1 441 391
2379 256 1 416 391
2380 -1 1 416 367
2381 -1 1 416 318
2382 -1 1 416 220
2383 -1 1 416 24
2384 -1 0 416 49
2385 -1 0 416 98
2386 -1 0 416 196
2387 -1 0 416 393
2388 -1 1 416 371
2389 -1 1 416 327
2390 247 1 373 327
2391 256 1 353 327
2392 256 1 334 327
2393 256 0 288 177
2394 -1 1 288 67
2395 247 1 259 67
2396 256 1 460 134
2397 256 1 415 134
2398 256 1 378 134
2399 256 1 348 134
2400 256 1 320 134
2401 256 1 293 134
2402 256 1 272 134
2403 256 1 504 269
2404 256 1 473 269
2405 256 1 443 269
2406 256 1 418 269
2407 256 1 395 269
2408 256 1 373 269
2409 -1 1 373 165
2410 -1 0 373 331
2411 -1 1 373 290
2412 -1 1 373 208
2413 247 1 340 208
2414 256 1 322 208
2415 256 1 305 208
2416 256 1 292 208
2417 256 1 280 208
2418 256 1 268 208
2419 256 1 257 208
2420 256 1 492 417
2421 256 1 475 417
2422 256 1 459 417
2423 256 1 444 417
2424 256 1 432 417
2425 256 1 420 417
2426 256 0 352 259
2427 -1 1 352 167
2428 247 1 321 167
2429 256 1 294 167
2430 256 1 273 167
2431 256 1 506 334
2432 256 1 475 334
2433 256 1 445 334
2434 256 1 420 334
2435 256 1 397 334
2436 256 1 375 334
2437 256 1 357 334
2438 256 1 340 334
2439 256 0 256 172
2440 -1 1 256 89
2441 247 1 464 178
2442 256 1 419 178
2443 256 1 382 178
2444 256 1 352 178
2445 256 1 324 178
2446 256 1 297 178
2447 256 1 276 178
2448 256 1 256 178
2449 256 1 474 356
2450 256 1 444 356
2451 256 1 419 356
2452 256 1 396 356
2453 256 1 374 356
2454 256 0 288 7
2455 -1 0 288 14
2456 247 1 265 14
2457 256 1 472 28
2458 256 1 427 28
2459 256 1 390 28
2460 256 1 355 28
2461 256 1 327 28
2462 256 1 300 28
2463 256 1 279 28
2464 256 1 259 28
2465 256 1 480 56
2466 256 1 450 56
2467 256 1 422 56
2468 256 1 399 56
2469 256 1 377 56
2470 -1 0 377 112
2471 -1 0 377 225
2472 247 1 350 225
2473 256 1 332 225
2474 256 1 315 225
2475 256 1 302 225
2476 256 1 290 225
2477 256 1 278 225
2478 256 1 267 225
2479 256 1 256 225
2480 256 1 492 451
2481 256 1 476 451
2482 256 1 461 451
2483 256 0 448 152
2484 -1 0 448 304
2485 96 1 428 304
2486 134 1 374 304
2487 195 0 367 304
2488 135 1 337 304
2489 196 0 330 304
2490 136 0 416 4
2491 137 1 353 4
2492 198 0 346 4
2493 138 1 311 4
2494 199 0 305 4
2495 139 1 508 9
2496 200 0 499 9
2497 140 1 357 9
2498 201 0 350 9
2499 141 1 302 9
2500 202 0 296 9
2501 142 1 510 19
2502 203 0 501 19
2503 143 1 429 19
2504 204 0 419 19
2505 144 1 363 19
2506 205 0 354 19
2507 145 1 285 19
2508 206 0 277 19
2509 146 1 452 39
2510 207 0 430 39
2511 147 1 300 39
2512 208 0 281 39
2513 148 1 450 78
2514 209 0 374 78
2515 248 1 414 157
2516 252 1 358 157
2517 252 1 313 157
2518 252 1 278 157
2519 252 1 490 314
2520 252 1 437 314
2521 252 1 394 314
2522 252 1 353 314
2523 252 1 320 314
2524 252 0 496 408
2525 -1 1 496 321
2526 247 1 461 321
2527 253 1 424 321
2528 253 1 394 321
2529 253 1 365 321
2530 253 1 342 321
2531 253 0 352 22
2532 -1 0 352 44
2533 247 1 328 44
2534 254 1 259 44
2535 254 1 412 88
2536 254 1 339 88
2537 254 1 280 88
2538 254 1 468 177
2539 254 1 396 177
2540 254 1 337 177
2541 254 1 289 177
2542 254 1 504 354
2543 254 1 445 354
2544 254 1 397 354
2545 254 0 368 27
2546 -1 0 368 54
2547 247 1 345 54
2548 255 1 302 54
2549 255 1 269 54
2550 255 1 474 109
2551 255 1 424 109
2552 255 1 383 109
2553 255 1 350 109
2554 255 1 319 109
2555 255 1 295 109
2556 255 1 272 109
2557 255 1 500 219
2558 255 1 465 219
2559 255 1 432 219
2560 255 1 405 219
2561 -1 1 405 33
2562 -1 0 405 67
2563 -1 0 405 135
2564 -1 0 405 271
2565 247 1 379 271
2566 256 1 351 271
2567 256 1 324 271
2568 256 1 298 271
2569 256 1 278 271
2570 256 0 304 202
2571 -1 1 304 101
2572 247 1 287 101
2573 256 1 510 202
2574 256 1 460 202
2575 256 1 412 202
2576 256 1 373 202
2577 256 1 342 202
2578 256 1 312 202
2579 256 1 289 202
2580 256 1 267 202
2581 256 1 492 404
2582 256 1 459 404
2583 256 1 428 404
2584 256 0 416 41
2585 -1 0 416 83
2586 247 1 393 83
2587 256 1 347 83
2588 256 1 310 83
2589 256 1 281 83
2590 256 1 508 167
2591 256 1 465 167
2592 256 1 424 167
2593 256 1 391 167
2594 256 1 359 167
2595 256 1 333 167
2596 256 1 309 167
2597 256 1 290 167
2598 256 1 272 167
2599 256 1 510 334
2600 -1 1 510 159
2601 -1 0 510 319
2602 -1 1 510 129
2603 -1 0 510 259
2604 247 1 485 259
2605 256 1 458 259
2606 256 1 433 259
2607 256 1 412 259
2608 256 1 392 259
2609 256 1 373 259
2610 256 1 358 259
2611 256 1 344 259
2612 256 1 330 259
2613 256 1 317 259
2614 256 1 307 259
2615 256 1 297 259
2616 256 1 288 259
2617 256 1 279 259
2618 -1 1 279 239
2619 -1 1 279 200
2620 -1 1 279 121
2621 -1 0 279 242
2622 -1 1 279 206
2623 -1 1 279 134
2624 -1 0 279 269
2625 -1 1 279 259
2626 247 1 265 259
2627 256 0 256 69
2628 -1 0 256 139
2629 247 1 484 279
2630 256 1 447 279
2631 256 1 417 279
2632 256 1 388 279
2633 256 1 361 279
2634 256 1 339 279
2635 256 1 318 279
2636 256 1 302 279
2637 256 1 287 279
2638 256 0 448 212
2639 -1 0 448 425
2640 247 1 426 425
2641 256 0 328 327
2642 -1 1 328 327
2643 247 0 480 473
2644 -1 1 480 466
2645 247 0 344 232
2646 -1 1 344 120
2647 247 1 296 120
2648 256 1 510 241
2649 256 1 445 241
2650 256 1 391 241
2651 256 1 340 241
2652 256 1 299 241
2653 256 1 267 241
2654 256 0 480 78
2655 -1 0 480 156
2656 247 1 418 156
2657 256 1 355 156
2658 256 1 305 156
2659 256 1 266 156
2660 256 1 458 313
2661 256 1 399 313
2662 256 1 351 313
2663 256 0 312 10
2664 -1 0 312 20
2665 96 1 301 20
2666 134 1 266 20
2667 195 0 260 20
2668 135 1 474 40
2669 196 0 465 40
2670 136 1 406 40
2671 197 0 398 40
2672 137 1 339 40
2673 198 0 332 40
2674 138 1 299 40
2675 199 0 293 40
2676 139 1 490 80
2677 200 0 481 80
2678 140 1 346 80
2679 201 0 339 80
2680 141 1 294 80
2681 202 0 288 80
2682 142 1 498 161
2683 203 0 489 161
2684 143 1 420 161
2685 204 0 411 161
2686 144 1 357 161
2687 205 0 349 161
2688 145 1 284 161
2689 206 0 276 161
2690 146 1 456 323
2691 207 0 435 323
2692 147 0 492 46
2693 148 1 403 46
2694 209 0 340 46
2695 248 1 364 92
2696 252 1 316 92
2697 252 1 279 92
2698 252 1 488 185
2699 252 1 432 185
2700 252 1 386 185
2701 252 1 343 185
2702 252 1 308 185
2703 252 1 281 185
2704 252 1 510 371
2705 252 1 469 371
2706 252 1 430 371
2707 252 1 398 371
2708 252 0 480 62
2709 -1 0 480 124
2710 247 1 421 124
2711 253 1 375 124
2712 253 1 338 124
2713 253 1 303 124
2714 253 1 276 124
2715 253 1 500 248
2716 253 1 459 248
2717 253 1 420 248
2718 253 1 388 248
2719 253 1 358 248
2720 253 1 334 248
2721 253 1 311 248
2722 253 1 293 248
2723 253 1 276 248
2724 -1 1 276 220
2725 -1 1 276 164
2726 -1 1 276 52
2727 -1 0 276 104
2728 -1 0 276 209
2729 -1 1 276 143
2730 -1 1 276 11
2731 -1 0 276 22
2732 247 1 486 44
2733 254 1 410 44
2734 254 1 347 44
2735 254 1 297 44
2736 254 1 258 44
2737 254 1 442 88
2738 254 1 391 88
2739 254 1 343 88
2740 254 1 304 88
2741 254 1 274 88
2742 254 1 490 177
2743 254 1 445 177
2744 254 1 408 177
2745 254 1 373 177
2746 -1 0 373 354
2747 -1 1 373 336
2748 247 0 312 21
2749 -1 0 312 43
2750 247 1 266 43
2751 255 1 496 86
2752 255 1 468 86
2753 255 1 441 86
2754 255 1 419 86
2755 255 1 398 86
2756 255 1 378 86
2757 255 1 362 86
2758 255 1 347 86
2759 255 1 333 86
2760 255 1 319 86
2761 255 1 308 86
2762 255 1 298 86
2763 255 1 288 86
2764 -1 0 288 172
2765 -1 1 288 56
2766 247 1 490 113
2767 256 1 414 113
2768 256 1 351 113
2769 256 1 301 113
2770 256 1 262 113
2771 256 1 450 227
2772 256 1 391 227
2773 256 1 343 227
2774 256 1 304 227
2775 256 1 274 227
2776 256 1 490 454
2777 256 0 360 73
2778 -1 0 360 146
2779 247 1 310 146
2780 256 1 269 146
2781 256 1 460 292
2782 256 1 398 292
2783 256 1 347 292
2784 256 1 306 292
2785 256 0 256 147
2786 -1 1 256 38
2787 247 1 434 76
2788 256 1 368 76
2789 256 1 315 76
2790 256 1 274 76
2791 256 1 470 152
2792 256 1 408 152
2793 256 1 357 152
2794 256 1 316 152
2795 256 1 284 152
2796 256 1 508 305
2797 256 1 460 305
2798 256 1 415 305
2799 256 1 378 305
2800 256 1 348 305
2801 -1 1 348 262
2802 -1 1 348 177
2803 -1 1 348 7
2804 -1 0 348 14
2805 -1 0 348 29
2806 -1 0 348 59
2807 -1 0 348 118
2808 -1 0 348 236
2809 247 1 303 236
2810 256 1 280 236
2811 256 1 258 236
2812 256 1 474 473
2813 256 0 264 256
2814 -1 1 264 249
2815 247 0 280 166
2816 -1 1 280 53
2817 247 1 464 107
2818 256 1 408 107
2819 256 1 362 107
2820 256 1 325 107
2821 256 1 290 107
2822 256 1 263 107
2823 256 1 474 215
2824 256 1 433 215
2825 256 1 400 215
2826 256 1 368 215
2827 256 1 342 215
2828 256 1 318 215
2829 256 1 299 215
2830 256 1 281 215
2831 -1 1 281 149
2832 -1 1 281 17
2833 -1 0 281 34
2834 -1 0 281 69
2835 -1 0 281 139
2836 -1 0 281 279
2837 247 0 368 358
2838 -1 1 368 348
2839 247 0 276 199
2840 -1 1 276 123
2841 247 1 420 246
2842 256 1 395 246
2843 256 1 372 246
2844 256 1 353 246
2845 256 1 335 246
2846 256 1 318 246
2847 256 1 305 246
2848 256 1 293 246
2849 256 1 281 246
2850 256 1 270 246
2851 256 1 259 246
2852 256 1 498 492
2853 256 0 256 165
2854 -1 1 256 74
2855 247 1 388 149
2856 256 1 355 149
2857 256 1 328 149
2858 256 1 302 149
2859 256 1 282 149
2860 256 1 263 149
2861 256 1 490 298
2862 256 1 462 298
2863 256 1 435 298
2864 256 1 413 298
2865 256 1 392 298
2866 256 1 372 298
2867 256 1 356 298
2868 256 1 341 298
2869 -1 1 341 255
2870 -1 1 341 170
2871 -1 1 341 0
2872 -1 0 341 0
2873 -1 0 341 0
2874 -1 0 341 1
2875 -1 0 341 3
2876 -1 0 341 7
2877 96 1 328 7
2878 134 1 287 7
2879 195 0 281 7
2880 135 1 259 7
2881 196 0 506 14
2882 136 1 450 14
2883 197 0 441 14
2884 137 1 385 14
2885 198 0 377 14
2886 138 1 346 14
2887 199 0 339 14
2888 139 1 283 14
2889 200 0 277 14
2890 140 1 400 28
2891 201 0 392 28
2892 141 1 341 28
2893 202 0 334 28
2894 142 1 289 28
2895 203 0 283 28
2896 143 1 488 57
2897 204 0 478 57
2898 144 1 419 57
2899 205 0 410 57
2900 145 1 337 57
2901 206 0 328 57
2902 146 1 272 57
2903 207 0 260 57
2904 147 1 330 115
2905 208 0 308 115
2906 148 1 257 115
2907 209 0 432 231
2908 248 1 508 462
2909 252 0 472 108
2910 -1 0 472 217
2911 247 1 373 217
2912 253 1 353 217
2913 253 1 334 217
2914 253 1 316 217
2915 253 1 302 217
2916 253 1 289 217
2917 253 1 277 217
2918 253 1 265 217
2919 253 1 508 434
2920 253 1 490 434
2921 253 1 473 434
2922 253 1 457 434
2923 253 1 442 434
2924 253 0 384 149
2925 -1 0 384 298
2926 247 1 303 298
2927 254 0 368 300
2928 -1 1 368 233
2929 247 1 303 233
2930 255 1 294 233
2931 255 1 285 233
2932 255 1 277 233
2933 255 1 269 233
2934 255 1 262 233
2935 255 1 510 467
2936 255 1 499 467
2937 255 1 488 467
2938 255 1 478 467
2939 255 1 469 467
2940 255 0 288 225
2941 -1 1 288 163
2942 247 1 474 327
2943 256 1 454 327
2944 256 1 435 327
2945 256 1 420 327
2946 256 1 405 327
2947 256 1 391 327
2948 256 1 378 327
2949 256 1 367 327
2950 256 1 357 327
2951 256 1 348 327
2952 256 1 339 327
2953 256 1 330 327
2954 256 0 256 182
2955 -1 1 256 108
2956 247 1 416 216
2957 256 1 386 216
2958 256 1 357 216
2959 256 1 334 216
2960 256 1 312 216
2961 256 1 295 216
2962 256 1 279 216
2963 256 1 264 216
2964 256 1 500 433
2965 256 1 477 433
2966 256 1 455 433
2967 256 1 434 433
2968 256 0 272 264
2969 -1 1 272 256
2970 247 0 368 245
2971 -1 1 368 122
2972 247 1 299 122
2973 256 1 273 122
2974 256 1 498 245
2975 256 1 459 245
2976 256 1 422 245
2977 256 1 392 245
2978 256 1 363 245
2979 256 1 340 245
2980 256 1 318 245
2981 256 1 301 245
2982 256 1 285 245
2983 256 1 270 245
2984 256 1 256 245
2985 256 0 448 111
2986 -1 0 448 223
2987 247 1 359 223
2988 256 1 326 223
2989 256 1 295 223
2990 256 1 271 223
2991 256 1 496 447
2992 256 1 459 447
2993 256 0 280 187
2994 -1 1 280 95
2995 247 1 458 190
2996 256 1 399 190
2997 256 1 351 190
2998 256 1 312 190
2999 256 1 282 190
3000 256 1 506 381
3001 256 1 461 381
3002 256 1 418 381
3003 256 1 383 381
3004 256 0 448 430
3005 -1 1 448 412
3006 247 0 320 177
3007 -1 1 320 35
3008 247 1 488 70
3009 256 1 426 70
3010 256 1 375 70
3011 256 1 334 70
3012 256 1 295 70
3013 256 1 265 70
3014 256 1 472 140
3015 256 1 427 140
3016 256 1 390 140
3017 256 1 355 140
3018 256 1 327 140
3019 256 1 300 140
3020 256 1 279 140
3021 256 1 259 140
3022 -1 1 259 22
3023 -1 0 259 45
3024 -1 0 259 91
3025 -1 0 259 183
3026 247 1 400 366
3027 256 1 373 366
3028 256 0 352 252
3029 -1 1 352 153
3030 247 1 283 153
3031 256 1 502 306
3032 256 1 452 306
3033 256 1 404 306
3034 256 1 365 306
3035 256 1 334 306
3036 256 0 480 46
3037 -1 0 480 92
3038 247 1 391 92
3039 256 1 337 92
3040 256 1 294 92
3041 256 1 261 92
3042 256 1 458 185
3043 256 1 408 185
3044 256 1 367 185
3045 256 1 334 185
3046 256 1 303 185
3047 256 1 279 185
3048 256 1 256 185
3049 256 1 468 370
3050 256 1 433 370
3051 256 1 404 370
3052 -1 1 404 336
3053 -1 1 404 269
3054 -1 1 404 135
3055 -1 0 404 271
3056 -1 1 404 138
3057 -1 0 404 276
3058 -1 1 404 149
3059 -1 0 404 299
3060 247 1 331 299
3061 256 1 308 299
3062 256 0 288 145
3063 -1 1 288 3
3064 96 1 278 3
3065 134 1 492 6
3066 195 0 483 6
3067 135 1 448 6
3068 196 0 439 6
3069 136 1 393 6
3070 197 0 385 6
3071 137 1 331 6
3072 198 0 324 6
3073 138 1 294 6
3074 199 0 288 6
3075 139 1 490 13
3076 200 0 481 13
3077 140 1 359 13
3078 201 0 352 13
3079 141 1 311 13
3080 202 0 305 13
3081 142 1 270 13
3082 203 0 264 13
3083 143 1 454 26
3084 204 0 445 26
3085 144 1 397 26
3086 205 0 388 26
3087 145 1 319 26
3088 206 0 312 26
3089 146 1 269 26
3090 207 0 258 26
3091 147 1 336 53
3092 208 0 315 53
3093 148 1 267 53
3094 209 0 456 106
3095 248 1 261 106
3096 252 1 426 213
3097 252 1 360 213
3098 252 1 307 213
3099 252 1 266 213
3100 252 1 454 426
3101 252 0 496 276
3102 -1 1 496 56
3103 247 1 416 56
3104 253 1 383 56
3105 253 1 356 56
3106 253 1 330 56
3107 253 1 306 56
3108 253 1 287 56
3109 253 1 269 56
3110 253 1 504 112
3111 253 1 477 112
3112 253 1 452 112
3113 253 1 428 112
3114 253 1 408 112
3115 253 1 389 112
3116 253 1 371 112
3117 -1 0 371 225
3118 -1 1 371 79
3119 247 1 315 79
3120 254 1 278 79
3121 254 1 486 159
3122 254 1 430 159
3123 254 1 384 159
3124 254 1 341 159
3125 254 1 306 159
3126 254 1 279 159
3127 254 1 506 319
3128 254 1 465 319
3129 254 1 426 319
3130 254 1 394 319
3131 254 1 364 319
3132 254 1 340 319
3133 -1 1 340 299
3134 -1 1 340 259
3135 -1 1 340 178
3136 -1 1 340 17
3137 -1 0 340 35
3138 -1 0 340 70
3139 -1 0 340 141
3140 -1 0 340 283
3141 -1 1 340 226
3142 -1 1 340 113
3143 247 1 287 113
3144 255 1 267 113
3145 255 1 496 226
3146 255 1 466 226
3147 255 1 438 226
3148 255 1 415 226
3149 255 1 393 226
3150 255 1 372 226
3151 255 1 355 226
3152 255 1 339 226
3153 255 1 324 226
3154 255 1 310 226
3155 255 1 299 226
3156 255 1 288 226
3157 -1 1 288 165
3158 -1 1 288 42
3159 -1 0 288 85
3160 -1 0 288 171
3161 -1 1 288 55
3162 -1 0 288 110
3163 247 1 494 220
3164 256 1 441 220
3165 256 1 398 220
3166 256 1 357 220
3167 256 1 324 220
3168 256 1 293 220
3169 256 1 269 220
3170 256 1 492 441
3171 256 1 455 441
3172 256 0 280 168
3173 -1 1 280 56
3174 247 1 482 112
3175 256 1 423 112
3176 256 1 375 112
3177 256 1 336 112
3178 256 1 299 112
3179 256 1 270 112
3180 256 1 486 225
3181 256 1 443 225
3182 256 1 408 225
3183 256 1 375 225
3184 256 1 348 225
3185 256 1 322 225
3186 256 1 298 225
3187 256 1 279 225
3188 -1 1 279 171
3189 -1 1 279 64
3190 -1 0 279 128
3191 -1 0 279 257
3192 -1 1 279 235
3193 -1 1 279 191
3194 247 1 484 383
3195 256 1 454 383
3196 256 1 426 383
3197 256 1 403 383
3198 256 0 352 47
3199 -1 0 352 95
3200 247 1 309 95
3201 256 1 279 95
3202 256 1 500 190
3203 256 1 455 190
3204 256 1 412 190
3205 256 1 377 190
3206 256 1 349 190
3207 256 1 322 190
3208 256 1 296 190
3209 256 1 276 190
3210 256 1 257 190
3211 256 1 478 380
3212 256 1 450 380
3213 256 1 423 380
3214 -1 1 423 338
3215 -1 1 423 254
3216 -1 1 423 86
3217 -1 0 423 173
3218 -1 0 423 347
3219 -1 1 423 272
3220 -1 1 423 122
3221 -1 0 423 244
3222 247 1 375 244
3223 256 1 356 244
3224 256 1 338 244
3225 256 1 321 244
3226 256 1 305 244
3227 256 1 293 244
3228 256 1 281 244
3229 256 1 270 244
3230 256 1 259 244
3231 256 1 498 488
3232 256 0 256 103
3233 -1 0 256 207
3234 247 1 448 414
3235 256 0 312 43
3236 -1 0 312 86
3237 247 1 282 86
3238 256 1 490 173
3239 256 1 431 173
3240 256 1 383 173
3241 256 1 344 173
3242 256 1 307 173
3243 256 1 278 173
3244 256 1 502 346
3245 256 1 459 346
3246 256 1 418 346
3247 256 1 385 346
3248 256 1 353 346
3249 256 0 416 319
3250 -1 1 416 222
3251 247 1 375 222
3252 256 1 332 222
3253 256 1 291 222
3254 256 1 259 222
3255 256 1 458 445
3256 256 0 384 283
3257 -1 1 384 183
3258 247 1 345 183
3259 256 1 295 183
3260 256 1 256 183
3261 256 1 438 367
3262 256 1 387 367
3263 256 0 384 229
3264 -1 1 384 75
3265 247 1 347 75
3266 256 1 291 75
3267 256 1 496 150
3268 256 1 427 150
3269 256 1 371 150
3270 256 1 326 150
3271 256 1 283 150
3272 256 1 500 301
3273 256 1 447 301
3274 256 1 404 301
3275 256 1 363 301
3276 256 1 330 301
3277 256 0 496 43
3278 -1 0 496 87
3279 247 1 455 87
3280 256 1 390 87
3281 256 1 336 87
3282 256 1 293 87
3283 256 1 260 87
3284 256 1 456 175
3285 256 1 406 175
3286 256 1 365 175
3287 256 1 332 175
3288 256 1 301 175
3289 256 1 277 175
3290 256 1 508 351
3291 256 1 471 351
3292 256 1 436 351
3293 -1 1 436 266
3294 -1 1 436 96
3295 -1 0 436 193
3296 -1 0 436 387
3297 -1 1 436 339
3298 -1 1 436 243
3299 247 1 403 243
3300 256 1 374 243
3301 256 1 351 243
3302 256 1 329 243
3303 256 1 308 243
3304 256 1 292 243
3305 256 1 277 243
3306 256 1 263 243
3307 256 1 498 487
3308 256 0 352 179
3309 -1 1 352 7
3310 100 1 335 7
3311 149 1 300 7
3312 210 0 285 7
3313 150 1 478 14
3314 211 0 443 14
3315 151 1 402 14
3316 212 0 325 14
3317 258 1 334 29
3318 262 1 460 59
3319 262 1 325 59
3320 262 1 462 118
3321 262 1 340 118
3322 262 1 510 236
3323 262 1 400 236
3324 262 1 310 236
3325 262 1 502 472
3326 262 0 376 257
3327 -1 1 376 139
3328 257 1 323 139
3329 263 1 261 139
3330 263 1 426 279
3331 263 1 360 279
3332 263 1 307 279
3333 263 0 328 104
3334 -1 0 328 209
3335 257 1 278 209
3336 264 1 470 419
3337 264 0 276 74
3338 -1 0 276 149
3339 257 1 474 298
3340 265 1 437 298
3341 265 1 407 298
3342 265 1 378 298
3343 265 1 355 298
3344 265 1 333 298
3345 265 1 312 298
3346 265 0 256 32
3347 -1 0 256 64
3348 100 1 486 128
3349 149 1 441 128
3350 210 0 420 128
3351 150 1 357 128
3352 211 0 333 128
3353 151 1 300 128
3354 212 0 498 257
3355 258 1 293 257
3356 262 0 264 122
3357 -1 0 264 244
3358 257 0 296 139
3359 -1 0 296 278
3360 257 0 384 245
3361 -1 1 384 106
3362 257 1 294 106
3363 263 1 482 213
3364 263 1 397 213
3365 263 1 328 213
3366 263 1 272 213
3367 263 1 458 426
3368 263 0 276 150
3369 -1 1 276 24
3370 104 1 259 24
3371 152 1 318 49
3372 213 0 306 49
3373 153 1 432 98
3374 214 0 402 98
3375 154 1 410 196
3376 215 0 381 196
3377 155 1 478 393
3378 216 0 435 393
3379 156 1 338 254
3380 217 0 297 254
3381 157 1 420 251
3382 218 0 364 251
3383 158 1 334 108
3384 219 0 291 108
3385 159 1 326 217
3386 220 0 508 434
3387 160 1 316 169
3388 221 0 432 339
3389 161 1 320 134
3390 222 0 340 268
3391 162 0 352 208
3392 163 1 420 417
3393 224 0 400 388
3394 164 1 394 370
3395 225 0 400 305
3396 165 1 319 305
3397 226 0 384 173
3398 267 0 351 173
3399 -1 0 351 346
3400 268 1 260 241
3401 271 1 464 389
3402 271 1 432 283
3403 271 1 394 97
3404 271 0 372 194
3405 -1 1 372 16
3406 266 1 500 32
3407 272 1 325 32
3408 272 1 406 65
3409 272 1 269 65
3410 272 1 358 131
3411 272 1 508 263
3412 272 1 373 263
3413 272 1 279 263
3414 272 0 292 231
3415 -1 1 292 171
3416 266 1 394 343
3417 273 0 468 264
3418 -1 1 468 60
3419 266 1 318 60
3420 274 1 498 121
3421 274 1 388 121
3422 274 1 298 121
3423 274 1 478 242
3424 274 1 384 242
3425 274 1 307 242
3426 274 1 256 242
3427 274 0 384 274
3428 -1 1 384 164
3429 266 1 261 164
3430 275 1 420 329
3431 275 1 351 329
3432 275 0 448 273
3433 -1 1 448 99
3434 266 1 313 99
3435 275 1 257 99
3436 275 1 408 199
3437 275 1 335 199
3438 275 1 276 199
3439 275 1 460 398
3440 275 0 288 43
3441 -1 0 288 87
3442 266 1 422 175
3443 275 1 341 175
3444 275 1 276 175
3445 275 1 450 350
3446 275 1 370 350
3447 275 0 448 293
3448 -1 1 448 139
3449 266 1 326 139
3450 275 1 257 139
3451 275 1 408 279
3452 275 1 335 279
3453 275 0 472 29
3454 -1 0 472 59
3455 266 1 356 59
3456 275 1 280 59
3457 275 1 442 119
3458 275 1 361 119
3459 275 1 296 119
3460 275 1 490 238
3461 275 1 410 238
3462 275 1 344 238
3463 275 1 291 238
3464 275 1 500 477
3465 275 0 260 169
3466 -1 1 260 79
3467 266 1 388 158
3468 275 1 311 158
3469 275 1 260 158
3470 275 1 424 316
3471 275 1 358 316
3472 275 0 424 91
3473 -1 0 424 182
3474 266 1 334 182
3475 275 1 265 182
3476 275 1 424 365
3477 275 0 292 57
3478 -1 0 292 114
3479 266 1 466 229
3480 275 1 362 229
3481 275 1 290 229
3482 275 1 468 459
3483 275 0 356 323
3484 -1 1 356 290
3485 266 0 276 13
3486 -1 0 276 27
3487 104 1 260 27
3488 152 1 330 54
3489 213 0 316 54
3490 153 1 462 108
3491 214 0 429 108
3492 154 1 484 216
3493 215 0 453 216
3494 155 1 268 216
3495 216 0 488 432
3496 156 1 432 320
3497 217 0 386 320
3498 157 1 338 206
3499 218 0 293 206
3500 158 1 256 83
3501 219 0 446 166
3502 159 1 259 166
3503 220 0 406 332
3504 160 1 304 156
3505 221 0 418 313
3506 161 1 338 128
3507 222 0 392 256
3508 162 1 416 144
3509 223 0 476 288
3510 163 1 291 288
3511 224 0 324 314
3512 164 1 352 332
3513 225 0 396 316
3514 165 1 319 316
3515 226 0 296 274
3516 267 1 352 6
3517 271 0 370 12
3518 -1 0 370 24
3519 266 1 290 24
3520 272 1 418 48
3521 272 1 307 48
3522 272 1 468 97
3523 272 1 352 97
3524 272 1 272 97
3525 272 1 420 195
3526 272 1 334 195
3527 272 1 265 195
3528 272 1 424 391
3529 272 0 292 163
3530 -1 1 292 35
3531 266 1 460 71
3532 273 1 310 71
3533 273 1 450 142
3534 273 1 315 142
3535 273 1 476 284
3536 273 1 354 284
3537 273 0 340 60
3538 -1 0 340 120
3539 266 1 268 120
3540 274 1 412 241
3541 274 1 326 241
3542 274 1 257 241
3543 274 0 424 296
3544 -1 1 424 168
3545 266 1 343 168
3546 275 1 263 168
3547 275 1 402 336
3548 275 0 344 80
3549 -1 0 344 160
3550 266 1 279 160
3551 275 1 412 321
3552 275 0 400 39
3553 -1 0 400 79
3554 266 1 327 79
3555 275 1 456 159
3556 275 1 328 159
3557 275 1 478 318
3558 275 1 362 318
3559 275 0 320 145
3560 -1 0 320 291
3561 266 0 472 240
3562 -1 1 472 9
3563 266 1 368 9
3564 275 1 274 9
3565 275 1 402 18
3566 275 1 302 18
3567 275 1 472 37
3568 275 1 368 37
3569 275 1 296 37
3570 275 1 480 75
3571 275 1 391 75
3572 275 1 318 75
3573 275 1 270 75
3574 275 1 448 151
3575 275 1 376 151
3576 275 1 326 151
3577 -1 0 326 302
3578 -1 1 326 278
3579 266 0 288 97
3580 -1 0 288 194
3581 266 1 430 389
3582 275 0 448 124
3583 -1 0 448 248
3584 266 1 332 248
3585 275 1 267 248
3586 275 0 408 262
3587 -1 1 408 117
3588 266 1 313 117
3589 275 1 502 234
3590 275 1 403 234
3591 275 1 322 234
3592 275 1 257 234
3593 275 0 408 229
3594 -1 1 408 51
3595 266 1 318 51
3596 275 1 256 51
3597 275 1 394 102
3598 275 1 313 102
3599 275 1 260 102
3600 275 1 418 204
3601 275 1 349 204
3602 275 1 293 204
3603 275 1 500 409
3604 275 1 431 409
3605 275 0 448 276
3606 -1 1 448 105
3607 266 1 349 105
3608 275 1 284 105
3609 275 1 466 210
3610 275 1 386 210
3611 275 1 320 210
3612 275 1 267 210
3613 275 1 452 420
3614 275 0 260 134
3615 -1 1 260 9
3616 104 1 490 19
3617 152 1 340 19
3618 213 0 326 19
3619 153 1 454 39
3620 214 0 423 39
3621 154 1 490 78
3622 215 0 460 78
3623 155 1 285 78
3624 216 0 262 78
3625 156 0 268 157
3626 157 1 256 35
3627 218 0 442 70
3628 158 1 468 141
3629 219 0 415 141
3630 159 1 474 282
3631 220 0 385 282
3632 160 1 338 133
3633 221 0 456 266
3634 161 1 432 52
3635 222 0 272 52
3636 162 1 288 104
3637 223 0 344 209
3638 163 1 432 418
3639 224 0 260 233
3640 164 0 256 203
3641 165 1 410 406
3642 226 0 276 261
3643 267 1 280 165
3644 271 1 256 27
3645 271 0 256 54
3646 -1 0 256 109
3647 266 1 400 219
3648 272 1 310 219
3649 272 1 502 439
3650 272 0 376 126
3651 -1 0 376 253
3652 266 1 311 253
3653 273 0 324 93
3654 -1 0 324 187
3655 266 1 262 187
3656 274 1 392 375
3657 274 0 360 294
3658 -1 1 360 229
3659 266 1 301 229
3660 275 1 496 459
3661 275 0 340 193
3662 -1 1 340 47
3663 266 1 284 47
3664 275 1 444 95
3665 275 1 358 95
3666 275 1 289 95
3667 275 1 472 191
3668 275 1 387 191
3669 275 1 318 191
3670 275 1 272 191
3671 275 1 458 383
3672 275 1 389 383
3673 275 0 448 400
3674 -1 1 448 352
3675 266 1 376 352
3676 275 0 260 165
3677 -1 1 260 70
3678 266 1 438 140
3679 275 1 343 140
3680 275 1 267 140
3681 275 1 416 280
3682 275 1 335 280
3683 275 0 260 43
3684 -1 0 260 87
3685 266 1 442 175
3686 275 1 347 175
3687 275 1 271 175
3688 275 1 424 351
3689 275 0 324 32
3690 -1 0 324 64
3691 266 1 279 64
3692 275 1 426 128
3693 275 1 336 128
3694 275 1 264 128
3695 275 1 416 256
3696 275 1 339 256
3697 275 1 277 256
3698 275 0 384 222
3699 -1 1 384 60
3700 266 1 333 60
3701 275 1 257 60
3702 275 1 396 120
3703 275 1 315 120
3704 275 1 262 120
3705 275 1 422 241
3706 275 1 353 241
3707 275 1 297 241
3708 275 1 508 482
3709 275 0 276 174
3710 -1 1 276 72
3711 266 1 486 144
3712 275 1 397 144
3713 275 1 324 144
3714 275 1 265 144
3715 275 1 438 289
3716 275 1 375 289
3717 275 1 325 289
3718 275 0 384 103
3719 -1 0 384 206
3720 266 1 338 206
3721 275 1 273 206
3722 275 1 444 413
3723 275 0 276 153
3724 -1 1 276 30
3725 104 1 262 30
3726 152 1 354 61
3727 213 0 341 61
3728 153 1 494 123
3729 214 0 464 123
3730 154 1 269 123
3731 215 0 504 247
3732 155 1 338 247
3733 216 0 311 247
3734 156 1 256 129
3735 217 0 452 258
3736 157 1 454 67
3737 218 0 398 67
3738 158 1 402 134
3739 219 0 359 134
3740 159 1 434 269
3741 220 0 361 269
3742 160 1 316 133
3743 221 0 462 267
3744 161 1 454 64
3745 222 0 279 64
3746 162 1 302 128
3747 223 0 382 256
3748 163 1 260 256
3749 224 0 400 386
3750 164 1 416 389
3751 225 0 260 206
3752 165 1 424 412
3753 226 0 360 314
3754 267 1 472 107
3755 271 0 256 107
3756 -1 0 256 215
3757 266 1 452 431
3758 272 0 440 357
3759 -1 1 440 275
3760 266 1 399 275
3761 273 0 260 13
3762 -1 0 260 27
3763 266 1 466 55
3764 274 1 344 55
3765 274 1 259 55
3766 274 1 386 110
3767 274 1 296 110
3768 274 1 474 220
3769 274 1 380 220
3770 274 1 315 220
3771 274 1 264 220
3772 274 0 384 38
3773 -1 0 384 77
3774 266 1 347 77
3775 275 1 271 77
3776 275 1 424 154
3777 275 1 343 154
3778 275 1 278 154
3779 275 1 454 309
3780 275 1 374 309
3781 275 1 318 309
3782 275 0 344 277
3783 -1 1 344 211
3784 266 1 314 211
3785 275 1 258 211
3786 275 0 424 53
3787 -1 0 424 107
3788 266 1 391 107
3789 275 1 296 107
3790 275 1 468 214
3791 275 1 369 214
3792 275 1 300 214
3793 275 1 494 428
3794 275 0 340 78
3795 -1 0 340 157
3796 266 1 313 157
3797 275 1 502 315
3798 275 1 403 315
3799 275 1 322 315
3800 275 0 260 235
3801 -1 1 260 210
3802 266 1 478 420
3803 275 0 440 208
3804 -1 0 440 416
3805 266 0 464 85
3806 -1 0 464 171
3807 266 1 408 171
3808 275 1 297 171
3809 275 1 448 342
3810 275 0 464 43
3811 -1 0 464 87
3812 266 1 411 87
3813 275 1 294 87
3814 275 1 434 174
3815 275 1 329 174
3816 275 1 488 349
3817 275 1 378 349
3818 275 0 304 190
3819 -1 1 304 76
3820 266 1 274 76
3821 275 1 402 153
3822 275 1 302 153
3823 275 1 472 306
3824 275 1 368 306
3825 275 0 288 40
3826 -1 0 288 80
3827 266 1 259 80
3828 275 1 372 160
3829 275 1 287 160
3830 275 1 442 320
3831 275 1 352 320
3832 275 0 288 163
3833 -1 1 288 39
3834 266 1 261 39
3835 275 1 376 78
3836 275 1 291 78
3837 275 1 450 156
3838 275 1 346 156
3839 275 1 274 156
3840 275 1 436 313
3841 275 1 359 313
3842 275 0 496 131
3843 -1 0 496 263
3844 104 1 473 263
3845 152 1 338 263
3846 213 0 326 263
3847 153 0 356 105
3848 154 1 442 210
3849 215 0 419 210
3850 155 1 282 210
3851 216 0 261 210
3852 156 1 256 154
3853 217 0 454 309
3854 157 1 480 190
3855 218 0 427 190
3856 158 1 480 381
3857 219 0 432 381
3858 159 0 320 218
3859 160 1 334 131
3860 221 0 470 262
3861 161 1 480 65
3862 222 0 314 65
3863 162 1 372 130
3864 223 0 488 261
3865 163 1 330 261
3866 224 0 270 133
3867 164 1 284 267
3868 225 0 400 333
3869 165 1 334 333
3870 226 0 356 353
3871 267 1 304 292
3872 271 1 492 445
3873 271 1 432 339
3874 271 1 394 208
3875 271 1 416 45
3876 271 1 416 91
3877 271 1 438 183
3878 271 1 502 367
3879 271 0 410 140
3880 -1 0 410 281
3881 266 1 373 281
3882 272 0 376 8
3883 -1 0 376 17
3884 266 1 346 17
3885 273 1 448 35
3886 273 1 290 35
3887 273 1 400 70
3888 273 1 277 70
3889 273 1 392 140
3890 273 1 281 140
3891 273 1 416 281
3892 273 1 316 281
3893 273 0 264 125
3894 -1 0 264 250
3895 266 0 368 145
3896 -1 0 368 291
3897 266 1 323 291
3898 274 0 304 179
3899 -1 1 304 54
3900 266 1 269 54
3901 275 1 414 109
3902 275 1 328 109
3903 275 1 259 109
3904 275 1 412 219
3905 275 1 339 219
3906 275 1 280 219
3907 275 1 468 439
3908 275 0 288 172
3909 -1 1 288 57
3910 266 1 510 114
3911 275 1 416 114
3912 275 1 339 114
3913 275 1 277 114
3914 275 1 458 228
3915 275 1 382 228
3916 275 1 329 228
3917 275 1 279 228
3918 275 1 480 456
3919 275 0 496 310
3920 -1 1 496 124
3921 266 1 443 124
3922 275 1 374 124
3923 275 1 318 124
3924 275 1 275 124
3925 275 1 468 249
3926 275 1 403 249
3927 275 1 349 249
3928 275 1 306 249
3929 275 1 273 249
3930 275 0 256 70
3931 -1 0 256 140
3932 266 1 452 281
3933 275 1 376 281
3934 275 1 323 281
3935 275 0 400 66
3936 -1 0 400 133
3937 266 1 359 133
3938 275 1 294 133
3939 275 1 486 267
3940 275 1 406 267
3941 275 1 340 267
3942 275 1 287 267
3943 275 0 328 170
3944 -1 1 328 13
3945 266 1 295 13
3946 275 1 484 26
3947 275 1 399 26
3948 275 1 330 26
3949 275 1 274 26
3950 275 1 462 53
3951 275 1 393 53
3952 275 1 337 53
3953 275 1 292 53
3954 275 1 257 53
3955 275 1 448 107
3956 275 1 395 107
3957 275 1 352 107
3958 275 1 317 107
3959 -1 0 317 215
3960 -1 1 317 113
3961 266 1 291 113
3962 275 1 264 113
3963 275 1 476 226
3964 275 1 435 226
3965 275 1 402 226
3966 275 1 370 226
3967 275 1 344 226
3968 275 1 320 226
3969 275 1 297 226
3970 275 1 279 226
3971 275 1 262 226
3972 275 1 492 453
3973 275 1 467 453
3974 275 0 384 161
3975 -1 0 384 323
3976 266 1 349 323
3977 275 0 280 72
3978 -1 0 280 145
3979 104 1 267 145
3980 152 1 380 290
3981 213 0 368 290
3982 153 0 396 85
3983 154 1 488 171
3984 215 0 463 171
3985 155 1 313 171
3986 216 0 293 171
3987 156 1 256 12
3988 217 0 458 25
3989 157 1 436 51
3990 218 0 393 51
3991 158 1 430 103
3992 219 0 391 103
3993 159 1 444 207
3994 220 0 375 207
3995 160 1 352 16
3996 221 0 258 16
3997 161 1 260 32
3998 222 0 330 65
3999 162 1 360 130
4000 223 0 476 261
4001 163 1 326 261
4002 224 0 284 154
4003 164 1 312 308
4004 225 0 444 428
4005 165 0 504 382
4006 267 1 488 3
4007 271 1 272 3
4008 271 1 298 6
4009 271 1 364 12
4010 271 1 458 25
4011 271 1 283 25
4012 271 1 366 50
4013 271 1 500 101
4014 271 1 350 101
4015 271 1 492 202
4016 271 1 357 202
4017 271 1 263 202
4018 271 0 292 51
4019 -1 0 292 103
4020 266 1 269 103
4021 272 1 358 207
4022 272 1 508 414
4023 272 0 270 83
4024 -1 0 270 166
4025 266 1 496 333
4026 273 1 368 333
4027 273 0 356 218
4028 -1 1 356 80
4029 266 1 330 80
4030 274 1 482 161
4031 274 1 366 161
4032 274 1 286 161
4033 274 1 448 323
4034 274 1 349 323
4035 274 0 276 173
4036 -1 1 276 70
4037 266 1 256 70
4038 275 1 430 141
4039 275 1 374 141
4040 275 1 329 141
4041 275 1 286 141
4042 275 1 506 282
4043 275 1 453 282
4044 275 1 403 282
4045 275 1 362 282
4046 275 1 329 282
4047 275 1 298 282
4048 275 0 384 128
4049 -1 0 384 256
4050 266 1 357 256
4051 275 1 312 256
4052 275 1 277 256
4053 275 0 264 98
4054 -1 0 264 197
4055 266 1 492 395
4056 275 1 416 395
4057 275 0 504 336
4058 -1 1 504 168
4059 266 1 476 168
4060 275 1 382 168
4061 275 1 317 168
4062 275 1 266 168
4063 275 1 436 337
4064 275 1 370 337
4065 275 0 424 166
4066 -1 0 424 332
4067 266 1 401 332
4068 275 0 324 48
4069 -1 0 324 96
4070 266 1 305 96
4071 275 1 478 193
4072 275 1 374 193
4073 275 1 302 193
4074 275 1 492 387
4075 275 1 403 387
4076 275 0 292 231
4077 -1 1 292 170
4078 266 1 278 170
4079 275 1 432 341
4080 275 1 346 341
4081 275 0 276 256
4082 -1 1 276 237
4083 266 1 262 237
4084 275 0 264 164
4085 -1 1 264 65
4086 266 1 502 130
4087 275 1 374 130
4088 275 1 285 130
4089 275 1 432 261
4090 275 1 337 261
4091 275 0 304 0
4092 -1 0 304 0
4093 104 1 292 0
4094 152 1 438 0
4095 213 0 425 0
4096 153 1 295 0
4097 214 0 278 0
4098 154 1 356 0
4099 215 0 338 0
4100 155 1 468 0
4101 216 0 437 0
4102 156 1 458 1
4103 217 0 415 1
4104 157 1 436 2
4105 218 0 395 2
4106 158 1 452 5
4107 219 0 409 5
4108 159 1 498 11
4109 220 0 422 11
4110 160 1 428 23
4111 221 0 323 23
4112 161 1 312 46
4113 222 0 444 92
4114 162 1 275 92
4115 223 0 360 184
4116 163 1 256 184
4117 224 0 256 112
4118 164 1 256 225
4119 225 0 464 341
4120 165 1 370 341
4121 226 0 396 282
4122 267 1 468 13
4123 271 1 333 13
4124 271 1 478 27
4125 271 1 356 27
4126 271 1 271 27
4127 271 1 410 54
4128 271 1 320 54
4129 271 1 496 109
4130 271 1 402 109
4131 271 1 325 109
4132 271 1 263 109
4133 271 1 430 218
4134 271 1 364 218
4135 271 1 311 218
4136 -1 1 311 125
4137 -1 0 311 251
4138 -1 1 311 191
4139 -1 1 311 71
4140 266 1 299 71
4141 272 1 418 142
4142 272 1 295 142
4143 272 1 428 285
4144 272 1 317 285
4145 272 0 292 165
4146 -1 1 292 39
4147 266 1 280 39
4148 273 1 398 79
4149 273 1 287 79
4150 273 1 428 158
4151 273 1 328 158
4152 273 1 496 316
4153 273 1 392 316
4154 273 0 344 41
4155 -1 0 344 82
4156 266 1 330 82
4157 274 1 500 164
4158 274 1 396 164
4159 274 1 310 164
4160 274 1 508 329
4161 274 1 419 329
4162 274 1 346 329
4163 274 0 472 337
4164 -1 1 472 203
4165 266 1 454 203
4166 275 1 332 203
4167 275 1 494 406
4168 275 0 440 91
4169 -1 0 440 182
4170 266 1 425 182
4171 275 1 314 182
4172 275 1 482 364
4173 275 1 366 364
4174 275 0 320 313
4175 -1 1 320 307
4176 266 1 308 307
4177 275 0 308 305
4178 -1 1 308 303
4179 266 0 288 143
4180 -1 0 288 286
4181 266 0 368 347
4182 -1 1 368 327
4183 266 0 360 38
4184 -1 0 360 77
4185 266 1 301 77
4186 275 1 422 154
4187 275 1 299 154
4188 275 1 436 309
4189 275 1 325 309
4190 275 0 356 293
4191 -1 1 356 230
4192 266 1 300 230
4193 275 0 324 46
4194 -1 0 324 93
4195 266 1 271 93
4196 275 1 362 187
4197 275 1 258 187
4198 275 0 324 40
4199 -1 0 324 81
4200 266 1 274 81
4201 275 1 368 163
4202 275 1 264 163
4203 275 1 366 327
4204 275 0 376 220
4205 -1 1 376 65
4206 266 1 328 65
4207 275 1 436 130
4208 275 1 313 130
4209 275 1 464 260
4210 275 1 336 260
4211 275 0 356 54
4212 -1 0 356 109
4213 104 1 342 109
4214 152 1 257 109
4215 213 0 496 218
4216 153 1 354 218
4217 214 0 334 218
4218 154 0 464 0
4219 155 1 329 0
4220 216 0 307 0
4221 156 1 358 1
4222 217 0 328 1
4223 157 1 340 3
4224 218 0 307 3
4225 158 1 392 6
4226 219 0 357 6
4227 159 1 458 12
4228 220 0 386 12
4229 160 1 378 24
4230 221 0 293 24
4231 161 1 330 49
4232 222 0 452 99
4233 162 1 267 99
4234 223 0 354 198
4235 163 1 510 396
4236 224 0 454 227
4237 164 1 498 455
4238 225 0 432 346
4239 165 1 355 346
4240 226 0 440 407
4241 267 1 260 195
4242 271 1 438 391
4243 271 0 448 72
4244 -1 0 448 144
4245 266 1 386 144
4246 272 1 269 144
4247 272 1 384 288
4248 272 0 420 37
4249 -1 0 420 75
4250 266 1 369 75
4251 273 1 280 75
4252 273 1 422 151
4253 273 1 327 151
4254 273 1 502 303
4255 273 1 403 303
4256 273 1 322 303
4257 273 0 260 185
4258 -1 1 260 111
4259 266 1 454 223
4260 274 1 350 223
4261 274 1 278 223
4262 274 0 448 14
4263 -1 0 448 29
4264 266 1 395 29
4265 275 1 278 29
4266 275 1 402 58
4267 275 1 297 58
4268 275 1 456 117
4269 275 1 346 117
4270 275 1 270 117
4271 275 1 422 234
4272 275 1 341 234
4273 275 1 276 234
4274 275 0 408 77
4275 -1 0 408 155
4276 266 1 365 155
4277 275 1 289 155
4278 275 1 460 310
4279 275 1 366 310
4280 275 0 260 38
4281 -1 0 260 77
4282 266 1 462 154
4283 275 1 352 154
4284 275 1 276 154
4285 275 1 434 308
4286 275 1 353 308
4287 275 0 260 80
4288 -1 0 260 161
4289 266 1 466 323
4290 275 1 356 323
4291 275 0 304 172
4292 -1 1 304 41
4293 266 1 278 41
4294 275 1 410 83
4295 275 1 310 83
4296 275 1 488 166
4297 275 1 384 166
4298 275 1 298 166
4299 275 1 484 332
4300 275 1 395 332
4301 275 0 292 43
4302 -1 0 292 87
4303 266 1 268 87
4304 275 1 412 174
4305 275 1 326 174
4306 275 1 257 174
4307 275 1 408 348
4308 275 0 292 52
4309 -1 0 292 105
4310 266 1 269 105
4311 275 1 414 210
4312 275 1 328 210
4313 275 1 259 210
4314 275 0 424 32
4315 -1 0 424 65
4316 266 1 392 65
4317 275 1 297 65
4318 275 1 470 131
4319 275 1 371 131
4320 275 1 302 131
4321 275 1 498 262
4322 275 1 413 262
4323 275 1 344 262
4324 275 1 288 262
4325 275 0 344 137
4326 -1 0 344 274
4327 266 1 318 274
4328 275 0 448 96
4329 -1 0 448 192
4330 266 1 415 192
4331 275 1 320 192
4332 275 1 488 385
4333 275 1 389 385
4334 275 0 324 311
4335 -1 1 324 299
4336 3 0 315 299
4337 68 1 360 298
4338 68 1 488 242
4339 68 0 303 242
4340 69 1 492 249
4341 69 0 276 249
4342 69 1 492 385
4343 68 1 350 137
4344 68 0 416 275
4345 69 1 374 92
4346 69 0 414 184
4347 69 0 454 368
4348 68 1 370 199
4349 68 0 456 398
4350 69 1 410 295
4351 69 1 374 144
4352 69 0 414 289
4353 68 1 320 71
4354 68 0 356 143
4355 69 0 396 287
4356 69 1 356 139
4357 69 0 396 279
4358 68 1 320 86
4359 68 0 356 173
4360 69 0 412 347
4361 69 1 338 208
4362 69 1 316 57
4363 68 0 410 115
4364 69 0 426 230
4365 69 0 478 460
4366 69 1 410 374
4367 68 1 304 232
4368 68 1 464 179
4369 68 0 496 359
4370 69 1 432 159
4371 69 0 470 318
4372 69 1 432 129
4373 68 0 508 258
4374 69 0 281 258
4375 69 1 256 211
4376 69 1 256 166
4377 64 0 360 2
4378 73 1 348 2
4379 73 1 337 2
4380 73 1 326 2
4381 73 1 316 2
4382 78 1 297 2
4383 82 1 278 2
4384 60 0 470 4
4385 96 1 454 4
4386 134 1 404 4
4387 195 0 396 4
4388 135 1 367 4
4389 196 0 360 4
4390 136 1 323 4
4391 197 0 316 4
4392 137 1 281 4
4393 198 0 275 4
4394 138 1 504 8
4395 199 0 495 8
4396 139 1 426 8
4397 200 0 418 8
4398 140 1 318 8
4399 201 0 312 8
4400 141 1 280 8
4401 202 0 274 8
4402 142 1 482 16
4403 203 0 473 16
4404 143 1 414 16
4405 204 0 406 16
4406 144 1 360 16
4407 205 0 353 16
4408 145 1 297 16
4409 206 0 290 16
4410 146 1 498 33
4411 207 0 480 33
4412 147 1 338 33
4413 208 0 318 33
4414 148 1 272 33
4415 209 0 470 66
4416 248 1 285 66
4417 252 1 474 132
4418 252 1 398 132
4419 252 1 335 132
4420 252 1 285 132
4421 252 1 492 265
4422 252 1 430 265
4423 252 1 379 265
4424 252 1 338 265
4425 252 1 299 265
4426 252 1 269 265
4427 252 0 464 406
4428 -1 1 464 349
4429 247 1 427 349
4430 253 1 410 349
4431 253 1 394 349
4432 253 1 379 349
4433 253 1 367 349
4434 253 1 355 349
4435 253 0 352 172
4436 -1 0 352 345
4437 247 0 416 319
4438 -1 1 416 222
4439 247 1 365 222
4440 254 1 342 222
4441 254 1 320 222
4442 254 1 299 222
4443 254 1 283 222
4444 254 1 268 222
4445 254 1 508 445
4446 254 1 485 445
4447 254 1 463 445
4448 254 0 336 58
4449 -1 0 336 116
4450 247 1 295 116
4451 255 1 285 116
4452 255 1 275 116
4453 255 1 266 116
4454 255 1 257 116
4455 255 1 498 232
4456 255 1 485 232
4457 255 1 473 232
4458 255 1 461 232
4459 255 1 450 232
4460 255 1 439 232
4461 255 1 430 232
4462 255 1 422 232
4463 255 1 414 232
4464 -1 1 414 51
4465 -1 0 414 102
4466 -1 0 414 204
4467 -1 0 414 408
4468 247 0 368 324
4469 -1 1 368 280
4470 247 1 312 280
4471 256 1 285 280
4472 256 0 416 343
4473 -1 1 416 270
4474 247 1 353 270
4475 256 1 305 270
4476 256 0 296 17
4477 -1 0 296 35
4478 247 1 510 70
4479 256 1 430 70
4480 256 1 364 70
4481 256 1 311 70
4482 256 1 270 70
4483 256 1 462 140
4484 256 1 400 140
4485 256 1 349 140
4486 256 1 308 140
4487 256 1 276 140
4488 256 1 492 280
4489 256 1 444 280
4490 256 1 405 280
4491 256 1 368 280
4492 -1 1 368 193
4493 -1 1 368 18
4494 -1 0 368 36
4495 -1 0 368 73
4496 -1 0 368 147
4497 -1 0 368 294
4498 247 1 320 294
4499 256 0 480 67
4500 -1 0 480 134
4501 247 1 418 134
4502 256 1 364 134
4503 256 1 321 134
4504 256 1 280 134
4505 256 1 496 269
4506 256 1 446 269
4507 256 1 405 269
4508 256 1 366 269
4509 256 1 335 269
4510 256 1 305 269
4511 256 1 282 269
4512 256 0 352 156
4513 -1 0 352 312
4514 247 0 344 26
4515 -1 0 344 52
4516 247 1 285 52
4517 256 1 500 105
4518 256 1 444 105
4519 256 1 398 105
4520 256 1 355 105
4521 256 1 320 105
4522 256 1 287 105
4523 256 1 261 105
4524 256 1 474 211
4525 256 1 435 211
4526 256 1 403 211
4527 256 1 373 211
4528 256 1 349 211
4529 256 1 326 211
4530 -1 1 326 97
4531 -1 0 326 195
4532 -1 1 326 65
4533 -1 0 326 130
4534 247 1 270 130
4535 256 1 504 261
4536 256 1 476 261
4537 256 1 449 261
4538 256 1 424 261
4539 256 1 403 261
4540 256 1 383 261
4541 256 1 367 261
4542 256 1 352 261
4543 256 1 338 261
4544 256 1 324 261
4545 256 1 311 261
4546 256 1 301 261
4547 256 1 291 261
4548 -1 1 291 231
4549 -1 1 291 171
4550 -1 1 291 52
4551 -1 0 291 105
4552 -1 0 291 210
4553 -1 1 291 130
4554 -1 0 291 261
4555 -1 1 291 231
4556 247 1 496 462
4557 256 1 481 462
4558 256 1 467 462
4559 256 0 448 302
4560 -1 1 448 156
4561 247 1 379 156
4562 256 1 352 156
4563 256 1 326 156
4564 256 1 302 156
4565 256 1 283 156
4566 256 1 265 156
4567 256 1 496 313
4568 256 1 469 313
4569 256 1 444 313
4570 256 1 423 313
4571 256 1 403 313
4572 256 1 384 313
4573 256 1 366 313
4574 256 1 352 313
4575 -1 1 352 275
4576 -1 1 352 198
4577 -1 1 352 44
4578 -1 0 352 88
4579 -1 0 352 177
4580 -1 1 352 2
4581 -1 0 352 4
4582 -1 0 352 9
4583 96 1 341 9
4584 134 1 306 9
4585 195 0 300 9
4586 135 1 281 9
4587 196 0 275 9
4588 136 1 492 18
4589 197 0 483 18
4590 137 1 427 18
4591 198 0 419 18
4592 138 1 387 18
4593 199 0 379 18
4594 139 1 331 18
4595 200 0 324 18
4596 140 1 488 37
4597 201 0 479 37
4598 141 1 429 37
4599 202 0 421 37
4600 142 1 375 37
4601 203 0 368 37
4602 143 1 327 37
4603 204 0 320 37
4604 144 1 283 37
4605 205 0 277 37
4606 145 1 468 74
4607 206 0 457 74
4608 146 1 392 74
4609 207 0 377 74
4610 147 1 278 74
4611 208 0 263 74
4612 148 1 440 149
4613 209 0 389 149
4614 248 1 474 298
4615 252 1 405 298
4616 252 1 349 298
4617 252 1 304 298
4618 252 0 280 233
4619 -1 1 280 186
4620 247 1 482 372
4621 253 1 443 372
4622 253 1 411 372
4623 253 1 381 372
4624 253 0 384 248
4625 -1 1 384 113
4626 247 1 330 113
4627 254 1 299 113
4628 254 1 275 113
4629 254 1 504 227
4630 254 1 467 227
4631 254 1 432 227
4632 254 1 403 227
4633 254 1 376 227
4634 254 1 354 227
4635 254 1 333 227
4636 254 1 313 227
4637 254 1 298 227
4638 254 1 284 227
4639 254 1 270 227
4640 -1 1 270 185
4641 -1 1 270 101
4642 -1 0 270 202
4643 -1 1 270 134
4644 -1 0 270 268
4645 -1 1 270 266
4646 247 0 280 250
4647 -1 1 280 220
4648 247 1 464 440
4649 255 1 455 440
4650 255 1 446 440
4651 255 0 256 92
4652 -1 0 256 185
4653 247 1 420 371
4654 256 1 404 371
4655 256 1 389 371
4656 256 1 374 371
4657 256 0 384 288
4658 -1 1 384 193
4659 247 1 321 193
4660 256 1 293 193
4661 256 1 271 193
4662 256 1 500 387
4663 256 1 467 387
4664 256 1 436 387
4665 256 1 410 387
4666 256 0 400 45
4667 -1 0 400 91
4668 247 1 341 91
4669 256 1 304 91
4670 256 1 275 91
4671 256 1 496 182
4672 256 1 453 182
4673 256 1 412 182
4674 256 1 379 182
4675 256 1 352 182
4676 256 1 326 182
4677 256 1 302 182
4678 256 1 283 182
4679 256 1 265 182
4680 256 1 496 364
4681 256 1 469 364
4682 -1 1 469 259
4683 -1 1 469 50
4684 -1 0 469 100
4685 -1 0 469 200
4686 -1 0 469 400
4687 -1 1 469 332
4688 247 1 404 332
4689 256 1 382 332
4690 256 1 364 332
4691 256 1 347 332
4692 256 0 256 27
4693 -1 0 256 54
4694 247 1 438 108
4695 256 1 399 108
4696 256 1 362 108
4697 256 1 332 108
4698 256 1 304 108
4699 256 1 282 108
4700 256 1 261 108
4701 256 1 482 216
4702 256 1 451 216
4703 256 1 421 216
4704 256 1 396 216
4705 256 1 373 216
4706 256 1 354 216
4707 256 1 336 216
4708 -1 1 336 96
4709 -1 0 336 193
4710 -1 1 336 50
4711 -1 0 336 101
4712 247 1 293 101
4713 256 1 279 101
4714 256 1 266 101
4715 256 1 508 203
4716 256 1 488 203
4717 256 1 469 203
4718 256 1 451 203
4719 256 1 434 203
4720 256 1 420 203
4721 256 1 407 203
4722 256 1 395 203
4723 256 1 383 203
4724 256 1 374 203
4725 256 1 365 203
4726 -1 1 365 42
4727 -1 0 365 84
4728 -1 0 365 169
4729 -1 0 365 338
4730 247 0 328 118
4731 -1 0 328 237
4732 247 1 272 237
4733 256 1 265 237
4734 256 1 258 237
4735 256 1 504 474
4736 256 1 494 474
4737 256 1 485 474
4738 256 1 476 474
4739 256 0 288 224
4740 -1 1 288 160
4741 247 1 490 320
4742 256 1 457 320
4743 256 1 426 320
4744 256 1 400 320
4745 256 1 375 320
4746 256 1 355 320
4747 256 1 336 320
4748 256 0 288 34
4749 -1 0 288 69
4750 247 1 494 139
4751 256 1 446 139
4752 256 1 407 139
4753 256 1 370 139
4754 256 1 340 139
4755 256 1 312 139
4756 256 1 290 139
4757 256 1 269 139
4758 256 1 498 278
4759 256 1 467 278
4760 256 1 437 278
4761 256 1 412 278
4762 256 1 389 278
4763 256 1 367 278
4764 -1 1 367 189
4765 -1 1 367 11
4766 -1 0 367 23
4767 -1 0 367 47
4768 -1 0 367 95
4769 -1 0 367 190
4770 247 1 319 190
4771 256 1 305 190
4772 256 1 291 190
4773 256 1 278 190
4774 256 1 266 190
4775 256 1 508 381
4776 256 1 489 381
4777 256 1 471 381
4778 256 1 454 381
4779 256 1 438 381
4780 256 1 425 381
4781 256 1 413 381
4782 256 1 401 381
4783 256 1 390 381
4784 -1 1 390 373
4785 -1 1 390 356
4786 -1 1 390 322
4787 -1 1 390 254
4788 -1 1 390 119
4789 -1 0 390 239
4790 -1 1 390 88
4791 -1 0 390 176
4792 -1 0 390 353
4793 -1 1 390 317
4794 -1 1 390 244
4795 -1 1 390 99
4796 96 1 378 99
4797 134 1 345 99
4798 195 0 338 99
4799 135 1 316 99
4800 196 0 310 99
4801 136 1 283 99
4802 197 0 277 99
4803 137 1 490 198
4804 198 0 481 198
4805 138 1 446 198
4806 199 0 438 198
4807 139 1 384 198
4808 200 0 376 198
4809 140 1 300 198
4810 201 0 294 198
4811 141 1 265 198
4812 202 0 259 198
4813 142 1 458 397
4814 203 0 449 397
4815 143 0 424 15
4816 144 1 383 15
4817 205 0 376 15
4818 145 1 326 15
4819 206 0 319 15
4820 146 1 282 15
4821 207 0 272 15
4822 147 1 390 31
4823 208 0 369 31
4824 148 1 319 31
4825 209 0 286 31
4826 248 1 372 62
4827 252 1 313 62
4828 252 1 267 62
4829 252 1 448 124
4830 252 1 379 124
4831 252 1 331 124
4832 252 1 286 124
4833 252 1 502 248
4834 252 1 446 248
4835 252 1 400 248
4836 252 1 357 248
4837 252 1 322 248
4838 252 1 289 248
4839 252 1 263 248
4840 -1 1 263 233
4841 -1 1 263 204
4842 -1 1 263 145
4843 -1 1 263 28
4844 -1 0 263 57
4845 -1 0 263 115
4846 -1 0 263 231
4847 -1 1 263 200
4848 -1 1 263 137
4849 -1 1 263 11
4850 247 1 452 23
4851 253 1 396 23
4852 253 1 350 23
4853 253 1 313 23
4854 253 1 284 23
4855 253 1 257 23
4856 253 1 462 46
4857 253 1 421 46
4858 253 1 388 46
4859 253 1 356 46
4860 253 1 330 46
4861 253 1 306 46
4862 253 1 287 46
4863 253 1 269 46
4864 -1 0 269 93
4865 -1 0 269 186
4866 247 1 468 373
4867 254 1 446 373
4868 254 1 428 373
4869 254 1 411 373
4870 254 1 395 373
4871 254 1 380 373
4872 254 0 384 176
4873 -1 0 384 352
4874 247 0 384 133
4875 -1 0 384 267
4876 247 1 318 267
4877 255 1 298 267
4878 255 1 279 267
4879 255 0 288 109
4880 -1 0 288 218
4881 247 1 490 437
4882 256 1 478 437
4883 256 1 466 437
4884 256 1 455 437
4885 256 1 444 437
4886 256 0 288 73
4887 -1 0 288 147
4888 247 1 494 294
4889 256 1 461 294
4890 256 1 430 294
4891 256 1 404 294
4892 256 1 379 294
4893 256 1 359 294
4894 256 1 340 294
4895 256 1 322 294
4896 256 1 305 294
4897 256 0 416 93
4898 -1 0 416 187
4899 247 1 360 187
4900 256 1 327 187
4901 256 1 296 187
4902 256 1 272 187
4903 256 1 498 374
4904 256 1 461 374
4905 256 1 426 374
4906 256 1 397 374
4907 256 0 432 68
4908 -1 0 432 136
4909 247 1 378 136
4910 256 1 339 136
4911 256 1 302 136
4912 256 1 273 136
4913 256 1 492 272
4914 256 1 449 272
4915 256 1 408 272
4916 256 1 375 272
4917 256 1 348 272
4918 256 1 322 272
4919 256 1 298 272
4920 256 1 279 272
4921 256 0 288 187
4922 -1 1 288 86
4923 247 1 506 173
4924 256 1 453 173
4925 256 1 403 173
4926 256 1 362 173
4927 256 1 329 173
4928 256 1 298 173
4929 256 1 274 173
4930 256 1 502 347
4931 256 1 465 347
4932 256 1 430 347
4933 256 1 401 347
4934 256 1 374 347
4935 256 1 352 347
4936 256 0 336 262
4937 -1 1 336 189
4938 247 1 295 189
4939 256 1 265 189
4940 256 1 472 378
4941 256 1 427 378
4942 256 1 390 378
4943 256 0 280 188
4944 -1 1 280 97
4945 247 1 496 195
4946 256 1 434 195
4947 256 1 383 195
4948 256 1 342 195
4949 256 1 303 195
4950 256 1 273 195
4951 256 1 488 391
4952 256 1 443 391
4953 256 1 406 391
4954 256 0 280 160
4955 -1 1 280 41
4956 247 1 500 82
4957 256 1 438 82
4958 256 1 387 82
4959 256 1 339 82
4960 256 1 300 82
4961 256 1 270 82
4962 256 1 482 165
4963 256 1 437 165
4964 256 1 400 165
4965 256 1 365 165
4966 256 1 337 165
4967 256 1 310 165
4968 256 1 289 165
4969 256 1 269 165
4970 -1 1 269 62
4971 -1 0 269 125
4972 -1 0 269 251
4973 -1 1 269 234
4974 247 1 480 468
4975 256 0 496 311
4976 -1 1 496 127
4977 247 1 451 127
4978 256 1 398 127
4979 256 1 355 127
4980 256 1 320 127
4981 256 1 287 127
4982 256 1 261 127
4983 256 1 474 255
4984 256 1 435 255
4985 256 1 403 255
4986 256 1 373 255
4987 256 1 349 255
4988 256 1 326 255
4989 256 1 304 255
4990 256 1 287 255
4991 -1 1 287 223
4992 -1 1 287 159
4993 -1 1 287 31
4994 -1 0 287 62
4995 -1 0 287 125
4996 -1 0 287 251
4997 -1 1 287 215
4998 -1 1 287 143
4999 96 1 279 143
5000 134 1 506 287
5001 195 0 497 287
5002 135 1 469 287
5003 196 0 460 287
5004 136 1 417 287
5005 197 0 409 287
5006 137 1 366 287
5007 198 0 359 287
5008 138 1 335 287
5009 199 0 328 287
5010 139 0 344 23
5011 140 1 272 23
5012 201 0 266 23
5013 141 1 478 47
5014 202 0 469 47
5015 142 1 421 47
5016 203 0 413 47
5017 143 1 347 47
5018 204 0 340 47
5019 144 1 307 47
5020 205 0 301 47
5021 145 1 262 47
5022 206 0 256 47
5023 146 1 442 94
5024 207 0 429 94
5025 147 1 324 94
5026 208 0 307 94
5027 148 1 268 94
5028 209 0 472 188
5029 248 1 314 188
5030 252 1 290 188
5031 252 1 267 188
5032 252 1 490 376
5033 252 1 455 376
5034 252 1 422 376
5035 252 1 395 376
5036 252 0 416 121
5037 -1 0 416 242
5038 247 1 379 242
5039 253 1 358 242
5040 253 1 338 242
5041 253 1 319 242
5042 253 1 305 242
5043 253 1 291 242
5044 253 1 278 242
5045 253 1 266 242
5046 253 1 508 485
5047 253 1 489 485
5048 253 0 288 235
5049 -1 1 288 183
5050 247 1 264 183
5051 254 1 480 366
5052 254 1 441 366
5053 254 1 409 366
5054 254 1 379 366
5055 254 0 384 183
5056 -1 0 384 366
5057 247 0 264 127
5058 -1 0 264 255
5059 247 0 296 224
5060 -1 1 296 153
5061 247 1 496 306
5062 255 1 443 306
5063 255 1 400 306
5064 255 1 359 306
5065 255 1 326 306
5066 255 0 496 184
5067 -1 0 496 368
5068 247 1 420 368
5069 256 1 397 368
5070 256 1 375 368
5071 256 0 288 183
5072 -1 1 288 79
5073 247 1 490 158
5074 256 1 442 158
5075 256 1 403 158
5076 256 1 366 158
5077 256 1 336 158
5078 256 1 308 158
5079 256 1 286 158
5080 256 1 265 158
5081 256 1 490 316
5082 256 1 459 316
5083 256 1 429 316
5084 256 1 404 316
5085 256 1 381 316
5086 256 1 362 316
5087 -1 1 362 270
5088 -1 1 362 178
5089 -1 0 362 356
5090 -1 1 362 350
5091 -1 1 362 339
5092 -1 1 362 317
5093 247 0 400 43
5094 -1 0 400 86
5095 247 1 323 86
5096 256 1 305 86
5097 256 1 291 86
5098 256 1 278 86
5099 256 1 266 86
5100 256 1 508 172
5101 256 1 489 172
5102 256 1 471 172
5103 256 1 454 172
5104 256 1 438 172
5105 256 1 425 172
5106 256 1 413 172
5107 256 1 401 172
5108 256 1 390 172
5109 -1 0 390 345
5110 -1 1 390 301
5111 247 1 317 301
5112 256 1 310 301
5113 256 1 303 301
5114 256 0 448 371
5115 -1 1 448 295
5116 247 1 368 295
5117 256 1 342 295
5118 256 1 318 295
5119 256 1 299 295
5120 256 0 288 231
5121 -1 1 288 174
5122 247 1 484 349
5123 256 1 431 349
5124 256 1 388 349
5125 256 0 328 23
5126 -1 0 328 47
5127 247 1 275 47
5128 256 1 468 94
5129 256 1 403 94
5130 256 1 349 94
5131 256 1 306 94
5132 256 1 273 94
5133 256 1 482 189
5134 256 1 432 189
5135 256 1 391 189
5136 256 1 352 189
5137 256 1 321 189
5138 256 1 291 189
5139 256 1 268 189
5140 256 1 492 379
5141 -1 1 492 267
5142 -1 1 492 43
5143 -1 0 492 87
5144 -1 0 492 174
5145 -1 0 492 348
5146 -1 1 492 205
5147 247 1 423 205
5148 256 1 393 205
5149 256 1 364 205
5150 256 1 341 205
5151 256 1 319 205
5152 256 1 302 205
5153 256 1 286 205
5154 256 1 271 205
5155 256 1 257 205
5156 256 1 486 410
5157 256 1 464 410
5158 256 1 443 410
5159 256 1 426 410
5160 256 0 256 4
5161 -1 0 256 9
5162 96 1 496 19
5163 134 1 455 19
5164 195 0 446 19
5165 135 1 423 19
5166 196 0 415 19
5167 136 1 380 19
5168 197 0 373 19
5169 137 1 338 19
5170 198 0 331 19
5171 138 1 308 19
5172 199 0 302 19
5173 139 1 508 38
5174 200 0 499 38
5175 140 1 405 38
5176 201 0 397 38
5177 141 1 360 38
5178 202 0 353 38
5179 142 1 320 38
5180 203 0 313 38
5181 143 1 270 38
5182 204 0 264 38
5183 144 1 476 76
5184 205 0 467 76
5185 145 1 405 76
5186 206 0 397 76
5187 146 1 349 76
5188 207 0 338 76
5189 147 1 506 152
5190 208 0 484 152
5191 148 1 422 152
5192 209 0 379 152
5193 248 1 269 152
5194 252 1 474 304
5195 252 1 424 304
5196 252 1 383 304
5197 252 1 350 304
5198 252 1 319 304
5199 252 0 384 152
5200 -1 0 384 304
5201 247 1 328 304
5202 253 0 480 109
5203 -1 0 480 218
5204 247 1 418 218
5205 254 1 370 218
5206 254 1 331 218
5207 254 1 294 218
5208 254 1 265 218
5209 254 1 476 436
5210 254 0 344 26
5211 -1 0 344 53
5212 247 1 301 53
5213 255 1 262 53
5214 255 1 450 106
5215 255 1 391 106
5216 255 1 343 106
5217 255 1 304 106
5218 255 1 274 106
5219 255 1 490 212
5220 255 1 445 212
5221 255 1 408 212
5222 255 1 373 212
5223 255 1 345 212
5224 255 1 318 212
5225 255 1 297 212
5226 -1 1 297 127
5227 -1 0 297 255
5228 -1 1 297 213
5229 -1 1 297 129
5230 247 1 264 129
5231 256 1 476 258
5232 256 1 435 258
5233 256 1 402 258
5234 256 1 370 258
5235 256 1 344 258
5236 256 1 320 258
5237 256 1 297 258
5238 256 1 279 258
5239 256 1 262 258
5240 256 0 256 200
5241 -1 1 256 145
5242 247 1 448 290
5243 256 1 398 290
5244 256 1 357 290
5245 256 1 324 290
5246 256 1 293 290
5247 256 0 384 341
5248 -1 1 384 299
5249 247 1 341 299
5250 256 0 360 24
5251 -1 0 360 48
5252 247 1 325 48
5253 256 1 266 48
5254 256 1 440 96
5255 256 1 377 96
5256 256 1 327 96
5257 256 1 279 96
5258 256 1 484 193
5259 256 1 425 193
5260 256 1 377 193
5261 256 1 338 193
5262 256 1 301 193
5263 256 1 272 193
5264 256 1 490 386
5265 256 1 447 386
5266 -1 1 447 325
5267 -1 1 447 204
5268 -1 0 447 408
5269 -1 1 447 369
5270 -1 1 447 291
5271 -1 1 447 135
5272 247 1 408 135
5273 256 1 373 135
5274 256 1 345 135
5275 256 1 318 135
5276 256 1 297 135
5277 256 1 277 135
5278 256 1 258 135
5279 256 1 480 271
5280 256 1 452 271
5281 256 1 425 271
5282 256 1 403 271
5283 256 1 382 271
5284 256 1 365 271
5285 256 1 349 271
5286 -1 1 349 193
5287 -1 1 349 37
5288 -1 0 349 74
5289 -1 0 349 149
5290 -1 0 349 298
5291 -1 1 349 247
5292 247 1 318 247
5293 256 1 306 247
5294 256 1 294 247
5295 256 1 283 247
5296 256 1 272 247
5297 256 1 262 247
5298 256 1 504 495
5299 256 0 480 223
5300 -1 0 480 447
5301 247 0 328 69
5302 -1 0 328 139
5303 247 1 283 139
5304 256 1 260 139
5305 256 1 476 278
5306 256 1 441 278
5307 256 1 412 278
5308 256 1 385 278
5309 256 1 359 278
5310 256 1 338 278
5311 256 1 318 278
5312 256 1 303 278
5313 256 1 289 278
5314 256 0 448 121
5315 -1 0 448 243
5316 247 1 389 243
5317 256 1 350 243
5318 256 1 319 243
5319 256 1 295 243
5320 256 1 272 243
5321 256 1 500 486
5322 256 0 280 171
5323 -1 1 280 63
5324 247 1 494 126
5325 256 1 435 126
5326 256 1 387 126
5327 256 1 341 126
5328 256 1 304 126
5329 256 1 275 126
5330 256 1 496 253
5331 256 1 453 253
5332 256 1 412 253
5333 256 1 379 253
5334 256 1 352 253
5335 256 1 326 253
5336 256 1 302 253
5337 256 1 283 253
5338 -1 1 283 224
5339 -1 1 283 165
5340 -1 1 283 48
5341 -1 0 283 96
5342 -1 0 283 192
5343 -1 1 283 102
5344 -1 0 283 204
5345 -1 1 283 125
5346 247 1 502 250
5347 256 1 472 250
5348 256 1 444 250
5349 256 1 421 250
5350 256 1 399 250
5351 256 1 378 250
5352 256 1 361 250
5353 256 1 345 250
5354 256 1 330 250
5355 256 1 316 250
5356 256 1 305 250
5357 256 1 294 250
5358 256 1 284 250
5359 256 1 274 250
5360 -1 1 274 226
5361 -1 1 274 178
5362 -1 1 274 82
5363 -1 0 274 164
5364 -1 1 274 55
5365 -1 0 274 110
5366 -1 0 274 221
5367 -1 1 274 168
5368 247 1 488 337
5369 256 1 473 337
5370 256 1 459 337
5371 256 1 445 337
5372 256 1 434 337
5373 256 1 423 337
5374 256 1 413 337
5375 256 1 403 337
5376 256 1 394 337
5377 256 1 385 337
5378 256 1 377 337
5379 256 1 370 337
5380 256 1 363 337
5381 256 1 356 337
5382 -1 1 356 319
5383 -1 1 356 283
5384 -1 1 356 211
5385 -1 1 356 66
5386 -1 0 356 133
5387 -1 0 356 267
5388 -1 1 356 178
5389 -1 1 356 1
5390 -1 0 356 3
5391 -1 0 356 7
5392 96 1 347 7
5393 134 1 319 7
5394 195 0 313 7
5395 135 1 298 7
5396 196 0 292 7
5397 136 1 269 7
5398 197 0 263 7
5399 137 1 472 15
5400 198 0 463 15
5401 138 1 433 15
5402 199 0 425 15
5403 139 1 359 15
5404 200 0 352 15
5405 140 1 287 15
5406 201 0 281 15
5407 141 1 257 15
5408 202 0 502 31
5409 142 1 459 31
5410 203 0 450 31
5411 143 1 381 31
5412 204 0 374 31
5413 144 1 344 31
5414 205 0 337 31
5415 145 1 294 31
5416 206 0 288 31
5417 146 1 256 31
5418 207 0 496 63
5419 147 1 386 63
5420 208 0 368 63
5421 148 1 325 63
5422 209 0 290 63
5423 248 1 410 127
5424 252 1 356 127
5425 252 1 313 127
5426 252 1 280 127
5427 252 1 496 254
5428 252 1 446 254
5429 252 1 405 254
5430 252 1 366 254
5431 252 1 335 254
5432 252 1 305 254
5433 252 1 282 254
5434 252 1 260 254
5435 252 0 336 241
5436 -1 1 336 146
5437 247 1 301 146
5438 253 1 264 146
5439 253 1 458 293
5440 253 1 402 293
5441 253 1 356 293
5442 253 1 319 293
5443 253 0 464 49
5444 -1 0 464 98
5445 247 1 419 98
5446 254 1 363 98
5447 254 1 318 98
5448 254 1 283 98
5449 254 1 500 196
5450 254 1 447 196
5451 254 1 404 196
5452 254 1 363 196
5453 254 1 330 196
5454 254 1 299 196
5455 254 1 275 196
5456 254 1 504 392
5457 254 1 467 392
5458 254 1 432 392
5459 -1 1 432 352
5460 -1 1 432 273
5461 -1 1 432 114
5462 -1 0 432 229
5463 -1 1 432 27
5464 -1 0 432 55
5465 -1 0 432 110
5466 -1 0 432 221
5467 247 1 395 221
5468 255 1 366 221
5469 255 1 343 221
5470 255 1 321 221
5471 255 1 300 221
5472 255 1 284 221
5473 255 1 269 221
5474 255 1 510 442
5475 255 1 487 442
5476 255 1 465 442
5477 255 1 444 442
5478 255 0 272 240
5479 -1 1 272 208
5480 247 1 496 417
5481 256 1 487 417
5482 256 1 478 417
5483 256 1 469 417
5484 256 1 460 417
5485 256 1 451 417
5486 256 1 442 417
5487 256 1 434 417
5488 256 1 426 417
5489 256 1 418 417
5490 256 0 256 234
5491 -1 1 256 213
5492 247 1 466 426
5493 256 1 433 426
5494 256 0 432 326
5495 -1 1 432 220
5496 247 1 400 220
5497 256 1 354 220
5498 256 1 317 220
5499 256 1 288 220
5500 256 1 261 220
5501 256 1 470 440
5502 256 0 328 92
5503 -1 0 328 184
5504 247 1 302 184
5505 256 1 265 184
5506 256 1 460 368
5507 256 1 404 368
5508 256 0 368 81
5509 -1 0 368 163
5510 247 1 344 163
5511 256 1 288 163
5512 256 1 490 326
5513 256 1 421 326
5514 256 1 365 326
5515 256 0 360 53
5516 -1 0 360 106
5517 247 1 337 106
5518 256 1 278 106
5519 256 1 464 212
5520 256 1 392 212
5521 256 1 333 212
5522 256 1 285 212
5523 256 1 496 424
5524 256 1 437 424
5525 256 0 384 287
5526 -1 1 384 190
5527 247 1 358 190
5528 256 1 302 190
5529 256 1 259 190
5530 256 1 436 380
5531 256 0 448 1
5532 -1 0 448 3
5533 247 1 420 3
5534 256 1 343 3
5535 256 1 281 3
5536 256 1 466 7
5537 256 1 390 7
5538 256 1 327 7
5539 256 1 277 7
5540 256 1 476 15
5541 256 1 414 15
5542 256 1 363 15
5543 256 1 322 15
5544 256 1 283 15
5545 256 1 506 31
5546 256 1 458 31
5547 -1 0 458 63
5548 -1 0 458 126
5549 247 1 431 126
5550 256 1 392 126
5551 256 1 355 126
5552 256 1 325 126
5553 256 1 297 126
5554 256 1 275 126
5555 256 1 508 252
5556 256 1 475 252
5557 256 1 444 252
5558 256 1 418 252
5559 256 1 393 252
5560 256 1 370 252
5561 256 1 351 252
5562 256 1 333 252
5563 -1 1 333 171
5564 -1 1 333 10
5565 -1 0 333 20
5566 -1 0 333 40
5567 -1 0 333 80
5568 -1 0 333 161
5569 247 1 314 161
5570 256 1 300 161
5571 256 1 287 161
5572 256 1 275 161
5573 256 1 263 161
5574 256 1 504 323
5575 256 1 486 323
5576 256 1 469 323
5577 256 1 453 323
5578 256 1 438 323
5579 256 1 426 323
5580 256 1 414 323
5581 256 1 403 323
5582 256 1 392 323
5583 -1 1 392 254
5584 -1 1 392 117
5585 -1 0 392 234
5586 -1 1 392 77
5587 -1 0 392 155
5588 -1 0 392 310
5589 247 1 371 310
5590 256 1 362 310
5591 256 1 354 310
5592 256 1 346 310
5593 256 1 339 310
5594 256 1 332 310
5595 256 1 325 310
5596 256 1 318 310
5597 256 1 312 310
5598 256 0 384 274
5599 -1 1 384 165
5600 247 1 364 165
5601 256 1 340 165
5602 256 1 317 165
5603 256 1 299 165
5604 256 1 282 165
5605 256 1 266 165
5606 256 1 502 330
5607 256 1 478 330
5608 256 1 455 330
5609 256 1 433 330
5610 256 1 415 330
5611 256 1 398 330
5612 256 1 382 330
5613 256 1 369 330
5614 -1 1 369 291
5615 -1 1 369 213
5616 -1 1 369 58
5617 -1 0 369 116
5618 -1 0 369 232
5619 -1 1 369 95
5620 -1 0 369 191
5621 -1 1 369 14
5622 96 1 360 14
5623 134 1 333 14
5624 195 0 326 14
5625 135 1 308 14
5626 196 0 302 14
5627 136 1 280 14
5628 197 0 274 14
5629 137 1 496 29
5630 198 0 487 29
5631 138 1 459 29
5632 199 0 450 29
5633 139 1 378 29
5634 200 0 371 29
5635 140 1 309 29
5636 201 0 303 29
5637 141 1 280 29
5638 202 0 274 29
5639 142 1 500 58
5640 203 0 491 58
5641 143 1 426 58
5642 204 0 418 58
5643 144 1 385 58
5644 205 0 377 58
5645 145 1 336 58
5646 206 0 329 58
5647 146 1 292 58
5648 207 0 284 58
5649 147 1 444 117
5650 208 0 427 117
5651 148 1 379 117
5652 209 0 346 117
5653 248 1 494 234
5654 252 1 435 234
5655 252 1 387 234
5656 252 1 341 234
5657 252 1 304 234
5658 252 1 275 234
5659 252 1 496 468
5660 252 0 344 122
5661 -1 0 344 244
5662 247 1 328 244
5663 253 1 278 244
5664 253 0 312 43
5665 -1 0 312 87
5666 247 1 300 87
5667 254 1 280 87
5668 254 1 261 87
5669 254 1 486 174
5670 254 1 458 174
5671 254 1 431 174
5672 254 1 409 174
5673 254 1 388 174
5674 254 1 368 174
5675 254 1 352 174
5676 254 1 337 174
5677 254 1 323 174
5678 254 1 309 174
5679 254 1 298 174
5680 -1 1 298 51
5681 -1 0 298 103
5682 -1 0 298 207
5683 -1 1 298 117
5684 247 1 286 117
5685 255 1 260 117
5686 255 1 472 235
5687 255 1 433 235
5688 255 1 401 235
5689 255 1 371 235
5690 255 1 347 235
5691 255 1 324 235
5692 255 1 302 235
5693 255 1 285 235
5694 255 1 269 235
5695 255 1 508 470
5696 255 1 484 470
5697 255 0 368 147
5698 -1 0 368 295
5699 247 1 354 295
5700 256 1 342 295
5701 256 1 330 295
5702 256 1 319 295
5703 256 1 310 295
5704 256 1 302 295
5705 256 0 256 33
5706 -1 0 256 67
5707 247 1 490 135
5708 256 1 453 135
5709 256 1 418 135
5710 256 1 389 135
5711 256 1 362 135
5712 256 1 340 135
5713 256 1 319 135
5714 256 1 303 135
5715 256 1 288 135
5716 256 1 274 135
5717 256 1 260 135
5718 256 1 494 271
5719 256 1 473 271
5720 256 1 453 271
5721 -1 1 453 89
5722 -1 0 453 179
5723 -1 0 453 359
5724 -1 1 453 265
5725 247 1 436 265
5726 256 1 420 265
5727 256 1 405 265
5728 256 1 390 265
5729 256 1 376 265
5730 256 1 365 265
5731 256 1 354 265
5732 256 1 344 265
5733 256 1 335 265
5734 256 1 326 265
5735 256 1 317 265
5736 256 1 310 265
5737 256 1 304 265
5738 256 1 298 265
5739 -1 1 298 232
5740 -1 1 298 166
5741 -1 1 298 34
5742 -1 0 298 68
5743 -1 0 298 137
5744 -1 0 298 275
5745 -1 1 298 252
5746 -1 1 298 207
5747 247 1 288 207
5748 256 1 282 207
5749 256 1 276 207
5750 256 1 270 207
5751 256 1 264 207
5752 256 1 258 207
5753 256 1 504 414
5754 256 1 495 414
5755 256 1 486 414
5756 256 1 477 414
5757 256 1 468 414
5758 256 1 459 414
5759 256 1 450 414
5760 256 1 441 414
5761 -1 1 441 388
5762 -1 1 441 335
5763 -1 1 441 230
5764 -1 1 441 20
5765 -1 0 441 40
5766 -1 0 441 80
5767 -1 0 441 160
5768 -1 0 441 320
5769 -1 1 441 199
5770 -1 0 441 399
5771 247 1 428 399
5772 256 1 420 399
5773 256 1 412 399
5774 256 1 404 399
5775 256 0 256 127
5776 -1 0 256 255
5777 247 0 288 280
5778 -1 1 288 272
5779 247 0 368 118
5780 -1 0 368 237
5781 247 1 323 237
5782 256 1 299 237
5783 256 1 280 237
5784 256 1 262 237
5785 256 1 490 474
5786 256 0 432 184
5787 -1 0 432 368
5788 247 1 381 368
5789 256 0 296 197
5790 -1 1 296 99
5791 247 1 263 99
5792 256 1 440 198
5793 256 1 381 198
5794 256 1 333 198
5795 256 1 288 198
5796 256 1 506 397
5797 256 1 450 397
5798 256 0 424 2
5799 -1 0 424 5
5800 247 1 378 5
5801 256 1 322 5
5802 256 1 269 5
5803 256 1 456 11
5804 256 1 391 11
5805 256 1 337 11
5806 256 1 294 11
5807 256 1 261 11
5808 256 1 458 22
5809 256 1 408 22
5810 256 1 367 22
5811 256 1 334 22
5812 256 1 303 22
5813 256 1 279 22
5814 -1 0 279 44
5815 -1 0 279 89
5816 247 1 498 178
5817 256 1 459 178
5818 256 1 422 178
5819 256 1 392 178
5820 256 1 363 178
5821 256 1 340 178
5822 256 1 318 178
5823 256 1 301 178
5824 256 1 285 178
5825 256 1 270 178
5826 256 1 256 178
5827 256 1 484 356
5828 256 1 462 356
5829 256 1 441 356
5830 -1 1 441 271
5831 -1 1 441 101
5832 -1 0 441 203
5833 -1 0 441 406
5834 -1 1 441 372
5835 -1 1 441 304
5836 96 1 431 304
5837 134 1 401 304
5838 195 0 393 304
5839 135 1 373 304
5840 196 0 366 304
5841 136 1 340 304
5842 197 0 333 304
5843 137 0 480 29
5844 138 1 453 29
5845 199 0 444 29
5846 139 1 385 29
5847 200 0 377 29
5848 140 1 318 29
5849 201 0 312 29
5850 141 1 290 29
5851 202 0 284 29
5852 142 1 261 29
5853 203 0 510 58
5854 143 1 448 58
5855 204 0 439 58
5856 144 1 407 58
5857 205 0 399 58
5858 145 1 353 58
5859 206 0 346 58
5860 146 1 311 58
5861 207 0 304 58
5862 147 1 490 116
5863 208 0 471 116
5864 148 1 418 116
5865 209 0 381 116
5866 248 1 287 116
5867 252 1 496 233
5868 252 1 434 233
5869 252 1 383 233
5870 252 1 342 233
5871 252 1 303 233
5872 252 1 273 233
5873 252 1 488 467
5874 252 0 360 199
5875 -1 1 360 38
5876 247 1 325 38
5877 253 1 260 38
5878 253 1 418 77
5879 253 1 349 77
5880 253 1 293 77
5881 253 1 500 155
5882 253 1 431 155
5883 253 1 375 155
5884 253 1 330 155
5885 253 1 287 155
5886 253 1 508 311
5887 253 1 455 311
5888 253 1 405 311
5889 253 1 364 311
5890 -1 1 364 259
5891 -1 1 364 154
5892 -1 0 364 308
5893 -1 1 364 252
5894 -1 1 364 140
5895 -1 0 364 281
5896 247 1 331 281
5897 254 1 319 281
5898 254 1 309 281
5899 254 1 300 281
5900 254 1 291 281
5901 254 1 283 281
5902 254 0 256 199
5903 -1 1 256 143
5904 247 1 460 287
5905 255 1 415 287
5906 255 1 378 287
5907 255 1 348 287
5908 255 1 320 287
5909 255 1 293 287
5910 255 0 336 255
5911 -1 1 336 174
5912 247 1 306 174
5913 256 1 294 174
5914 256 1 283 174
5915 256 1 272 174
5916 256 1 262 174
5917 256 1 504 348
5918 256 1 489 348
5919 256 1 475 348
5920 256 1 461 348
5921 256 1 448 348
5922 256 1 436 348
5923 256 1 426 348
5924 256 1 416 348
5925 256 1 407 348
5926 -1 1 407 290
5927 -1 1 407 173
5928 -1 0 407 347
5929 -1 1 407 287
5930 -1 1 407 167
5931 -1 0 407 335
5932 247 1 374 335
5933 256 1 367 335
5934 256 1 360 335
5935 256 1 353 335
5936 256 1 346 335
5937 256 1 339 335
5938 256 0 448 208
5939 -1 0 448 416
5940 247 0 296 47
5941 -1 0 296 94
5942 247 1 261 94
5943 256 1 482 189
5944 256 1 451 189
5945 256 1 421 189
5946 256 1 396 189
5947 256 1 373 189
5948 256 1 354 189
5949 256 1 336 189
5950 256 1 319 189
5951 256 1 306 189
5952 256 1 294 189
5953 256 1 282 189
5954 256 1 271 189
5955 256 1 260 189
5956 -1 1 260 119
5957 -1 0 260 239
5958 -1 1 260 218
5959 -1 1 260 177
5960 247 1 454 355
5961 256 1 437 355
5962 256 1 423 355
5963 256 1 410 355
5964 256 1 398 355
5965 256 1 386 355
5966 256 1 375 355
5967 256 1 366 355
5968 256 1 357 355
5969 256 0 256 203
5970 -1 1 256 150
5971 247 1 448 300
5972 256 1 413 300
5973 256 1 384 300
5974 256 1 357 300
5975 256 1 335 300
5976 256 1 314 300
5977 256 0 256 38
5978 -1 0 256 77
5979 247 1 452 155
5980 256 1 402 155
5981 256 1 361 155
5982 256 1 328 155
5983 256 1 297 155
5984 256 1 273 155
5985 256 1 500 311
5986 256 1 463 311
5987 256 1 428 311
5988 256 1 399 311
5989 256 1 372 311
5990 256 1 350 311
5991 256 1 329 311
5992 256 0 320 45
5993 -1 0 320 91
5994 247 1 285 91
5995 256 1 510 182
5996 256 1 462 182
5997 256 1 417 182
5998 256 1 380 182
5999 256 1 350 182
6000 256 1 322 182
6001 256 1 295 182
6002 256 1 274 182
6003 256 1 508 364
6004 256 1 477 364
6005 256 1 447 364
6006 256 1 422 364
6007 256 1 399 364
6008 -1 1 399 329
6009 -1 1 399 259
6010 -1 1 399 120
6011 -1 0 399 241
6012 -1 1 399 83
6013 -1 0 399 166
6014 -1 0 399 332
6015 -1 1 399 266
6016 247 1 360 266
6017 256 1 341 266
6018 256 1 323 266
6019 256 1 306 266
6020 256 1 293 266
6021 256 1 281 266
6022 256 1 269 266
6023 256 0 352 278
6024 -1 1 352 205
6025 247 1 321 205
6026 256 1 290 205
6027 256 1 266 205
6028 256 1 486 410
6029 256 1 449 410
6030 256 1 414 410
6031 256 0 464 401
6032 -1 1 464 338
6033 247 1 423 338
6034 256 1 375 338
6035 256 0 312 21
6036 -1 0 312 43
6037 96 1 306 43
6038 134 1 286 43
6039 195 0 280 43
6040 135 1 267 43
6041 196 0 261 43
6042 136 1 482 86
6043 197 0 473 86
6044 137 1 411 86
6045 198 0 403 86
6046 138 1 381 86
6047 199 0 374 86
6048 139 1 326 86
6049 200 0 319 86
6050 140 1 273 86
6051 201 0 267 86
6052 141 1 492 172
6053 202 0 483 172
6054 142 1 446 172
6055 203 0 438 172
6056 143 1 387 172
6057 204 0 379 172
6058 144 1 353 172
6059 205 0 346 172
6060 145 1 309 172
6061 206 0 303 172
6062 146 1 276 172
6063 207 0 269 172
6064 147 1 426 345
6065 208 0 411 345
6066 148 1 368 345
6067 209 1 480 126
6068 248 1 358 126
6069 252 1 308 126
6070 252 1 269 126
6071 252 1 464 252
6072 252 1 405 252
6073 252 1 357 252
6074 252 1 318 252
6075 252 1 288 252
6076 252 1 259 252
6077 252 0 432 329
6078 -1 1 432 227
6079 247 1 399 227
6080 253 1 360 227
6081 253 1 329 227
6082 253 1 299 227
6083 253 1 276 227
6084 253 1 508 455
6085 253 1 473 455
6086 253 0 264 125
6087 -1 0 264 250
6088 247 0 352 129
6089 -1 0 352 258
6090 247 1 309 258
6091 254 1 287 258
6092 254 1 266 258
6093 254 0 320 206
6094 -1 1 320 92
6095 247 1 279 92
6096 255 1 488 185
6097 255 1 432 185
6098 255 1 386 185
6099 255 1 343 185
6100 255 1 308 185
6101 255 1 281 185
6102 255 1 510 371
6103 255 1 469 371
6104 255 1 430 371
6105 255 1 398 371
6106 255 0 480 58
6107 -1 0 480 117
6108 247 1 427 117
6109 256 1 361 117
6110 256 1 308 117
6111 256 1 267 117
6112 256 1 456 235
6113 256 1 394 235
6114 256 1 343 235
6115 256 1 302 235
6116 256 1 270 235
6117 256 1 480 470
6118 256 0 384 304
6119 -1 1 384 225
6120 247 1 341 225
6121 256 1 291 225
6122 256 1 504 451
6123 256 0 496 77
6124 -1 0 496 155
6125 247 1 448 155
6126 256 1 368 155
6127 256 1 312 155
6128 256 1 269 155
6129 256 1 456 310
6130 256 1 391 310
6131 256 1 337 310
6132 256 0 344 134
6133 -1 0 344 268
6134 247 1 311 268
6135 256 0 384 40
6136 -1 0 384 80
6137 247 1 347 80
6138 256 1 271 80
6139 256 1 424 160
6140 256 1 343 160
6141 256 1 278 160
6142 256 1 454 320
6143 256 1 374 320
6144 256 0 448 23
6145 -1 0 448 46
6146 247 1 407 46
6147 256 1 326 46
6148 256 1 261 46
6149 256 1 420 92
6150 256 1 351 92
6151 256 1 295 92
6152 256 1 504 185
6153 256 1 435 185
6154 256 1 379 185
6155 256 1 334 185
6156 256 1 291 185
6157 256 1 258 185
6158 256 1 452 370
6159 256 1 402 370
6160 -1 1 402 339
6161 -1 1 402 276
6162 -1 1 402 150
6163 -1 0 402 301
6164 -1 1 402 200
6165 -1 0 402 400
6166 -1 1 402 398
6167 -1 1 402 395
6168 247 0 264 215
6169 -1 1 264 167
6170 247 1 454 334
6171 256 1 406 334
6172 256 1 367 334
6173 256 1 336 334
6174 256 0 480 456
6175 -1 1 480 432
6176 247 0 472 88
6177 -1 0 472 177
6178 247 1 392 177
6179 256 1 338 177
6180 256 1 295 177
6181 256 1 262 177
6182 256 1 460 354
6183 256 1 410 354
6184 256 1 369 354
6185 256 0 264 144
6186 -1 1 264 25
6187 96 1 258 25
6188 134 1 478 51
6189 195 0 469 51
6190 135 1 448 51
6191 196 0 439 51
6192 136 1 412 51
6193 197 0 404 51
6194 137 1 353 51
6195 198 0 346 51
6196 138 1 328 51
6197 199 0 321 51
6198 139 1 276 51
6199 200 0 270 51
6200 140 1 454 102
6201 201 0 445 102
6202 141 1 416 102
6203 202 0 408 102
6204 142 1 378 102
6205 203 0 371 102
6206 143 1 330 102
6207 204 0 323 102
6208 144 1 299 102
6209 205 0 293 102
6210 145 1 264 102
6211 206 0 258 102
6212 146 1 464 204
6213 207 0 453 204
6214 147 1 364 204
6215 208 0 352 204
6216 148 1 317 204
6217 209 0 280 204
6218 248 1 422 408
6219 252 0 472 362
6220 -1 1 472 253
6221 247 1 396 253
6222 253 1 348 253
6223 253 1 309 253
6224 253 1 279 253
6225 253 0 464 49
6226 -1 0 464 99
6227 247 1 392 99
6228 254 1 344 99
6229 254 1 305 99
6230 254 1 275 99
6231 254 1 492 199
6232 254 1 447 199
6233 254 1 410 199
6234 254 1 375 199
6235 254 1 347 199
6236 254 1 320 199
6237 254 1 294 199
6238 254 1 274 199
6239 254 1 510 399
6240 254 1 480 399
6241 -1 1 480 319
6242 -1 1 480 158
6243 -1 0 480 317
6244 -1 1 480 154
6245 -1 0 480 308
6246 -1 1 480 137
6247 247 1 411 137
6248 255 1 360 137
6249 255 1 319 137
6250 255 1 287 137
6251 255 1 257 137
6252 255 1 456 274
6253 255 1 411 274
6254 255 1 374 274
6255 255 1 344 274
6256 255 1 316 274
6257 255 1 294 274
6258 255 0 336 26
6259 -1 0 336 52
6260 247 1 288 52
6261 256 1 494 104
6262 256 1 429 104
6263 256 1 375 104
6264 256 1 332 104
6265 256 1 291 104
6266 256 1 259 104
6267 256 1 458 208
6268 256 1 410 208
6269 256 1 371 208
6270 256 1 340 208
6271 256 1 310 208
6272 256 1 287 208
6273 256 1 265 208
6274 -1 1 265 151
6275 -1 1 265 38
6276 -1 0 265 77
6277 -1 0 265 155
6278 -1 1 265 45
6279 -1 0 265 90
6280 247 1 456 181
6281 256 1 421 181
6282 256 1 392 181
6283 256 1 365 181
6284 256 1 343 181
6285 256 1 322 181
6286 256 1 302 181
6287 256 1 287 181
6288 256 1 273 181
6289 256 1 259 181
6290 256 1 492 362
6291 256 1 471 362
6292 256 1 451 362
6293 256 1 432 362
6294 -1 1 432 292
6295 -1 1 432 152
6296 -1 0 432 305
6297 -1 1 432 178
6298 -1 0 432 357
6299 -1 1 432 282
6300 247 1 381 282
6301 256 1 368 282
6302 256 1 356 282
6303 256 1 344 282
6304 256 1 333 282
6305 256 1 322 282
6306 256 1 312 282
6307 256 1 304 282
6308 256 1 297 282
6309 256 1 290 282
6310 256 1 283 282
6311 256 0 384 369
6312 -1 1 384 355
6313 247 0 384 157
6314 -1 0 384 314
6315 247 1 318 314
6316 256 0 336 283
6317 -1 1 336 231
6318 247 1 283 231
6319 256 1 496 463
6320 256 0 448 191
6321 -1 0 448 382
6322 247 0 276 12
6323 -1 0 276 24
6324 247 1 446 48
6325 256 1 380 48
6326 256 1 327 48
6327 256 1 277 48
6328 256 1 476 97
6329 256 1 414 97
6330 256 1 363 97
6331 256 1 322 97
6332 256 1 283 97
6333 256 1 506 194
6334 256 1 458 194
6335 256 1 413 194
6336 256 1 376 194
6337 256 1 346 194
6338 -1 1 346 42
6339 -1 0 346 85
6340 -1 0 346 170
6341 -1 0 346 341
6342 247 0 496 456
6343 -1 1 496 416
6344 247 0 416 97
6345 -1 0 416 195
6346 247 1 311 195
6347 256 1 288 195
6348 256 1 266 195
6349 256 1 490 390
6350 256 1 457 390
6351 256 1 426 390
6352 256 1 400 390
6353 256 0 400 247
6354 -1 1 400 95
6355 247 1 300 95
6356 256 1 270 95
6357 256 1 482 191
6358 256 1 437 191
6359 256 1 400 191
6360 256 1 365 191
6361 256 1 337 191
6362 256 1 310 191
6363 256 1 289 191
6364 256 1 269 191
6365 256 1 500 383
6366 256 1 470 383
6367 256 1 442 383
6368 256 1 419 383
6369 -1 1 419 347
6370 -1 1 419 275
6371 -1 1 419 132
6372 -1 0 419 264
6373 -1 1 419 110
6374 -1 0 419 220
6375 -1 1 419 22
6376 -1 0 419 44
6377 96 1 411 44
6378 134 1 385 44
6379 195 0 377 44
6380 135 1 363 44
6381 196 0 356 44
6382 136 1 334 44
6383 197 0 327 44
6384 137 1 286 44
6385 198 0 280 44
6386 138 1 266 44
6387 199 0 260 44
6388 139 1 450 88
6389 200 0 441 88
6390 140 1 382 88
6391 201 0 375 88
6392 141 1 352 88
6393 202 0 345 88
6394 142 1 321 88
6395 203 0 314 88
6396 143 1 282 88
6397 204 0 276 88
6398 144 1 257 88
6399 205 0 502 177
6400 145 1 457 177
6401 206 0 448 177
6402 146 1 407 177
6403 207 0 398 177
6404 147 1 325 177
6405 208 0 313 177
6406 148 1 286 177
6407 209 0 502 354
6408 248 1 392 354
6409 252 0 308 157
6410 -1 1 308 6
6411 247 1 484 13
6412 253 1 415 13
6413 253 1 359 13
6414 253 1 314 13
6415 253 1 279 13
6416 253 1 492 27
6417 253 1 439 27
6418 253 1 396 27
6419 253 1 355 27
6420 253 1 322 27
6421 253 1 291 27
6422 253 1 267 27
6423 253 1 488 55
6424 253 1 451 55
6425 -1 0 451 111
6426 -1 0 451 223
6427 247 1 347 223
6428 254 1 326 223
6429 254 1 306 223
6430 254 1 291 223
6431 254 1 277 223
6432 254 1 263 223
6433 254 1 500 447
6434 254 1 479 447
6435 254 1 459 447
6436 254 0 304 124
6437 -1 0 304 248
6438 247 0 472 29
6439 -1 0 472 59
6440 247 1 350 59
6441 255 1 307 59
6442 255 1 274 59
6443 255 1 484 118
6444 255 1 434 118
6445 255 1 393 118
6446 255 1 354 118
6447 255 1 323 118
6448 255 1 293 118
6449 255 1 270 118
6450 255 1 496 236
6451 255 1 461 236
6452 255 1 428 236
6453 255 1 401 236
6454 -1 1 401 71
6455 -1 0 401 142
6456 -1 0 401 284
6457 -1 1 401 167
6458 247 1 301 167
6459 256 1 286 167
6460 256 1 272 167
6461 256 1 258 167
6462 256 1 490 335
6463 256 1 469 335
6464 256 1 449 335
6465 256 1 430 335
6466 256 1 415 335
6467 256 1 400 335
6468 256 1 386 335
6469 256 1 373 335
6470 256 1 362 335
6471 256 1 352 335
6472 -1 1 352 318
6473 -1 1 352 285
6474 -1 1 352 218
6475 -1 1 352 85
6476 -1 0 352 171
6477 -1 0 352 343
6478 -1 1 352 335
6479 -1 1 352 319
6480 -1 1 352 287
6481 -1 1 352 223
6482 247 1 272 223
6483 256 1 264 223
6484 256 1 257 223
6485 256 1 500 446
6486 256 1 489 446
6487 256 1 478 446
6488 256 1 468 446
6489 256 1 459 446
6490 256 1 450 446
6491 256 0 288 189
6492 -1 1 288 90
6493 247 1 452 180
6494 256 1 419 180
6495 256 1 392 180
6496 256 1 366 180
6497 256 1 345 180
6498 256 1 325 180
6499 256 1 306 180
6500 256 1 292 180
6501 256 1 278 180
6502 256 1 265 180
6503 256 1 506 361
6504 256 1 486 361
6505 256 1 467 361
6506 256 1 449 361
6507 -1 1 449 273
6508 -1 1 449 97
6509 -1 0 449 194
6510 -1 0 449 389
6511 -1 1 449 329
6512 -1 1 449 210
6513 247 1 350 210
6514 256 1 338 210
6515 256 1 326 210
6516 256 1 315 210
6517 256 1 306 210
6518 256 1 298 210
6519 256 1 290 210
6520 256 1 283 210
6521 256 1 276 210
6522 256 1 269 210
6523 256 1 263 210
6524 256 1 257 210
6525 256 1 502 421
6526 256 1 493 421
6527 -1 1 493 349
6528 -1 1 493 205
6529 -1 0 493 411
6530 -1 1 493 329
6531 -1 1 493 166
6532 -1 0 493 333
6533 247 1 399 333
6534 256 1 391 333
6535 256 1 383 333
6536 256 1 376 333
6537 256 1 369 333
6538 256 1 362 333
6539 256 1 355 333
6540 256 1 348 333
6541 256 1 341 333
6542 256 1 334 333
6543 256 0 448 399
6544 -1 1 448 351
6545 247 1 359 351
6546 256 0 384 265
6547 -1 1 384 147
6548 247 1 311 147
6549 256 1 278 147
6550 256 1 492 295
6551 256 1 442 295
6552 256 1 401 295
6553 256 1 362 295
6554 256 1 331 295
6555 256 1 301 295
6556 256 0 368 287
6557 -1 1 368 206
6558 247 1 309 206
6559 256 1 272 206
6560 256 1 474 413
6561 256 1 418 413
6562 256 0 368 331
6563 -1 1 368 294
6564 247 1 312 294
6565 256 0 368 230
6566 -1 1 368 93
6567 247 1 315 93
6568 256 1 259 93
6569 256 1 412 187
6570 256 1 339 187
6571 256 1 280 187
6572 256 1 468 374
6573 256 1 396 374
6574 256 0 472 296
6575 -1 1 472 120
6576 247 1 403 120
6577 256 1 326 120
6578 256 1 264 120
6579 256 1 432 240
6580 256 1 366 240
6581 256 1 313 240
6582 256 1 272 240
6583 256 0 312 60
6584 -1 0 312 121
6585 96 1 306 121
6586 134 1 289 121
6587 195 0 283 121
6588 135 1 272 121
6589 196 0 266 121
6590 136 1 498 242
6591 197 0 489 242
6592 137 1 436 242
6593 198 0 428 242
6594 138 1 409 242
6595 199 0 401 242
6596 139 1 353 242
6597 200 0 346 242
6598 140 1 298 242
6599 201 0 292 242
6600 141 1 274 242
6601 202 0 268 242
6602 142 1 498 485
6603 203 0 489 485
6604 143 0 400 375
6605 144 0 416 17
6606 145 1 379 17
6607 206 0 372 17
6608 146 1 344 17
6609 207 0 337 17
6610 147 1 278 17
6611 208 0 269 17
6612 148 1 486 34
6613 209 0 430 34
6614 248 1 340 34
6615 252 1 260 34
6616 252 1 396 68
6617 252 1 310 68
6618 252 1 508 137
6619 252 1 419 137
6620 252 1 346 137
6621 252 1 287 137
6622 252 1 482 274
6623 252 1 410 274
6624 252 1 351 274
6625 252 1 303 274
6626 252 0 296 71
6627 -1 0 296 143
6628 247 1 257 143
6629 253 1 472 287
6630 253 1 439 287
6631 253 1 412 287
6632 253 1 386 287
6633 253 1 361 287
6634 253 1 341 287
6635 253 1 322 287
6636 253 1 304 287
6637 253 1 290 287
6638 253 0 416 324
6639 -1 1 416 232
6640 247 1 362 232
6641 254 1 331 232
6642 254 1 301 232
6643 254 1 278 232
6644 254 1 256 232
6645 254 1 470 465
6646 254 0 264 226
6647 -1 1 264 189
6648 247 1 458 379
6649 255 1 428 379
6650 255 1 403 379
6651 255 1 380 379
6652 255 0 304 288
6653 -1 1 304 272
6654 247 0 264 10
6655 -1 0 264 20
6656 247 1 436 40
6657 256 1 359 40
6658 256 1 297 40
6659 256 1 498 81
6660 256 1 422 81
6661 256 1 359 81
6662 256 1 309 81
6663 256 1 270 81
6664 256 1 466 163
6665 256 1 407 163
6666 256 1 359 163
6667 256 1 320 163
6668 256 1 283 163
6669 256 1 508 326
6670 -1 1 508 144
6671 -1 0 508 289
6672 -1 1 508 71
6673 -1 0 508 143
6674 247 1 436 143
6675 256 1 397 143
6676 256 1 360 143
6677 256 1 330 143
6678 256 1 302 143
6679 256 1 280 143
6680 256 1 259 143
6681 256 1 478 287
6682 256 1 447 287
6683 256 1 421 287
6684 256 1 396 287
6685 256 1 373 287
6686 256 1 354 287
6687 256 1 336 287
6688 -1 1 336 239
6689 -1 1 336 142
6690 -1 0 336 284
6691 -1 1 336 233
6692 -1 1 336 130
6693 -1 0 336 261
6694 247 1 286 261
6695 256 1 272 261
6696 256 0 416 74
6697 -1 0 416 148
6698 247 1 360 148
6699 256 1 327 148
6700 256 1 296 148
6701 256 1 272 148
6702 256 1 498 297
6703 256 1 461 297
6704 256 1 426 297
6705 256 1 397 297
6706 256 1 370 297
6707 256 1 348 297
6708 256 1 327 297
6709 256 1 307 297
6710 256 0 480 162
6711 -1 0 480 325
6712 247 1 418 325
6713 256 1 375 325
6714 256 1 340 325
6715 256 0 264 151
6716 -1 1 264 39
6717 247 1 458 79
6718 256 1 389 79
6719 256 1 333 79
6720 256 1 288 79
6721 256 1 506 158
6722 256 1 450 158
6723 256 1 397 158
6724 256 1 354 158
6725 256 1 319 158
6726 256 1 292 158
6727 256 1 266 158
6728 256 1 484 316
6729 256 1 445 316
6730 256 1 413 316
6731 -1 1 413 219
6732 -1 1 413 25
6733 -1 0 413 50
6734 -1 0 413 101
6735 -1 0 413 202
6736 -1 0 413 404
6737 247 0 384 313
6738 -1 1 384 242
6739 247 1 318 242
6740 256 1 297 242
6741 256 1 277 242
6742 256 1 258 242
6743 256 0 288 45
6744 -1 0 288 90
6745 247 1 490 180
6746 256 1 437 180
6747 256 1 394 180
6748 256 1 353 180
6749 256 1 320 180
6750 256 1 289 180
6751 256 1 265 180
6752 256 1 484 360
6753 256 1 447 360
6754 256 1 417 360
6755 256 1 388 360
6756 256 1 361 360
6757 256 0 352 340
6758 -1 1 352 329
6759 96 1 345 329
6760 134 0 320 78
6761 135 1 307 78
6762 196 0 301 78
6763 136 1 285 78
6764 197 0 279 78
6765 137 1 498 157
6766 198 0 489 157
6767 138 1 468 157
6768 199 0 459 157
6769 139 1 406 157
6770 200 0 398 157
6771 140 1 344 157
6772 201 0 337 157
6773 141 1 316 157
6774 202 0 310 157
6775 142 1 292 157
6776 203 0 286 157
6777 143 1 486 315
6778 204 0 477 315
6779 144 1 424 315
6780 205 0 416 315
6781 145 1 381 315
6782 206 0 374 315
6783 146 1 347 315
6784 207 0 340 315
6785 147 0 448 250
6786 148 1 407 250
6787 209 0 361 250
6788 248 1 289 250
6789 252 0 384 76
6790 -1 0 384 153
6791 247 1 325 153
6792 253 1 292 153
6793 253 1 266 153
6794 253 1 484 306
6795 253 1 445 306
6796 253 1 413 306
6797 253 1 383 306
6798 253 1 359 306
6799 253 1 336 306
6800 253 1 314 306
6801 253 0 272 154
6802 -1 1 272 36
6803 247 1 466 73
6804 254 1 410 73
6805 254 1 364 73
6806 254 1 327 73
6807 254 1 292 73
6808 254 1 265 73
6809 254 1 478 146
6810 254 1 437 146
6811 254 1 404 146
6812 254 1 372 146
6813 254 1 346 146
6814 254 1 322 146
6815 254 1 299 146
6816 254 1 281 146
6817 -1 1 281 11
6818 -1 0 281 23
6819 -1 0 281 47
6820 -1 0 281 94
6821 247 1 488 189
6822 255 1 438 189
6823 255 1 397 189
6824 255 1 358 189
6825 255 1 327 189
6826 255 1 297 189
6827 255 1 274 189
6828 255 1 504 379
6829 255 1 469 379
6830 255 1 436 379
6831 255 1 409 379
6832 255 1 383 379
6833 255 0 336 284
6834 -1 1 336 233
6835 247 1 293 233
6836 256 1 261 233
6837 256 0 480 36
6838 -1 0 480 73
6839 247 1 424 73
6840 256 1 361 73
6841 256 1 311 73
6842 256 1 272 73
6843 256 1 470 146
6844 256 1 411 146
6845 256 1 363 146
6846 256 1 324 146
6847 256 1 287 146
6848 256 1 258 146
6849 256 1 462 293
6850 256 1 419 293
6851 256 1 384 293
6852 256 1 351 293
6853 -1 1 351 236
6854 -1 1 351 121
6855 -1 0 351 242
6856 -1 1 351 134
6857 -1 0 351 268
6858 -1 1 351 185
6859 247 1 312 185
6860 256 1 290 185
6861 256 1 269 185
6862 256 1 498 370
6863 256 1 467 370
6864 256 1 437 370
6865 256 1 412 370
6866 256 1 389 370
6867 256 0 352 61
6868 -1 0 352 123
6869 247 1 315 123
6870 256 1 285 123
6871 256 1 256 123
6872 256 1 458 247
6873 256 1 415 247
6874 256 1 380 247
6875 256 1 352 247
6876 256 1 325 247
6877 256 1 299 247
6878 256 1 279 247
6879 256 1 260 247
6880 256 0 288 91
6881 -1 0 288 183
6882 247 1 259 183
6883 256 1 454 366
6884 256 1 404 366
6885 256 0 328 29
6886 -1 0 328 58
6887 247 1 295 58
6888 256 1 508 116
6889 256 1 443 116
6890 256 1 389 116
6891 256 1 338 116
6892 256 1 297 116
6893 256 1 265 116
6894 256 1 470 232
6895 256 1 422 232
6896 256 1 383 232
6897 256 1 352 232
6898 256 1 322 232
6899 256 1 294 232
6900 256 1 272 232
6901 -1 1 272 192
6902 -1 1 272 112
6903 -1 0 272 225
6904 -1 1 272 178
6905 -1 1 272 85
6906 -1 0 272 170
6907 247 1 492 341
6908 256 1 457 341
6909 256 1 424 341
6910 256 1 397 341
6911 256 1 371 341
6912 256 1 350 341
6913 256 0 320 187
6914 -1 1 320 54
6915 247 1 290 54
6916 256 1 260 54
6917 256 1 462 109
6918 256 1 417 109
6919 256 1 380 109
6920 256 1 350 109
6921 256 1 322 109
6922 256 1 295 109
6923 256 1 274 109
6924 256 1 508 218
6925 256 1 477 218
6926 256 1 447 218
6927 256 1 422 218
6928 256 1 399 218
6929 -1 1 399 38
6930 -1 0 399 77
6931 -1 0 399 154
6932 -1 0 399 309
6933 247 1 366 309
6934 256 1 347 309
6935 256 1 329 309
6936 256 1 312 309
6937 256 0 416 347
6938 -1 1 416 278
6939 247 1 384 278
6940 256 1 345 278
6941 256 1 314 278
6942 256 1 290 278
6943 256 0 368 189
6944 -1 1 368 10
6945 96 1 361 10
6946 134 1 324 10
6947 195 0 317 10
6948 135 1 307 10
6949 196 0 301 10
6950 136 1 286 10
6951 197 0 280 10
6952 137 1 502 21
6953 198 0 493 21
6954 138 1 473 21
6955 199 0 464 21
6956 139 1 414 21
6957 200 0 406 21
6958 140 1 355 21
6959 201 0 348 21
6960 141 1 328 21
6961 202 0 321 21
6962 142 1 300 21
6963 203 0 294 21
6964 143 1 506 43
6965 204 0 497 43
6966 144 1 447 43
6967 205 0 439 43
6968 145 1 406 43
6969 206 0 398 43
6970 146 1 368 43
6971 207 0 361 43
6972 147 1 292 43
6973 208 0 283 43
6974 148 1 260 43
6975 209 0 460 86
6976 248 1 366 86
6977 252 1 290 86
6978 252 1 462 172
6979 252 1 368 172
6980 252 1 303 172
6981 252 1 504 344
6982 252 1 424 344
6983 252 1 358 344
6984 252 0 424 316
6985 -1 1 424 208
6986 247 1 394 208
6987 253 1 351 208
6988 253 1 316 208
6989 253 1 289 208
6990 253 1 263 208
6991 253 1 478 417
6992 253 1 439 417
6993 253 0 256 85
6994 -1 0 256 170
6995 247 1 472 340
6996 254 1 444 340
6997 254 1 421 340
6998 254 1 399 340
6999 254 1 378 340
7000 254 1 361 340
7001 254 1 345 340
7002 254 0 480 330
7003 -1 1 480 180
7004 247 1 449 180
7005 255 1 399 180
7006 255 1 358 180
7007 255 1 325 180
7008 255 1 294 180
7009 255 1 270 180
7010 255 1 494 360
7011 255 1 457 360
7012 255 1 422 360
7013 255 1 393 360
7014 255 1 366 360
7015 255 0 352 265
7016 -1 1 352 179
7017 247 1 330 179
7018 256 1 285 179
7019 256 1 500 358
7020 256 1 444 358
7021 256 1 398 358
7022 256 0 344 29
7023 -1 0 344 58
7024 247 1 323 58
7025 256 1 270 58
7026 256 1 458 116
7027 256 1 393 116
7028 256 1 339 116
7029 256 1 296 116
7030 256 1 263 116
7031 256 1 462 233
7032 256 1 412 233
7033 256 1 371 233
7034 256 1 338 233
7035 256 1 307 233
7036 256 1 283 233
7037 256 1 260 233
7038 -1 1 260 207
7039 -1 1 260 155
7040 -1 1 260 50
7041 -1 0 260 101
7042 -1 0 260 202
7043 -1 1 260 145
7044 -1 1 260 30
7045 -1 0 260 61
7046 247 1 488 123
7047 256 1 451 123
7048 256 1 416 123
7049 256 1 387 123
7050 256 1 360 123
7051 256 1 338 123
7052 256 1 317 123
7053 256 1 301 123
7054 256 1 286 123
7055 256 1 272 123
7056 256 1 258 123
7057 256 1 490 246
7058 256 1 469 246
7059 256 1 449 246
7060 -1 1 449 44
7061 -1 0 449 89
7062 -1 0 449 179
7063 -1 0 449 359
7064 247 1 424 359
7065 256 1 408 359
7066 256 1 393 359
7067 256 1 378 359
7068 256 1 366 359
7069 256 0 352 128
7070 -1 0 352 256
7071 247 1 334 256
7072 256 1 306 256
7073 256 1 284 256
7074 256 1 263 256
7075 256 0 320 208
7076 -1 1 320 96
7077 247 1 303 96
7078 256 1 270 96
7079 256 1 476 193
7080 256 1 426 193
7081 256 1 385 193
7082 256 1 346 193
7083 256 1 315 193
7084 256 1 291 193
7085 256 1 268 193
7086 256 1 492 387
7087 256 1 457 387
7088 256 1 424 387
7089 256 1 397 387
7090 256 0 416 259
7091 -1 1 416 103
7092 247 1 397 103
7093 256 1 351 103
7094 256 1 314 103
7095 256 1 285 103
7096 256 1 258 103
7097 256 1 464 207
7098 256 1 423 207
7099 256 1 390 207
7100 256 1 358 207
7101 256 1 332 207
7102 256 1 308 207
7103 256 1 289 207
7104 256 1 271 207
7105 256 1 508 414
7106 -1 1 508 321
7107 -1 1 508 134
7108 -1 0 508 269
7109 -1 1 508 31
7110 -1 0 508 62
7111 -1 0 508 124
7112 247 1 487 124
7113 256 1 460 124
7114 256 1 435 124
7115 256 1 414 124
7116 256 1 394 124
7117 256 1 375 124
7118 256 1 360 124
7119 256 1 346 124
7120 256 1 332 124
7121 256 1 319 124
7122 256 1 309 124
7123 256 1 299 124
7124 256 1 290 124
7125 256 1 281 124
7126 -1 0 281 249
7127 -1 1 281 217
7128 247 1 269 217
7129 256 1 261 217
7130 256 1 506 435
7131 256 1 494 435
7132 256 1 482 435
7133 256 1 471 435
7134 256 1 460 435
7135 256 1 450 435
7136 256 1 441 435
7137 256 0 256 91
7138 -1 0 256 182
7139 247 1 490 364
7140 256 1 457 364
7141 256 1 426 364
7142 256 1 400 364
7143 256 1 375 364
7144 256 0 320 155
7145 -1 0 320 310
7146 247 0 416 116
7147 -1 0 416 232
7148 247 1 381 232
7149 256 1 344 232
7150 256 1 309 232
7151 256 1 282 232
7152 256 1 256 232
7153 256 0 384 3
7154 -1 0 384 6
7155 96 1 376 6
7156 134 1 341 6
7157 195 0 334 6
7158 135 1 322 6
7159 196 0 315 6
7160 136 1 301 6
7161 197 0 295 6
7162 137 1 268 6
7163 198 0 262 6
7164 138 1 502 13
7165 199 0 493 13
7166 139 1 445 13
7167 200 0 437 13
7168 140 1 389 13
7169 201 0 381 13
7170 141 1 362 13
7171 202 0 355 13
7172 142 1 335 13
7173 203 0 328 13
7174 143 1 280 13
7175 204 0 274 13
7176 144 1 490 26
7177 205 0 481 26
7178 145 1 444 26
7179 206 0 436 26
7180 146 1 407 26
7181 207 0 399 26
7182 147 1 322 26
7183 208 0 312 26
7184 148 1 290 26
7185 209 0 261 26
7186 248 1 416 53
7187 252 1 335 53
7188 252 1 270 53
7189 252 1 438 106
7190 252 1 369 106
7191 252 1 313 106
7192 252 1 270 106
7193 252 1 458 212
7194 252 1 393 212
7195 252 1 339 212
7196 252 1 296 212
7197 252 1 263 212
7198 252 1 462 425
7199 252 0 400 111
7200 -1 0 400 223
7201 247 1 367 223
7202 253 1 324 223
7203 253 1 283 223
7204 253 1 502 446
7205 253 1 452 446
7206 253 0 384 340
7207 -1 1 384 296
7208 247 1 352 296
7209 254 1 321 296
7210 254 0 480 86
7211 -1 0 480 173
7212 247 1 445 173
7213 255 1 399 173
7214 255 1 356 173
7215 255 1 321 173
7216 255 1 288 173
7217 255 1 262 173
7218 255 1 476 347
7219 255 1 437 347
7220 255 1 405 347
7221 255 1 375 347
7222 255 1 351 347
7223 255 0 368 310
7224 -1 1 368 252
7225 247 1 344 252
7226 256 1 299 252
7227 256 1 264 252
7228 256 0 264 170
7229 -1 1 264 77
7230 247 1 490 155
7231 256 1 414 155
7232 256 1 351 155
7233 256 1 301 155
7234 256 1 262 155
7235 256 1 450 310
7236 256 1 391 310
7237 256 1 343 310
7238 256 0 312 51
7239 -1 0 312 103
7240 247 1 294 103
7241 256 1 496 207
7242 256 1 424 207
7243 256 1 365 207
7244 256 1 317 207
7245 256 1 280 207
7246 256 1 490 414
7247 256 1 434 414
7248 256 0 368 211
7249 -1 1 368 55
7250 247 1 347 55
7251 256 1 291 55
7252 256 1 496 111
7253 256 1 427 111
7254 256 1 371 111
7255 256 1 326 111
7256 256 1 283 111
7257 256 1 500 222
7258 256 1 447 222
7259 256 1 404 222
7260 256 1 363 222
7261 256 1 330 222
7262 256 1 299 222
7263 256 1 275 222
7264 -1 1 275 170
7265 -1 1 275 65
7266 -1 0 275 130
7267 -1 0 275 261
7268 -1 1 275 248
7269 -1 1 275 221
7270 247 1 259 221
7271 256 1 472 443
7272 256 0 296 71
7273 -1 0 296 142
7274 247 1 281 142
7275 256 1 492 284
7276 256 1 436 284
7277 256 1 390 284
7278 256 1 347 284
7279 256 1 312 284
7280 256 1 285 284
7281 256 0 416 401
7282 -1 1 416 387
7283 247 1 395 387
7284 256 0 448 386
7285 -1 1 448 325
7286 247 1 425 325
7287 256 1 348 325
7288 256 0 496 315
7289 -1 1 496 135
7290 247 1 474 135
7291 256 1 370 135
7292 256 1 298 135
7293 256 1 484 270
7294 256 1 395 270
7295 256 1 322 270
7296 256 0 472 62
7297 -1 0 472 125
7298 247 1 451 125
7299 256 1 347 125
7300 256 1 275 125
7301 256 1 438 250
7302 256 1 361 250
7303 256 1 299 250
7304 256 1 502 501
7305 256 0 304 301
7306 -1 1 304 299
7307 247 0 384 227
7308 -1 1 384 70
7309 247 1 347 70
7310 256 1 278 70
7311 256 1 450 140
7312 256 1 365 140
7313 256 1 306 140
7314 256 1 260 140
7315 256 1 434 280
7316 256 1 375 280
7317 256 1 327 280
7318 256 1 282 280
7319 256 0 280 264
7320 -1 1 280 249
7321 96 1 274 249
7322 134 0 432 35
7323 135 1 419 35
7324 196 0 411 35
7325 136 1 391 35
7326 197 0 383 35
7327 137 1 352 35
7328 198 0 345 35
7329 138 1 332 35
7330 199 0 325 35
7331 139 1 292 35
7332 200 0 286 35
7333 140 1 508 71
7334 201 0 499 71
7335 141 1 475 71
7336 202 0 466 71
7337 142 1 441 71
7338 203 0 433 71
7339 143 1 379 71
7340 204 0 372 71
7341 144 1 339 71
7342 205 0 332 71
7343 145 1 306 71
7344 206 0 300 71
7345 146 1 281 71
7346 207 0 275 71
7347 147 1 448 142
7348 208 0 435 142
7349 148 1 405 142
7350 209 0 366 142
7351 248 1 304 142
7352 252 1 261 142
7353 252 1 440 284
7354 252 1 384 284
7355 252 1 330 284
7356 252 1 287 284
7357 252 0 264 245
7358 -1 1 264 226
7359 247 1 480 452
7360 253 0 276 165
7361 -1 1 276 54
7362 247 1 506 109
7363 254 1 444 109
7364 254 1 393 109
7365 254 1 345 109
7366 254 1 306 109
7367 254 1 276 109
7368 254 1 494 219
7369 254 1 449 219
7370 254 1 406 219
7371 254 1 371 219
7372 254 1 343 219
7373 254 1 316 219
7374 254 1 295 219
7375 254 1 275 219
7376 -1 1 275 163
7377 -1 1 275 51
7378 -1 0 275 102
7379 -1 0 275 205
7380 -1 1 275 136
7381 -1 0 275 272
7382 247 0 352 304
7383 -1 1 352 256
7384 247 1 309 256
7385 255 1 277 256
7386 255 0 480 145
7387 -1 0 480 290
7388 247 1 424 290
7389 256 1 355 290
7390 256 1 299 290
7391 256 0 344 275
7392 -1 1 344 206
7393 247 1 305 206
7394 256 1 498 413
7395 256 0 356 16
7396 -1 0 356 33
7397 247 1 319 33
7398 256 1 506 67
7399 256 1 402 67
7400 256 1 316 67
7401 256 1 260 67
7402 256 1 414 134
7403 256 1 341 134
7404 256 1 282 134
7405 256 1 472 268
7406 256 1 400 268
7407 256 1 341 268
7408 256 1 293 268
7409 256 0 296 102
7410 -1 0 296 204
7411 247 1 267 204
7412 256 1 438 408
7413 256 0 264 146
7414 -1 1 264 29
7415 247 1 474 58
7416 256 1 380 58
7417 256 1 315 58
7418 256 1 264 58
7419 256 1 432 117
7420 256 1 366 117
7421 256 1 313 117
7422 256 1 272 117
7423 256 1 466 234
7424 256 1 404 234
7425 256 1 353 234
7426 256 1 312 234
7427 256 1 280 234
7428 256 1 500 469
7429 -1 1 500 439
7430 -1 1 500 379
7431 -1 1 500 259
7432 -1 1 500 19
7433 -1 0 500 39
7434 -1 0 500 78
7435 -1 0 500 157
7436 -1 0 500 314
7437 -1 1 500 129
7438 -1 0 500 258
7439 247 1 457 258
7440 256 1 409 258
7441 256 1 370 258
7442 256 1 339 258
7443 256 1 309 258
7444 256 1 286 258
7445 256 1 264 258
7446 256 0 336 241
7447 -1 1 336 147
7448 247 1 306 147
7449 256 1 271 147
7450 256 1 476 294
7451 256 1 423 294
7452 256 1 380 294
7453 256 1 345 294
7454 256 1 312 294
7455 256 0 416 142
7456 -1 0 416 284
7457 247 1 383 284
7458 256 1 335 284
7459 256 1 290 284
7460 256 0 280 237
7461 -1 1 280 194
7462 247 1 258 194
7463 256 1 420 389
7464 256 0 264 143
7465 -1 1 264 23
7466 247 1 486 47
7467 256 1 392 47
7468 256 1 315 47
7469 256 1 264 47
7470 256 1 432 94
7471 256 1 366 94
7472 256 1 313 94
7473 256 1 272 94
7474 256 1 466 188
7475 256 1 404 188
7476 256 1 353 188
7477 256 1 312 188
7478 256 1 280 188
7479 256 1 500 376
7480 -1 1 500 252
7481 -1 1 500 4
7482 -1 0 500 9
7483 -1 0 500 19
7484 -1 0 500 39
7485 -1 0 500 79
7486 100 1 479 79
7487 149 1 436 79
7488 210 0 416 79
7489 150 1 357 79
7490 211 0 334 79
7491 151 1 303 79
7492 212 0 510 158
7493 258 1 315 158
7494 262 1 476 316
7495 262 1 354 316
7496 262 0 340 188
7497 -1 1 340 36
7498 257 1 268 36
7499 263 1 430 72
7500 263 1 357 72
7501 263 1 298 72
7502 263 1 504 145
7503 263 1 432 145
7504 263 1 373 145
7505 263 1 325 145
7506 263 1 280 145
7507 263 1 490 291
7508 263 1 434 291
7509 263 1 388 291
7510 263 1 345 291
7511 263 1 310 291
7512 -1 1 310 273
7513 -1 1 310 236
7514 -1 1 310 162
7515 -1 1 310 15
7516 -1 0 310 31
7517 -1 0 310 63
7518 -1 0 310 126
7519 -1 0 310 252
7520 -1 1 310 194
7521 -1 1 310 78
7522 257 1 508 157
7523 264 1 419 157
7524 264 1 346 157
7525 264 1 287 157
7526 264 1 482 315
7527 264 1 410 315
7528 264 1 351 315
7529 264 0 384 99
7530 -1 0 384 199
7531 257 1 307 199
7532 265 1 277 199
7533 265 1 496 399
7534 265 1 451 399
7535 265 1 408 399
7536 265 0 280 212
7537 -1 1 280 145
7538 100 1 268 145
7539 149 1 488 290
7540 210 0 466 290
7541 150 1 401 290
7542 211 0 375 290
7543 151 1 345 290
7544 212 1 448 10
7545 258 1 263 10
7546 262 1 364 20
7547 262 1 270 20
7548 262 1 394 40
7549 262 1 294 40
7550 262 1 456 81
7551 262 1 352 81
7552 262 1 280 81
7553 262 1 448 163
7554 262 1 359 163
7555 262 1 297 163
7556 262 1 498 326
7557 262 1 422 326
7558 262 1 359 326
7559 -1 1 359 293
7560 -1 1 359 228
7561 -1 1 359 98
7562 -1 0 359 197
7563 -1 1 359 35
7564 -1 0 359 71
7565 -1 0 359 142
7566 -1 0 359 285
7567 257 1 297 285
7568 263 0 432 240
7569 -1 1 432 48
7570 257 1 363 48
7571 264 1 298 48
7572 264 1 494 96
7573 264 1 414 96
7574 264 1 348 96
7575 264 1 295 96
7576 264 1 508 192
7577 264 1 443 192
7578 264 1 389 192
7579 264 1 338 192
7580 264 1 297 192
7581 264 1 265 192
7582 264 1 470 385
7583 264 1 422 385
7584 -1 1 422 349
7585 -1 1 422 276
7586 -1 1 422 131
7587 -1 0 422 263
7588 -1 1 422 105
7589 -1 0 422 211
7590 -1 1 422 0
7591 -1 0 422 0
7592 104 1 406 0
7593 152 1 311 0
7594 213 0 303 0
7595 153 1 444 0
7596 214 0 422 0
7597 154 1 270 0
7598 215 0 256 0
7599 155 1 358 1
7600 216 0 337 1
7601 156 1 358 2
7602 217 0 330 2
7603 157 1 360 5
7604 218 0 329 5
7605 158 1 402 11
7606 219 0 369 11
7607 159 1 494 22
7608 220 0 425 22
7609 160 1 476 44
7610 221 0 366 44
7611 161 1 432 88
7612 222 0 315 88
7613 162 1 420 177
7614 223 0 297 177
7615 163 1 440 354
7616 224 0 416 245
7617 164 1 494 490
7618 225 0 454 446
7619 165 0 340 309
7620 267 1 488 365
7621 271 1 399 365
7622 271 0 292 156
7623 -1 1 292 20
7624 266 1 273 20
7625 272 1 384 40
7626 272 1 273 40
7627 272 1 400 81
7628 272 1 300 81
7629 272 1 468 162
7630 272 1 364 162
7631 272 1 292 162
7632 272 1 472 325
7633 272 1 383 325
7634 272 0 496 37
7635 -1 0 496 74
7636 266 1 466 74
7637 273 1 356 74
7638 273 1 280 74
7639 273 1 442 148
7640 273 1 361 148
7641 273 1 296 148
7642 273 1 490 297
7643 273 1 410 297
7644 273 1 344 297
7645 273 0 424 48
7646 -1 0 424 97
7647 266 1 399 97
7648 274 1 304 97
7649 274 1 484 194
7650 274 1 385 194
7651 274 1 304 194
7652 274 1 502 389
7653 274 1 417 389
7654 274 0 276 167
7655 -1 1 276 59
7656 266 1 260 59
7657 275 1 388 118
7658 275 1 298 118
7659 275 1 478 236
7660 275 1 384 236
7661 275 1 307 236
7662 275 1 256 236
7663 275 0 384 227
7664 -1 1 384 71
7665 266 1 362 71
7666 275 1 286 71
7667 275 1 454 142
7668 275 1 360 142
7669 275 1 295 142
7670 275 1 488 285
7671 275 1 408 285
7672 275 1 342 285
7673 275 1 289 285
7674 275 0 328 298
7675 -1 1 328 268
7676 266 1 310 268
7677 275 0 424 93
7678 -1 0 424 187
7679 266 1 404 187
7680 275 1 309 187
7681 275 1 494 375
7682 275 1 395 375
7683 275 0 324 247
7684 -1 1 324 171
7685 266 1 308 171
7686 275 1 484 342
7687 275 1 380 342
7688 275 0 288 138
7689 -1 0 288 276
7690 266 0 384 26
7691 -1 0 384 52
7692 266 1 347 52
7693 275 1 258 52
7694 275 1 378 105
7695 275 1 298 105
7696 275 1 472 211
7697 275 1 373 211
7698 275 1 304 211
7699 275 1 502 423
7700 275 0 340 27
7701 -1 0 340 55
7702 266 1 310 55
7703 275 1 496 111
7704 275 1 397 111
7705 275 1 316 111
7706 275 1 263 111
7707 275 1 424 223
7708 275 1 355 223
7709 275 1 299 223
7710 275 1 256 223
7711 275 0 328 68
7712 -1 0 328 137
7713 266 1 300 137
7714 275 1 494 274
7715 275 1 409 274
7716 275 1 340 274
7717 275 1 284 274
7718 275 0 344 269
7719 -1 1 344 195
7720 266 1 317 195
7721 275 1 261 195
7722 275 1 416 390
7723 275 0 292 188
7724 -1 1 292 85
7725 104 1 281 85
7726 152 1 438 170
7727 213 0 427 170
7728 153 1 316 170
7729 214 0 302 170
7730 154 1 404 340
7731 215 0 385 340
7732 155 0 420 242
7733 156 0 356 1
7734 157 1 428 2
7735 218 0 393 2
7736 158 1 498 4
7737 219 0 461 4
7738 159 1 303 4
7739 220 0 264 4
7740 160 1 282 8
7741 221 0 440 16
7742 161 1 271 16
7743 222 0 388 32
7744 162 1 488 65
7745 223 0 353 65
7746 163 1 264 65
7747 224 0 272 130
7748 164 1 322 261
7749 225 0 352 230
7750 165 1 276 230
7751 226 0 400 218
7752 267 0 480 437
7753 -1 1 480 395
7754 268 1 440 100
7755 271 1 350 100
7756 271 1 278 100
7757 271 1 444 200
7758 271 1 367 200
7759 271 1 305 200
7760 271 1 257 200
7761 271 1 422 401
7762 271 0 504 340
7763 -1 1 504 176
7764 266 1 469 176
7765 272 1 365 176
7766 272 1 293 176
7767 272 1 474 352
7768 272 1 385 352
7769 272 0 292 160
7770 -1 1 292 28
7771 266 1 272 28
7772 273 1 432 57
7773 273 1 355 57
7774 273 1 293 57
7775 273 1 490 115
7776 273 1 414 115
7777 273 1 351 115
7778 273 1 301 115
7779 273 1 262 115
7780 273 1 450 231
7781 273 1 391 231
7782 273 1 343 231
7783 273 1 304 231
7784 273 1 274 231
7785 -1 1 274 189
7786 -1 1 274 104
7787 -1 0 274 209
7788 -1 1 274 145
7789 -1 1 274 16
7790 -1 0 274 32
7791 266 1 510 65
7792 274 1 406 65
7793 274 1 320 65
7794 274 1 502 130
7795 274 1 413 130
7796 274 1 340 130
7797 274 1 281 130
7798 274 1 470 260
7799 274 1 398 260
7800 274 1 339 260
7801 274 1 291 260
7802 274 0 296 48
7803 -1 0 296 97
7804 266 1 278 97
7805 275 1 432 194
7806 275 1 346 194
7807 275 1 277 194
7808 275 1 448 389
7809 275 0 340 104
7810 -1 0 340 209
7811 266 1 319 209
7812 275 1 257 209
7813 275 0 472 90
7814 -1 0 472 180
7815 266 1 445 180
7816 275 1 340 180
7817 275 1 510 361
7818 275 1 400 361
7819 275 0 360 206
7820 -1 1 360 52
7821 266 1 341 52
7822 275 1 504 104
7823 275 1 388 104
7824 275 1 293 104
7825 275 1 462 209
7826 275 1 363 209
7827 275 1 294 209
7828 275 1 482 418
7829 275 0 340 85
7830 -1 0 340 171
7831 266 1 322 171
7832 275 1 492 342
7833 275 1 393 342
7834 275 0 324 123
7835 -1 0 324 247
7836 266 1 307 247
7837 275 0 264 26
7838 -1 0 264 52
7839 266 1 502 105
7840 275 1 374 105
7841 275 1 285 105
7842 275 1 432 210
7843 275 1 337 210
7844 275 1 261 210
7845 275 0 472 68
7846 -1 0 472 136
7847 266 1 451 136
7848 275 1 329 136
7849 275 1 488 272
7850 275 1 378 272
7851 275 1 302 272
7852 275 0 472 237
7853 -1 1 472 3
7854 104 1 455 3
7855 152 1 356 3
7856 213 0 347 3
7857 153 1 258 3
7858 214 0 488 6
7859 154 1 330 6
7860 215 0 315 6
7861 155 1 468 13
7862 216 0 441 13
7863 156 1 508 27
7864 217 0 471 27
7865 157 1 286 27
7866 218 0 263 27
7867 158 1 336 54
7868 219 0 310 54
7869 159 1 440 109
7870 220 0 386 109
7871 160 1 434 218
7872 221 0 348 218
7873 161 0 270 11
7874 162 1 350 22
7875 223 0 256 22
7876 163 1 374 44
7877 224 0 414 89
7878 164 1 262 89
7879 225 0 268 178
7880 165 1 418 357
7881 226 0 320 198
7882 267 1 256 12
7883 271 1 400 25
7884 271 1 323 25
7885 271 1 261 25
7886 271 1 426 51
7887 271 1 360 51
7888 271 1 307 51
7889 271 1 266 51
7890 271 1 454 103
7891 271 1 392 103
7892 271 1 341 103
7893 271 1 300 103
7894 271 1 268 103
7895 271 1 476 206
7896 -1 0 476 412
7897 -1 1 476 348
7898 266 1 456 348
7899 272 1 352 348
7900 272 0 288 273
7901 -1 1 288 259
7902 266 1 277 259
7903 273 0 464 184
7904 -1 0 464 368
7905 266 1 446 368
7906 274 1 377 368
7907 274 0 448 378
7908 -1 1 448 308
7909 266 1 431 308
7910 275 1 326 308
7911 275 0 340 269
7912 -1 1 340 198
7913 266 1 328 198
7914 275 1 458 396
7915 275 0 256 132
7916 -1 1 256 8
7917 266 1 494 16
7918 275 1 344 16
7919 275 1 480 32
7920 275 1 345 32
7921 275 1 502 65
7922 275 1 380 65
7923 275 1 295 65
7924 275 1 458 131
7925 275 1 354 131
7926 275 1 282 131
7927 275 1 452 263
7928 275 1 363 263
7929 275 1 301 263
7930 275 0 384 84
7931 -1 0 384 169
7932 266 1 372 169
7933 275 1 296 169
7934 275 1 474 339
7935 275 1 380 339
7936 275 0 260 98
7937 -1 0 260 196
7938 266 1 504 393
7939 275 1 394 393
7940 275 0 360 357
7941 -1 1 360 354
7942 266 0 288 121
7943 -1 0 288 242
7944 266 1 266 242
7945 275 0 292 199
7946 -1 1 292 107
7947 266 1 271 107
7948 275 1 380 214
7949 275 1 286 214
7950 275 0 292 6
7951 -1 0 292 13
7952 266 1 272 13
7953 275 1 382 27
7954 275 1 288 27
7955 275 1 430 54
7956 275 1 330 54
7957 275 1 500 108
7958 275 1 396 108
7959 275 1 310 108
7960 275 1 508 217
7961 275 1 419 217
7962 275 1 346 217
7963 275 1 287 217
7964 275 1 482 434
7965 275 0 288 99
7966 -1 0 288 198
7967 266 1 269 198
7968 275 1 426 397
7969 275 0 308 195
7970 -1 1 308 82
7971 104 1 298 82
7972 152 1 484 164
7973 213 0 472 164
7974 153 1 356 164
7975 214 0 340 164
7976 154 1 460 329
7977 215 0 440 329
7978 155 0 444 0
7979 156 1 266 0
7980 217 0 490 1
7981 157 1 315 1
7982 218 0 293 1
7983 158 1 406 2
7984 219 0 377 2
7985 159 1 273 2
7986 220 0 476 5
7987 160 1 291 5
7988 221 0 470 11
7989 161 1 275 11
7990 222 0 404 22
7991 162 1 274 22
7992 223 0 402 45
7993 163 1 307 45
7994 224 0 358 91
7995 164 1 472 182
7996 225 0 490 364
7997 165 1 396 364
7998 226 0 338 274
7999 267 1 284 157
8000 271 1 510 315
8001 271 1 465 315
8002 271 1 422 315
8003 271 1 387 315
8004 271 1 354 315
8005 271 1 327 315
8006 271 0 416 225
8007 -1 1 416 35
8008 266 1 390 35
8009 272 1 285 35
8010 272 1 432 71
8011 272 1 337 71
8012 272 1 261 71
8013 272 1 404 142
8014 272 1 323 142
8015 272 1 258 142
8016 272 1 414 284
8017 272 1 345 284
8018 272 1 289 284
8019 272 0 344 304
8020 -1 1 344 265
8021 266 1 323 265
8022 273 1 273 265
8023 273 0 312 255
8024 -1 1 312 198
8025 266 1 296 198
8026 274 1 480 397
8027 274 0 356 25
8028 -1 0 356 50
8029 266 1 337 50
8030 275 1 257 50
8031 275 1 390 101
8032 275 1 304 101
8033 275 1 496 202
8034 275 1 407 202
8035 275 1 334 202
8036 275 1 275 202
8037 275 1 458 404
8038 275 0 288 74
8039 -1 0 288 149
8040 266 1 274 149
8041 275 1 436 299
8042 275 1 359 299
8043 275 0 496 18
8044 -1 0 496 37
8045 266 1 473 37
8046 275 1 369 37
8047 275 1 297 37
8048 275 1 482 75
8049 275 1 393 75
8050 275 1 320 75
8051 275 1 261 75
8052 275 1 430 150
8053 275 1 367 150
8054 275 1 317 150
8055 275 1 278 150
8056 275 1 482 301
8057 275 1 423 301
8058 275 1 375 301
8059 -1 1 375 227
8060 -1 1 375 79
8061 -1 0 375 159
8062 -1 0 375 319
8063 -1 1 375 264
8064 -1 1 375 154
8065 266 1 359 154
8066 275 1 320 154
8067 275 1 283 154
8068 275 1 508 308
8069 275 1 463 308
8070 275 1 420 308
8071 275 1 385 308
8072 275 1 352 308
8073 275 1 325 308
8074 275 0 416 155
8075 -1 0 416 310
8076 266 1 398 310
8077 275 1 347 310
8078 275 0 328 36
8079 -1 0 328 73
8080 266 1 314 73
8081 275 1 268 73
8082 275 1 450 146
8083 275 1 381 146
8084 275 1 333 146
8085 275 1 288 146
8086 275 1 506 293
8087 275 1 450 293
8088 275 1 397 293
8089 275 1 354 293
8090 275 1 319 293
8091 275 0 432 26
8092 -1 0 432 52
8093 266 1 416 52
8094 275 1 357 52
8095 275 1 309 52
8096 275 1 272 52
8097 275 1 474 105
8098 275 1 418 105
8099 275 1 372 105
8100 275 1 335 105
8101 275 1 300 105
8102 275 1 273 105
8103 275 1 494 210
8104 275 1 453 210
8105 275 1 414 210
8106 275 1 382 210
8107 -1 1 382 39
8108 -1 0 382 79
8109 -1 0 382 158
8110 -1 0 382 317
8111 266 1 369 317
8112 275 1 343 317
8113 275 1 319 317
8114 275 0 304 273
8115 -1 1 304 242
8116 266 1 294 242
8117 275 1 262 242
8118 275 0 480 166
8119 -1 0 480 333
8120 266 1 464 333
8121 275 1 392 333
8122 275 0 472 0
8123 -1 0 472 0
8124 104 1 457 0
8125 152 1 368 0
8126 213 0 360 0
8127 153 1 280 0
8128 214 0 268 0
8129 154 1 366 0
8130 215 0 352 0
8131 155 1 484 0
8132 216 0 459 0
8133 156 1 264 0
8134 217 0 488 1
8135 157 1 322 1
8136 218 0 296 1
8137 158 1 422 3
8138 219 0 395 3
8139 159 1 278 3
8140 220 0 490 7
8141 160 1 315 7
8142 221 0 262 7
8143 161 1 302 15
8144 222 0 466 30
8145 162 1 324 30
8146 223 0 478 61
8147 163 1 374 61
8148 224 0 448 122
8149 164 1 290 122
8150 225 0 324 244
8151 165 1 259 244
8152 226 0 256 226
8153 267 1 256 196
8154 271 1 442 392
8155 271 1 394 392
8156 271 0 368 358
8157 -1 1 368 349
8158 266 1 357 349
8159 272 0 276 246
8160 -1 1 276 217
8161 266 1 267 217
8162 273 0 424 25
8163 -1 0 424 50
8164 266 1 412 50
8165 274 1 317 50
8166 274 1 510 101
8167 274 1 411 101
8168 274 1 330 101
8169 274 1 265 101
8170 274 1 428 202
8171 274 1 359 202
8172 274 1 303 202
8173 274 1 260 202
8174 274 1 438 405
8175 274 0 448 188
8176 -1 0 448 376
8177 266 1 435 376
8178 275 0 308 73
8179 -1 0 308 146
8180 266 1 301 146
8181 275 1 470 293
8182 275 1 366 293
8183 275 1 294 293
8184 275 0 448 446
8185 -1 1 448 444
8186 266 0 384 265
8187 -1 1 384 147
8188 266 1 354 147
8189 275 1 274 147
8190 275 1 424 294
8191 275 1 338 294
8192 275 0 276 101
8193 -1 0 276 203
8194 266 1 256 203
8195 275 0 264 53
8196 -1 0 264 106
8197 266 1 490 213
8198 275 1 362 213
8199 275 1 273 213
8200 275 0 276 38
8201 -1 0 276 76
8202 266 1 258 76
8203 275 1 354 152
8204 275 1 260 152
8205 275 1 374 305
8206 275 0 340 66
8207 -1 0 340 132
8208 266 1 319 132
8209 275 1 476 264
8210 275 1 348 264
8211 275 0 356 21
8212 -1 0 356 42
8213 266 1 336 42
8214 275 1 474 85
8215 275 1 346 85
8216 275 1 257 85
8217 275 1 376 171
8218 275 1 296 171
8219 275 1 468 343
8220 275 1 369 343
8221 275 0 276 174
8222 -1 1 276 72
8223 266 1 261 72
8224 275 1 390 144
8225 275 1 300 144
8226 275 1 482 288
8227 275 1 388 288
8228 275 1 311 288
8229 275 0 408 227
8230 -1 1 408 47
8231 266 1 387 47
8232 275 1 297 47
8233 275 1 476 94
8234 275 1 382 94
8235 275 1 317 94
8236 275 1 266 94
8237 275 1 436 188
8238 275 1 370 188
8239 275 1 317 188
8240 275 1 276 188
8241 275 1 474 376
8242 275 1 412 376
8243 275 0 408 126
8244 -1 0 408 253
8245 104 1 396 253
8246 152 1 323 253
8247 213 0 315 253
8248 153 0 496 0
8249 154 1 361 0
8250 215 0 348 0
8251 155 1 488 1
8252 216 0 464 1
8253 156 1 279 1
8254 217 0 260 1
8255 157 1 330 2
8256 218 0 306 2
8257 158 1 450 4
8258 219 0 420 4
8259 159 1 309 4
8260 220 0 277 4
8261 160 1 354 9
8262 221 0 292 9
8263 161 1 374 18
8264 222 0 294 18
8265 162 1 426 37
8266 223 0 331 37
8267 163 1 259 37
8268 224 0 286 74
8269 164 1 392 148
8270 225 0 428 296
8271 165 1 355 296
8272 226 0 334 217
8273 267 1 334 101
8274 271 1 278 101
8275 271 1 470 202
8276 271 1 401 202
8277 271 1 345 202
8278 271 1 300 202
8279 271 1 265 202
8280 271 1 464 404
8281 271 1 411 404
8282 271 0 344 291
8283 -1 1 344 238
8284 266 1 327 238
8285 272 1 494 477
8286 272 0 416 350
8287 -1 1 416 285
8288 266 1 397 285
8289 273 1 302 285
8290 273 0 496 362
8291 -1 1 496 229
8292 266 1 475 229
8293 274 1 386 229
8294 274 1 313 229
8295 274 1 265 229
8296 274 0 368 87
8297 -1 0 368 174
8298 266 1 354 174
8299 275 1 295 174
8300 275 1 498 349
8301 275 1 426 349
8302 275 1 367 349
8303 275 0 384 246
8304 -1 1 384 108
8305 266 1 368 108
8306 275 1 303 108
8307 275 1 504 216
8308 275 1 424 216
8309 275 1 358 216
8310 275 1 305 216
8311 275 1 264 216
8312 275 1 450 433
8313 275 0 496 363
8314 -1 1 496 230
8315 266 1 478 230
8316 275 1 398 230
8317 275 1 332 230
8318 275 1 279 230
8319 275 1 476 460
8320 275 0 260 196
8321 -1 1 260 133
8322 266 1 500 267
8323 275 1 411 267
8324 275 1 338 267
8325 275 1 279 267
8326 275 0 368 276
8327 -1 1 368 184
8328 266 1 356 184
8329 275 1 287 184
8330 275 1 468 368
8331 275 1 383 368
8332 275 0 472 352
8333 -1 1 472 233
8334 266 1 457 233
8335 275 1 353 233
8336 275 1 281 233
8337 275 0 448 64
8338 -1 0 448 129
8339 266 1 434 129
8340 275 1 339 129
8341 275 1 263 129
8342 275 1 408 258
8343 275 1 327 258
8344 275 1 262 258
8345 275 0 408 380
8346 -1 1 408 353
8347 266 1 396 353
8348 275 0 360 190
8349 -1 1 360 21
8350 266 1 351 21
8351 275 1 262 21
8352 275 1 386 42
8353 275 1 291 42
8354 275 1 458 85
8355 275 1 359 85
8356 275 1 290 85
8357 275 1 474 170
8358 275 1 389 170
8359 275 1 320 170
8360 275 1 264 170
8361 275 1 442 341
8362 275 1 383 341
8363 275 0 384 48
8364 -1 0 384 96
8365 266 1 373 96
8366 275 1 308 96
8367 275 1 257 96
8368 275 1 418 193
8369 275 1 352 193
8370 275 1 299 193
8371 275 1 258 193
8372 275 1 438 386
8373 275 0 432 17
8374 -1 0 432 34
8375 104 1 420 34
8376 152 1 351 34
8377 213 0 344 34
8378 153 1 510 69
8379 214 0 490 69
8380 154 1 362 69
8381 215 0 350 69
8382 155 1 502 139
8383 216 0 479 139
8384 156 1 304 139
8385 217 0 286 139
8386 157 1 392 278
8387 218 0 365 278
8388 158 0 376 31
8389 159 1 287 31
8390 220 0 257 31
8391 160 1 324 63
8392 221 0 265 63
8393 161 1 330 127
8394 222 0 508 254
8395 162 1 380 254
8396 223 0 304 254
8397 163 0 448 48
8398 164 1 306 48
8399 225 0 380 96
8400 165 1 321 96
8401 226 1 290 192
8402 267 1 256 61
8403 271 1 426 123
8404 271 1 367 123
8405 271 1 319 123
8406 271 1 282 123
8407 271 1 494 246
8408 271 1 438 246
8409 271 1 392 246
8410 271 1 349 246
8411 271 1 314 246
8412 271 1 287 246
8413 271 1 261 246
8414 271 0 384 147
8415 -1 0 384 294
8416 266 1 374 294
8417 272 0 356 37
8418 -1 0 356 75
8419 266 1 348 75
8420 273 1 259 75
8421 273 1 380 151
8422 273 1 300 151
8423 273 1 476 303
8424 273 1 377 303
8425 273 1 308 303
8426 273 0 424 387
8427 -1 1 424 351
8428 266 1 415 351
8429 274 0 324 68
8430 -1 0 324 136
8431 266 1 317 136
8432 275 1 269 136
8433 275 1 446 273
8434 275 1 383 273
8435 275 1 333 273
8436 275 1 285 273
8437 275 0 296 204
8438 -1 1 296 113
8439 266 1 290 113
8440 275 1 484 226
8441 275 1 408 226
8442 275 1 345 226
8443 275 1 295 226
8444 275 1 256 226
8445 275 0 296 57
8446 -1 0 296 115
8447 266 1 290 115
8448 275 1 484 230
8449 275 1 408 230
8450 275 1 345 230
8451 275 1 295 230
8452 275 1 256 230
8453 275 0 296 95
8454 -1 0 296 190
8455 266 1 290 190
8456 275 1 484 381
8457 275 1 408 381
8458 275 0 504 294
8459 -1 1 504 85
8460 266 1 495 85
8461 275 1 401 85
8462 275 1 324 85
8463 275 1 262 85
8464 275 1 428 170
8465 275 1 362 170
8466 275 1 309 170
8467 275 1 268 170
8468 275 1 458 341
8469 275 1 396 341
8470 275 1 345 341
8471 275 0 328 299
8472 -1 1 328 270
8473 266 1 321 270
8474 275 0 448 45
8475 -1 0 448 90
8476 266 1 439 90
8477 275 1 358 90
8478 275 1 293 90
8479 275 1 484 180
8480 275 1 404 180
8481 275 1 338 180
8482 275 1 285 180
8483 275 1 488 360
8484 275 1 423 360
8485 275 1 369 360
8486 275 0 344 279
8487 -1 1 344 214
8488 266 1 337 214
8489 275 1 278 214
8490 275 1 464 428
8491 275 0 288 146
8492 -1 1 288 5
8493 104 1 280 5
8494 152 1 468 10
8495 213 0 459 10
8496 153 1 343 10
8497 214 0 329 10
8498 154 1 480 21
8499 215 0 464 21
8500 155 1 336 21
8501 216 0 320 21
8502 156 1 396 42
8503 217 0 371 42
8504 157 1 267 42
8505 218 0 498 85
8506 158 1 348 85
8507 219 0 327 85
8508 159 1 484 171
8509 220 0 436 171
8510 160 1 306 171
8511 221 0 260 171
8512 161 0 380 27
8513 162 1 291 27
8514 223 0 464 55
8515 163 1 354 55
8516 224 0 438 110
8517 164 1 321 110
8518 225 0 372 220
8519 165 1 316 220
8520 226 0 256 65
8521 267 1 256 130
8522 271 1 438 260
8523 271 1 387 260
8524 271 1 339 260
8525 271 1 300 260
8526 271 1 270 260
8527 271 0 464 306
8528 -1 1 464 148
8529 266 1 455 148
8530 272 1 320 148
8531 272 1 452 296
8532 272 1 330 296
8533 272 0 340 204
8534 -1 1 340 68
8535 266 1 333 68
8536 273 1 506 136
8537 273 1 402 136
8538 273 1 316 136
8539 273 1 260 136
8540 273 1 414 272
8541 273 1 341 272
8542 273 1 282 272
8543 273 0 368 293
8544 -1 1 368 219
8545 266 1 361 219
8546 274 1 281 219
8547 274 0 496 5
8548 -1 0 496 11
8549 266 1 487 11
8550 275 1 393 11
8551 275 1 316 11
8552 275 1 265 11
8553 275 1 434 23
8554 275 1 368 23
8555 275 1 315 23
8556 275 1 274 23
8557 275 1 470 46
8558 275 1 408 46
8559 275 1 357 46
8560 275 1 316 46
8561 275 1 284 46
8562 275 1 508 92
8563 -1 0 508 184
8564 -1 0 508 368
8565 266 1 499 368
8566 275 1 451 368
8567 275 1 406 368
8568 275 1 369 368
8569 275 0 480 479
8570 -1 1 480 479
8571 266 0 288 271
8572 -1 1 288 255
8573 266 1 268 255
8574 275 0 296 193
8575 -1 1 296 91
8576 266 1 277 91
8577 275 1 458 183
8578 275 1 382 183
8579 275 1 329 183
8580 275 1 279 183
8581 275 1 480 366
8582 275 1 418 366
8583 275 1 367 366
8584 275 0 328 324
8585 -1 1 328 321
8586 266 0 352 254
8587 -1 1 352 157
8588 266 1 313 157
8589 275 1 267 157
8590 275 1 448 314
8591 275 1 379 314
8592 275 1 331 314
8593 275 0 360 227
8594 -1 1 360 94
8595 266 1 323 94
8596 275 1 264 94
8597 275 1 436 188
8598 275 1 373 188
8599 275 1 323 188
8600 275 1 275 188
8601 275 1 476 377
8602 275 1 417 377
8603 275 0 384 64
8604 -1 0 384 128
8605 266 1 343 128
8606 275 1 287 128
8607 275 1 488 257
8608 275 1 419 257
8609 275 1 363 257
8610 275 1 318 257
8611 275 1 283 257
8612 275 0 264 62
8613 -1 0 264 124
8614 266 1 474 249
8615 275 1 398 249
8616 275 1 335 249
8617 275 1 285 249
8618 275 0 312 29
8619 -1 0 312 58
8620 3 0 304 58
8621 68 0 376 116
8622 69 0 400 232
8623 69 1 394 59
8624 69 0 372 118
8625 68 0 474 236
8626 69 0 494 472
8627 69 1 432 389
8628 69 1 394 309
8629 68 1 304 134
8630 68 0 376 269
8631 69 1 352 139
8632 69 1 352 279
8633 69 0 334 188
8634 68 0 398 377
8635 69 0 416 374
8636 69 1 416 332
8637 69 0 416 248
8638 68 0 264 248
8639 69 1 256 224
8640 69 0 256 193
8641 69 1 256 130
8642 68 0 312 261
8643 69 0 256 155
8644 69 1 256 55
8645 69 1 256 110
8646 68 0 322 221
8647 69 0 334 133
8648 69 1 316 267
8649 69 0 256 158
8650 68 0 332 317
8651 69 0 352 322
8652 69 1 352 293
8653 69 0 352 235
8654 68 0 496 470
8655 69 1 480 429
8656 69 0 480 379
8657 69 1 480 279
8658 68 0 345 279
8659 69 0 352 220
8660 69 1 352 89
8661 69 1 352 179
8662 68 0 258 179
8663 69 0 256 99
8664 69 1 256 199
8665 69 0 256 142
8666 68 0 366 284
8667 69 0 352 189
8668 69 1 352 27
8669 69 1 352 54
8670 68 0 267 54
8671 69 1 278 108
8672 69 1 300 216
8673 69 0 492 156
8674 68 0 382 156
8675 69 1 448 312
8676 69 0 410 139
8677 69 1 446 279
8678 68 0 356 279
8679 69 0 300 147
8680 69 1 344 295
8681 69 0 300 202
8682 64 0 400 9
8683 73 1 389 9
8684 73 1 378 9
8685 73 1 369 9
8686 73 1 361 9
8687 79 1 333 9
8688 83 1 298 9
8689 60 0 257 9
8690 96 1 502 19
8691 134 1 433 19
8692 195 0 425 19
8693 135 1 413 19
8694 196 0 405 19
8695 136 1 386 19
8696 197 0 378 19
8697 137 1 348 19
8698 198 0 341 19
8699 138 1 329 19
8700 199 0 322 19
8701 139 1 291 19
8702 200 0 285 19
8703 140 1 510 38
8704 201 0 501 38
8705 141 1 478 38
8706 202 0 469 38
8707 142 1 445 38
8708 203 0 437 38
8709 143 1 386 38
8710 204 0 378 38
8711 144 1 347 38
8712 205 0 340 38
8713 145 1 316 38
8714 206 0 310 38
8715 146 1 292 38
8716 207 0 286 38
8717 147 1 476 77
8718 208 0 464 77
8719 148 1 431 77
8720 209 0 394 77
8721 248 1 325 77
8722 252 1 269 77
8723 252 1 452 154
8724 252 1 383 154
8725 252 1 335 154
8726 252 1 290 154
8727 252 1 510 308
8728 252 1 454 308
8729 252 1 401 308
8730 252 1 358 308
8731 252 1 323 308
8732 252 0 264 147
8733 -1 1 264 31
8734 247 1 488 62
8735 253 1 399 62
8736 253 1 326 62
8737 253 1 267 62
8738 253 1 442 124
8739 253 1 379 124
8740 253 1 329 124
8741 253 1 281 124
8742 253 1 488 248
8743 253 1 429 248
8744 253 1 381 248
8745 253 1 342 248
8746 253 1 305 248
8747 253 1 276 248
8748 -1 1 276 221
8749 -1 1 276 166
8750 -1 1 276 56
8751 -1 0 276 112
8752 -1 0 276 224
8753 -1 1 276 172
8754 -1 1 276 68
8755 -1 0 276 136
8756 247 1 257 136
8757 254 1 476 272
8758 254 1 446 272
8759 254 1 421 272
8760 254 1 398 272
8761 254 1 376 272
8762 254 1 358 272
8763 254 1 341 272
8764 254 1 325 272
8765 254 1 310 272
8766 254 1 298 272
8767 254 1 287 272
8768 254 1 276 272
8769 254 0 320 216
8770 -1 1 320 112
8771 247 1 298 112
8772 255 1 510 224
8773 255 1 441 224
8774 255 1 385 224
8775 255 1 331 224
8776 255 1 288 224
8777 255 1 510 449
8778 255 1 457 449
8779 255 0 400 342
8780 -1 1 400 285
8781 247 1 375 285
8782 256 1 340 285
8783 256 1 307 285
8784 256 0 416 64
8785 -1 0 416 128
8786 247 1 393 128
8787 256 1 337 128
8788 256 1 292 128
8789 256 1 257 128
8790 256 1 448 256
8791 256 1 395 256
8792 256 1 352 256
8793 256 1 317 256
8794 256 1 290 256
8795 256 1 264 256
8796 256 0 384 256
8797 -1 1 384 128
8798 247 1 362 128
8799 256 1 317 128
8800 256 1 282 128
8801 256 1 498 257
8802 256 1 445 257
8803 256 1 402 257
8804 256 1 361 257
8805 256 1 328 257
8806 256 1 297 257
8807 256 1 273 257
8808 256 0 368 114
8809 -1 0 368 228
8810 247 1 350 228
8811 256 1 305 228
8812 256 1 270 228
8813 256 1 474 456
8814 256 0 424 280
8815 -1 1 424 136
8816 247 1 404 136
8817 256 1 338 136
8818 256 1 285 136
8819 256 1 488 273
8820 256 1 423 273
8821 256 1 369 273
8822 256 1 326 273
8823 256 1 285 273
8824 256 0 256 164
8825 -1 1 256 72
8826 247 1 486 145
8827 256 1 410 145
8828 256 1 347 145
8829 256 1 297 145
8830 256 1 258 145
8831 256 1 442 291
8832 256 1 391 291
8833 256 1 343 291
8834 256 1 304 291
8835 256 0 480 281
8836 -1 1 480 82
8837 247 1 459 82
8838 256 1 387 82
8839 256 1 328 82
8840 256 1 280 82
8841 256 1 486 165
8842 256 1 427 165
8843 256 1 379 165
8844 256 1 340 165
8845 256 1 303 165
8846 256 1 274 165
8847 256 1 494 330
8848 256 1 451 330
8849 256 1 410 330
8850 256 1 377 330
8851 -1 1 377 283
8852 -1 1 377 190
8853 -1 1 377 4
8854 -1 0 377 8
8855 -1 0 377 17
8856 -1 0 377 35
8857 -1 0 377 71
8858 -1 0 377 142
8859 247 1 363 142
8860 256 1 336 142
8861 256 1 310 142
8862 256 1 290 142
8863 256 1 271 142
8864 256 1 506 285
8865 256 1 478 285
8866 256 1 451 285
8867 256 1 426 285
8868 256 1 405 285
8869 256 1 385 285
8870 256 1 366 285
8871 256 1 351 285
8872 256 1 337 285
8873 -1 1 337 234
8874 -1 1 337 132
8875 -1 0 337 265
8876 -1 1 337 193
8877 -1 1 337 49
8878 -1 0 337 99
8879 247 1 323 99
8880 256 1 309 99
8881 256 1 298 99
8882 256 1 288 99
8883 256 1 278 99
8884 256 1 269 99
8885 256 1 260 99
8886 256 1 504 198
8887 256 1 491 198
8888 256 1 479 198
8889 256 1 467 198
8890 256 1 456 198
8891 256 1 445 198
8892 256 1 436 198
8893 -1 0 436 396
8894 -1 1 436 356
8895 247 1 421 356
8896 256 1 413 356
8897 256 1 405 356
8898 256 1 397 356
8899 256 1 389 356
8900 256 1 381 356
8901 256 1 374 356
8902 256 1 367 356
8903 256 1 360 356
8904 256 0 448 196
8905 -1 0 448 393
8906 247 1 431 393
8907 256 1 402 393
8908 256 0 432 288
8909 -1 1 432 145
8910 247 1 418 145
8911 256 1 372 145
8912 256 1 335 145
8913 256 1 300 145
8914 256 1 273 145
8915 256 1 494 291
8916 256 1 453 291
8917 256 1 414 291
8918 256 1 382 291
8919 256 1 356 291
8920 256 1 332 291
8921 256 1 309 291
8922 256 0 288 8
8923 -1 0 288 16
8924 96 1 282 16
8925 134 1 486 33
8926 195 0 477 33
8927 135 1 463 33
8928 196 0 454 33
8929 136 1 433 33
8930 197 0 425 33
8931 137 1 392 33
8932 198 0 384 33
8933 138 1 370 33
8934 199 0 363 33
8935 139 1 333 33
8936 200 0 326 33
8937 140 1 291 33
8938 201 0 285 33
8939 141 1 272 33
8940 202 0 266 33
8941 142 1 504 67
8942 203 0 495 67
8943 143 1 439 67
8944 204 0 431 67
8945 144 1 396 67
8946 205 0 388 67
8947 145 1 361 67
8948 206 0 354 67
8949 146 1 333 67
8950 207 0 326 67
8951 147 1 270 67
8952 208 0 263 67
8953 148 1 488 134
8954 209 0 447 134
8955 248 1 381 134
8956 252 1 331 134
8957 252 1 283 134
8958 252 1 492 269
8959 252 1 433 269
8960 252 1 385 269
8961 252 1 339 269
8962 252 1 302 269
8963 252 1 273 269
8964 252 0 432 377
8965 -1 1 432 323
8966 247 1 419 323
8967 253 1 380 323
8968 253 1 349 323
8969 253 0 480 75
8970 -1 0 480 150
8971 247 1 466 150
8972 254 1 425 150
8973 254 1 392 150
8974 254 1 360 150
8975 254 1 334 150
8976 254 1 310 150
8977 254 1 291 150
8978 254 1 273 150
8979 254 1 256 150
8980 254 1 480 301
8981 254 1 455 301
8982 254 1 431 301
8983 254 1 411 301
8984 254 1 392 301
8985 -1 1 392 210
8986 -1 1 392 29
8987 -1 0 392 59
8988 -1 0 392 118
8989 -1 0 392 236
8990 -1 1 392 81
8991 247 1 380 81
8992 255 1 327 81
8993 255 1 277 81
8994 255 1 476 162
8995 255 1 414 162
8996 255 1 363 162
8997 255 1 322 162
8998 255 1 283 162
8999 255 1 506 324
9000 255 1 458 324
9001 255 1 413 324
9002 255 1 376 324
9003 255 1 346 324
9004 255 0 448 109
9005 -1 0 448 218
9006 247 1 435 218
9007 256 1 389 218
9008 256 1 346 218
9009 256 1 311 218
9010 256 1 284 218
9011 256 1 258 218
9012 256 1 468 436
9013 256 0 312 61
9014 -1 0 312 123
9015 247 1 305 123
9016 256 1 268 123
9017 256 1 466 247
9018 256 1 410 247
9019 256 1 364 247
9020 256 1 327 247
9021 256 1 292 247
9022 256 1 265 247
9023 256 0 416 136
9024 -1 0 416 272
9025 247 1 406 272
9026 256 1 350 272
9027 256 1 305 272
9028 256 0 280 20
9029 -1 0 280 41
9030 247 1 273 41
9031 256 1 450 83
9032 256 1 374 83
9033 256 1 321 83
9034 256 1 271 83
9035 256 1 464 167
9036 256 1 402 167
9037 256 1 351 167
9038 256 1 310 167
9039 256 1 278 167
9040 256 1 496 335
9041 256 1 448 335
9042 256 1 403 335
9043 256 1 366 335
9044 -1 1 366 305
9045 -1 1 366 245
9046 -1 1 366 124
9047 -1 0 366 249
9048 -1 1 366 133
9049 -1 0 366 266
9050 -1 1 366 166
9051 -1 0 366 333
9052 247 1 358 333
9053 256 0 480 86
9054 -1 0 480 173
9055 247 1 470 173
9056 256 1 408 173
9057 256 1 357 173
9058 256 1 316 173
9059 256 1 284 173
9060 256 1 508 346
9061 256 1 460 346
9062 256 1 415 346
9063 256 1 378 346
9064 256 1 348 346
9065 256 0 448 420
9066 -1 1 448 392
9067 247 1 439 392
9068 256 0 432 63
9069 -1 0 432 126
9070 247 1 424 126
9071 256 1 355 126
9072 256 1 299 126
9073 256 1 256 126
9074 256 1 430 252
9075 256 1 374 252
9076 256 1 329 252
9077 256 1 286 252
9078 256 1 506 505
9079 256 0 424 422
9080 -1 1 424 421
9081 247 0 256 191
9082 -1 1 256 127
9083 247 1 472 255
9084 256 1 396 255
9085 256 1 333 255
9086 256 1 283 255
9087 256 0 312 90
9088 -1 0 312 181
9089 247 1 293 181
9090 256 1 480 363
9091 256 1 395 363
9092 256 0 276 148
9093 -1 1 276 21
9094 247 1 258 21
9095 256 1 392 43
9096 256 1 306 43
9097 256 1 500 86
9098 256 1 411 86
9099 256 1 338 86
9100 256 1 279 86
9101 256 1 466 172
9102 256 1 394 172
9103 256 1 335 172
9104 256 1 287 172
9105 256 1 500 344
9106 256 1 441 344
9107 256 1 393 344
9108 -1 1 393 295
9109 -1 1 393 197
9110 -1 1 393 2
9111 -1 0 393 4
9112 -1 0 393 9
9113 -1 0 393 19
9114 -1 0 393 38
9115 -1 0 393 76
9116 96 1 385 76
9117 134 1 331 76
9118 195 0 324 76
9119 135 1 315 76
9120 196 0 309 76
9121 136 1 297 76
9122 197 0 291 76
9123 137 1 269 76
9124 198 0 263 76
9125 138 1 508 152
9126 199 0 499 152
9127 139 1 460 152
9128 200 0 451 152
9129 140 1 406 152
9130 201 0 398 152
9131 141 1 380 152
9132 202 0 373 152
9133 142 1 357 152
9134 203 0 350 152
9135 143 1 311 152
9136 204 0 305 152
9137 144 1 282 152
9138 205 0 276 152
9139 145 1 258 152
9140 206 0 504 304
9141 146 1 477 304
9142 207 0 468 304
9143 147 1 396 304
9144 208 0 386 304
9145 148 1 360 304
9146 209 0 332 304
9147 248 0 424 203
9148 -1 0 424 406
9149 249 1 444 375
9150 252 1 385 375
9151 252 0 448 372
9152 -1 1 448 296
9153 247 1 420 296
9154 253 1 366 296
9155 253 1 323 296
9156 253 0 328 113
9157 -1 0 328 226
9158 247 1 308 226
9159 254 1 296 226
9160 254 1 284 226
9161 254 1 273 226
9162 254 1 262 226
9163 254 1 504 453
9164 254 1 488 453
9165 254 1 473 453
9166 254 1 459 453
9167 254 0 448 286
9168 -1 1 448 124
9169 247 1 423 124
9170 255 1 369 124
9171 255 1 326 124
9172 255 1 285 124
9173 255 1 506 248
9174 255 1 456 248
9175 255 1 408 248
9176 255 1 369 248
9177 255 1 338 248
9178 255 1 308 248
9179 255 1 285 248
9180 255 1 263 248
9181 255 0 336 105
9182 -1 0 336 211
9183 247 1 318 211
9184 256 1 286 211
9185 256 1 256 211
9186 256 1 454 422
9187 256 0 360 105
9188 -1 0 360 211
9189 247 1 343 211
9190 256 1 293 211
9191 256 1 508 422
9192 256 1 446 422
9193 256 0 408 222
9194 -1 1 408 37
9195 247 1 389 37
9196 256 1 320 37
9197 256 1 264 37
9198 256 1 442 74
9199 256 1 383 74
9200 256 1 335 74
9201 256 1 290 74
9202 256 1 510 148
9203 256 1 454 148
9204 256 1 401 148
9205 256 1 358 148
9206 256 1 323 148
9207 256 1 290 148
9208 256 1 264 148
9209 -1 1 264 32
9210 -1 0 264 65
9211 -1 0 264 130
9212 -1 0 264 260
9213 247 0 384 259
9214 -1 1 384 135
9215 247 1 347 135
9216 256 1 317 135
9217 256 1 294 135
9218 256 1 272 135
9219 256 1 502 271
9220 256 1 469 271
9221 256 1 438 271
9222 256 1 412 271
9223 256 1 387 271
9224 256 1 364 271
9225 256 1 345 271
9226 256 1 327 271
9227 256 1 310 271
9228 256 1 297 271
9229 -1 1 297 245
9230 -1 1 297 193
9231 -1 1 297 89
9232 -1 0 297 179
9233 -1 1 297 62
9234 -1 0 297 125
9235 -1 0 297 250
9236 -1 1 297 203
9237 247 1 273 203
9238 256 1 261 203
9239 256 1 498 407
9240 256 1 479 407
9241 256 1 461 407
9242 256 1 444 407
9243 256 1 430 407
9244 256 1 417 407
9245 256 0 384 78
9246 -1 0 384 156
9247 247 1 351 156
9248 256 1 323 156
9249 256 1 296 156
9250 256 1 275 156
9251 256 1 510 313
9252 256 1 479 313
9253 256 1 449 313
9254 256 1 421 313
9255 256 1 398 313
9256 256 1 376 313
9257 256 1 358 313
9258 256 1 341 313
9259 256 1 325 313
9260 256 0 480 110
9261 -1 0 480 220
9262 247 1 443 220
9263 256 1 406 220
9264 256 1 371 220
9265 256 1 343 220
9266 256 1 316 220
9267 256 1 295 220
9268 256 1 275 220
9269 256 1 256 220
9270 256 1 476 440
9271 256 1 448 440
9272 256 0 432 307
9273 -1 1 432 183
9274 247 1 402 183
9275 256 1 359 183
9276 256 1 324 183
9277 256 1 291 183
9278 256 1 265 183
9279 256 1 482 367
9280 256 1 443 367
9281 256 1 411 367
9282 256 1 381 367
9283 256 0 384 169
9284 -1 0 384 338
9285 247 1 355 338
9286 256 0 328 192
9287 -1 1 328 56
9288 247 1 305 56
9289 256 1 259 56
9290 256 1 432 113
9291 256 1 373 113
9292 256 1 325 113
9293 256 1 280 113
9294 256 1 490 226
9295 256 1 434 226
9296 256 1 388 226
9297 256 1 345 226
9298 256 1 310 226
9299 256 1 283 226
9300 256 1 257 226
9301 256 1 466 452
9302 -1 1 466 439
9303 -1 1 466 412
9304 -1 1 466 358
9305 -1 1 466 251
9306 -1 1 466 36
9307 -1 0 466 72
9308 -1 0 466 145
9309 -1 0 466 291
9310 -1 1 466 116
9311 -1 0 466 233
9312 -1 1 466 0
9313 -1 0 466 0
9314 96 1 457 0
9315 134 1 398 0
9316 195 0 390 0
9317 135 1 379 0
9318 196 0 372 0
9319 136 1 358 0
9320 197 0 351 0
9321 137 1 325 0
9322 198 0 318 0
9323 138 1 309 0
9324 199 0 303 0
9325 139 1 281 0
9326 200 0 275 0
9327 140 1 498 0
9328 201 0 489 0
9329 141 1 469 0
9330 202 0 460 0
9331 142 1 439 0
9332 203 0 431 0
9333 143 1 388 0
9334 204 0 380 0
9335 144 1 353 0
9336 205 0 346 0
9337 145 1 325 0
9338 206 0 318 0
9339 146 1 303 0
9340 207 0 297 0
9341 147 1 256 0
9342 208 0 500 0
9343 148 1 472 0
9344 209 0 435 0
9345 248 1 354 0
9346 252 1 289 0
9347 252 1 476 1
9348 252 1 396 1
9349 252 1 330 1
9350 252 1 277 1
9351 252 1 472 3
9352 252 1 407 3
9353 252 1 353 3
9354 252 1 310 3
9355 252 1 277 3
9356 252 1 490 7
9357 252 1 440 7
9358 252 1 399 7
9359 -1 0 399 15
9360 -1 0 399 30
9361 247 1 373 30
9362 253 1 317 30
9363 253 1 274 30
9364 253 1 466 60
9365 253 1 401 60
9366 253 1 347 60
9367 253 1 304 60
9368 253 1 271 60
9369 253 1 478 120
9370 253 1 428 120
9371 253 1 387 120
9372 253 1 348 120
9373 253 1 317 120
9374 253 1 293 120
9375 -1 0 293 241
9376 -1 1 293 190
9377 247 1 276 190
9378 254 1 508 381
9379 254 1 473 381
9380 254 1 440 381
9381 254 1 413 381
9382 254 1 387 381
9383 254 0 400 308
9384 -1 1 400 217
9385 247 1 377 217
9386 255 1 334 217
9387 255 1 293 217
9388 255 1 261 217
9389 255 1 462 435
9390 255 0 384 175
9391 -1 0 384 350
9392 247 1 362 350
9393 256 0 448 270
9394 -1 1 448 93
9395 247 1 424 93
9396 256 1 370 93
9397 256 1 327 93
9398 256 1 286 93
9399 256 1 508 186
9400 256 1 458 186
9401 256 1 410 186
9402 256 1 371 186
9403 256 1 340 186
9404 256 1 310 186
9405 256 1 287 186
9406 256 1 265 186
9407 256 1 488 372
9408 256 1 455 372
9409 -1 1 455 290
9410 -1 1 455 125
9411 -1 0 455 251
9412 -1 1 455 48
9413 -1 0 455 97
9414 -1 0 455 194
9415 247 1 432 194
9416 256 1 405 194
9417 256 1 379 194
9418 256 1 358 194
9419 256 1 338 194
9420 256 1 319 194
9421 256 1 305 194
9422 256 1 291 194
9423 256 1 278 194
9424 256 1 266 194
9425 256 1 508 388
9426 256 1 489 388
9427 256 1 471 388
9428 256 1 454 388
9429 -1 1 454 322
9430 -1 1 454 191
9431 -1 0 454 382
9432 -1 1 454 310
9433 -1 1 454 167
9434 -1 0 454 334
9435 247 1 432 334
9436 256 1 418 334
9437 256 1 405 334
9438 256 1 393 334
9439 256 1 381 334
9440 256 1 372 334
9441 256 1 363 334
9442 256 1 354 334
9443 256 1 346 334
9444 256 1 338 334
9445 256 0 448 211
9446 -1 0 448 422
9447 247 1 427 422
9448 256 0 464 399
9449 -1 1 464 334
9450 247 1 444 334
9451 256 1 396 334
9452 256 1 350 334
9453 256 0 296 174
9454 -1 1 296 52
9455 247 1 285 52
9456 256 1 484 105
9457 256 1 415 105
9458 256 1 359 105
9459 256 1 314 105
9460 256 1 279 105
9461 256 1 492 211
9462 256 1 439 211
9463 256 1 396 211
9464 256 1 355 211
9465 256 1 322 211
9466 256 1 291 211
9467 256 1 267 211
9468 256 1 488 423
9469 -1 1 488 358
9470 -1 1 488 228
9471 -1 0 488 457
9472 -1 1 488 427
9473 -1 1 488 367
9474 -1 1 488 247
9475 247 1 470 247
9476 256 1 433 247
9477 256 1 403 247
9478 256 1 374 247
9479 256 1 351 247
9480 256 1 329 247
9481 256 1 308 247
9482 256 1 292 247
9483 256 1 277 247
9484 256 1 263 247
9485 256 1 498 495
9486 256 0 352 311
9487 -1 1 352 271
9488 247 1 340 271
9489 256 1 307 271
9490 256 1 281 271
9491 256 0 384 229
9492 -1 1 384 75
9493 247 1 370 75
9494 256 1 325 75
9495 256 1 282 75
9496 256 1 498 151
9497 256 1 445 151
9498 256 1 402 151
9499 256 1 361 151
9500 256 1 328 151
9501 256 1 297 151
9502 256 1 273 151
9503 256 1 500 303
9504 256 1 463 303
9505 256 1 428 303
9506 256 1 399 303
9507 -1 1 399 207
9508 -1 1 399 15
9509 -1 0 399 30
9510 -1 0 399 61
9511 -1 0 399 122
9512 -1 0 399 244
9513 247 1 386 244
9514 256 1 359 244
9515 256 1 337 244
9516 256 1 316 244
9517 256 1 300 244
9518 256 1 285 244
9519 256 1 271 244
9520 256 1 257 244
9521 256 0 416 20
9522 -1 0 416 41
9523 247 1 404 41
9524 256 1 365 41
9525 256 1 334 41
9526 256 1 304 41
9527 256 1 281 41
9528 256 1 259 41
9529 256 1 476 83
9530 256 1 443 83
9531 256 1 416 83
9532 256 1 390 83
9533 256 1 365 83
9534 256 1 345 83
9535 256 1 326 83
9536 256 1 308 83
9537 -1 0 308 166
9538 -1 1 308 24
9539 96 1 302 24
9540 134 1 269 24
9541 195 0 263 24
9542 135 1 256 24
9543 196 0 500 48
9544 136 1 482 48
9545 197 0 473 48
9546 137 1 440 48
9547 198 0 432 48
9548 138 1 420 48
9549 199 0 412 48
9550 139 1 382 48
9551 200 0 375 48
9552 140 1 345 48
9553 201 0 338 48
9554 141 1 324 48
9555 202 0 317 48
9556 142 1 305 48
9557 203 0 299 48
9558 143 1 270 48
9559 204 0 264 48
9560 144 1 486 97
9561 205 0 477 97
9562 145 1 450 97
9563 206 0 441 97
9564 146 1 420 97
9565 207 0 412 97
9566 147 1 356 97
9567 208 0 349 97
9568 148 1 329 97
9569 209 0 303 97
9570 248 1 500 194
9571 252 1 455 194
9572 252 1 412 194
9573 252 1 377 194
9574 252 1 349 194
9575 252 1 322 194
9576 252 1 296 194
9577 252 1 276 194
9578 252 1 257 194
9579 252 1 478 388
9580 252 1 450 388
9581 252 1 423 388
9582 252 1 401 388
9583 252 0 336 141
9584 -1 0 336 283
9585 247 1 326 283
9586 253 1 298 283
9587 253 0 352 112
9588 -1 0 352 224
9589 247 1 343 224
9590 254 1 306 224
9591 254 1 277 224
9592 254 1 500 449
9593 254 1 457 449
9594 254 0 328 266
9595 -1 1 328 205
9596 247 1 319 205
9597 255 1 278 205
9598 255 1 478 410
9599 255 1 416 410
9600 255 0 408 363
9601 -1 1 408 318
9602 247 1 398 318
9603 256 1 378 318
9604 256 1 362 318
9605 256 1 347 318
9606 256 1 333 318
9607 256 1 319 318
9608 256 0 352 349
9609 -1 1 352 346
9610 247 0 256 64
9611 -1 0 256 128
9612 247 1 470 257
9613 256 1 429 257
9614 256 1 396 257
9615 256 1 364 257
9616 256 1 338 257
9617 256 1 314 257
9618 256 1 295 257
9619 256 1 277 257
9620 256 1 260 257
9621 256 0 256 208
9622 -1 1 256 160
9623 247 1 472 321
9624 256 1 422 321
9625 256 1 381 321
9626 256 1 348 321
9627 256 0 496 79
9628 -1 0 496 159
9629 247 1 465 159
9630 256 1 400 159
9631 256 1 346 159
9632 256 1 303 159
9633 256 1 270 159
9634 256 1 476 318
9635 256 1 426 318
9636 256 1 385 318
9637 256 1 346 318
9638 256 0 496 53
9639 -1 0 496 106
9640 247 1 466 106
9641 256 1 401 106
9642 256 1 347 106
9643 256 1 304 106
9644 256 1 271 106
9645 256 1 478 213
9646 256 1 428 213
9647 256 1 387 213
9648 256 1 348 213
9649 256 1 317 213
9650 256 1 293 213
9651 256 1 270 213
9652 256 1 496 426
9653 256 1 461 426
9654 -1 1 461 392
9655 -1 1 461 323
9656 -1 1 461 185
9657 -1 0 461 371
9658 -1 1 461 281
9659 -1 1 461 101
9660 -1 0 461 202
9661 -1 0 461 404
9662 247 1 433 404
9663 256 0 464 12
9664 -1 0 464 24
9665 247 1 437 24
9666 256 1 389 24
9667 256 1 343 24
9668 256 1 306 24
9669 256 1 277 24
9670 256 1 500 48
9671 256 1 457 48
9672 256 1 416 48
9673 256 1 383 48
9674 256 1 356 48
9675 256 1 330 48
9676 256 1 306 48
9677 256 1 287 48
9678 256 1 269 48
9679 -1 0 269 96
9680 -1 0 269 193
9681 247 1 508 386
9682 256 1 480 386
9683 256 1 453 386
9684 256 1 428 386
9685 256 1 407 386
9686 256 1 387 386
9687 256 0 304 296
9688 -1 1 304 288
9689 247 1 290 288
9690 256 0 432 412
9691 -1 1 432 393
9692 247 1 412 393
9693 256 0 472 327
9694 -1 1 472 183
9695 247 1 450 183
9696 256 1 361 183
9697 256 1 299 183
9698 256 1 502 366
9699 256 1 426 366
9700 256 0 504 27
9701 -1 0 504 55
9702 96 1 495 55
9703 134 1 442 55
9704 195 0 434 55
9705 135 1 424 55
9706 196 0 416 55
9707 136 1 401 55
9708 197 0 393 55
9709 137 1 366 55
9710 198 0 359 55
9711 138 1 350 55
9712 199 0 343 55
9713 139 1 319 55
9714 200 0 313 55
9715 140 1 290 55
9716 201 0 284 55
9717 141 1 273 55
9718 202 0 267 55
9719 142 1 256 55
9720 203 0 500 111
9721 143 1 455 111
9722 204 0 446 111
9723 144 1 417 111
9724 205 0 409 111
9725 145 1 387 111
9726 206 0 379 111
9727 146 1 362 111
9728 207 0 355 111
9729 147 1 310 111
9730 208 0 304 111
9731 148 1 289 111
9732 209 0 269 111
9733 248 1 436 222
9734 252 1 395 222
9735 252 1 356 222
9736 252 1 325 222
9737 252 1 295 222
9738 252 1 272 222
9739 252 1 500 444
9740 252 1 465 444
9741 252 0 264 99
9742 -1 0 264 198
9743 247 1 504 397
9744 253 1 445 397
9745 253 0 384 6
9746 -1 0 384 13
9747 247 1 367 13
9748 254 1 322 13
9749 254 1 279 13
9750 254 1 492 26
9751 254 1 439 26
9752 254 1 396 26
9753 254 1 355 26
9754 254 1 322 26
9755 254 1 291 26
9756 254 1 267 26
9757 254 1 488 52
9758 254 1 451 52
9759 254 1 416 52
9760 254 1 387 52
9761 -1 0 387 105
9762 -1 0 387 211
9763 247 1 371 211
9764 255 1 312 211
9765 255 1 266 211
9766 255 1 446 422
9767 255 0 472 287
9768 -1 1 472 102
9769 247 1 454 102
9770 256 1 360 102
9771 256 1 295 102
9772 256 1 488 204
9773 256 1 408 204
9774 256 1 342 204
9775 256 1 289 204
9776 256 1 496 408
9777 256 1 431 408
9778 256 0 432 250
9779 -1 1 432 69
9780 247 1 417 69
9781 256 1 348 69
9782 256 1 292 69
9783 256 1 498 139
9784 256 1 429 139
9785 256 1 373 139
9786 256 1 328 139
9787 256 1 285 139
9788 256 1 504 279
9789 256 1 451 279
9790 256 1 401 279
9791 256 1 360 279
9792 256 1 327 279
9793 256 1 296 279
9794 -1 1 296 262
9795 -1 1 296 229
9796 -1 1 296 162
9797 -1 1 296 28
9798 -1 0 296 57
9799 -1 0 296 115
9800 -1 0 296 230
9801 -1 1 296 164
9802 -1 1 296 33
9803 -1 0 296 67
9804 247 1 286 67
9805 256 1 262 67
9806 256 1 478 135
9807 256 1 441 135
9808 256 1 411 135
9809 256 1 382 135
9810 256 1 359 135
9811 256 1 337 135
9812 256 1 316 135
9813 256 1 300 135
9814 256 1 285 135
9815 256 1 271 135
9816 256 1 257 135
9817 256 1 488 271
9818 -1 1 488 54
9819 -1 0 488 109
9820 -1 0 488 219
9821 -1 0 488 439
9822 247 1 473 439
9823 256 1 452 439
9824 256 0 320 112
9825 -1 0 320 225
9826 247 1 309 225
9827 256 1 283 225
9828 256 1 259 225
9829 256 1 472 451
9830 256 0 296 133
9831 -1 0 296 266
9832 247 1 288 266
9833 256 0 280 108
9834 -1 0 280 217
9835 247 1 272 217
9836 256 1 448 434
9837 256 0 304 251
9838 -1 1 304 199
9839 247 1 297 199
9840 256 1 482 398
9841 256 0 356 22
9842 -1 0 356 45
9843 247 1 347 45
9844 256 1 267 45
9845 256 1 410 90
9846 256 1 324 90
9847 256 1 510 180
9848 256 1 421 180
9849 256 1 348 180
9850 256 1 289 180
9851 256 1 486 361
9852 256 1 414 361
9853 256 0 472 49
9854 -1 0 472 99
9855 247 1 461 99
9856 256 1 372 99
9857 256 1 310 99
9858 256 1 262 99
9859 256 1 432 198
9860 256 1 369 198
9861 256 1 319 198
9862 256 1 280 198
9863 256 1 486 397
9864 256 1 427 397
9865 256 0 384 149
9866 -1 0 384 299
9867 247 1 375 299
9868 256 1 319 299
9869 256 0 344 190
9870 -1 1 344 37
9871 247 1 337 37
9872 256 1 268 37
9873 256 1 430 75
9874 256 1 357 75
9875 256 1 298 75
9876 256 1 504 150
9877 256 1 432 150
9878 256 1 373 150
9879 256 1 325 150
9880 256 1 280 150
9881 256 1 490 301
9882 256 1 434 301
9883 256 1 388 301
9884 256 1 345 301
9885 -1 1 345 258
9886 -1 1 345 172
9887 -1 1 345 0
9888 -1 0 345 1
9889 -1 0 345 2
9890 -1 0 345 5
9891 -1 0 345 11
9892 -1 0 345 22
9893 96 1 338 22
9894 134 1 301 22
9895 195 0 295 22
9896 135 1 289 22
9897 196 0 283 22
9898 136 1 273 22
9899 197 0 267 22
9900 137 1 498 44
9901 198 0 489 44
9902 138 1 477 44
9903 199 0 468 44
9904 139 1 437 44
9905 200 0 429 44
9906 140 1 397 44
9907 201 0 389 44
9908 141 1 374 44
9909 202 0 367 44
9910 142 1 354 44
9911 203 0 347 44
9912 143 1 316 44
9913 204 0 310 44
9914 144 1 291 44
9915 205 0 285 44
9916 145 1 271 44
9917 206 0 265 44
9918 146 1 504 89
9919 207 0 495 89
9920 147 1 436 89
9921 208 0 428 89
9922 148 1 407 89
9923 209 0 380 89
9924 248 1 321 89
9925 252 1 280 89
9926 252 1 496 178
9927 252 1 446 178
9928 252 1 405 178
9929 252 1 366 178
9930 252 1 335 178
9931 252 1 305 178
9932 252 1 282 178
9933 252 1 260 178
9934 252 1 478 357
9935 252 1 445 357
9936 252 1 418 357
9937 252 1 392 357
9938 -1 1 392 323
9939 -1 1 392 254
9940 -1 1 392 116
9941 -1 0 392 232
9942 -1 1 392 73
9943 -1 0 392 146
9944 -1 0 392 293
9945 -1 1 392 194
9946 247 1 384 194
9947 253 1 318 194
9948 253 1 275 194
9949 253 1 468 388
9950 253 1 403 388
9951 253 0 432 312
9952 -1 1 432 192
9953 247 1 424 192
9954 254 1 397 192
9955 254 1 371 192
9956 254 1 350 192
9957 254 1 330 192
9958 254 1 311 192
9959 254 1 297 192
9960 254 1 283 192
9961 254 1 270 192
9962 254 1 258 192
9963 254 1 492 385
9964 254 1 473 385
9965 254 1 455 385
9966 254 1 438 385
9967 -1 1 438 333
9968 -1 1 438 228
9969 -1 1 438 18
9970 -1 0 438 37
9971 -1 0 438 75
9972 -1 0 438 151
9973 -1 0 438 303
9974 -1 1 438 169
9975 247 1 430 169
9976 255 1 353 169
9977 255 1 291 169
9978 255 1 486 339
9979 255 1 410 339
9980 255 1 347 339
9981 255 0 400 336
9982 -1 1 400 272
9983 247 1 392 272
9984 256 1 351 272
9985 256 1 318 272
9986 256 1 292 272
9987 256 0 384 73
9988 -1 0 384 146
9989 247 1 376 146
9990 256 1 331 146
9991 256 1 288 146
9992 256 1 510 292
9993 256 1 457 292
9994 256 1 407 292
9995 256 1 366 292
9996 256 1 333 292
9997 256 1 302 292
9998 256 0 384 236
9999 -1 1 384 89
10000 247 1 376 89
10001 256 1 331 89
10002 256 1 288 89
10003 256 1 510 178
10004 256 1 457 178
10005 256 1 407 178
10006 256 1 366 178
10007 256 1 333 178
10008 256 1 302 178
10009 256 1 278 178
10010 256 1 510 357
10011 256 1 473 357
10012 256 1 438 357
10013 256 1 409 357
10014 -1 1 409 305
10015 -1 1 409 201
10016 -1 0 409 403
10017 -1 1 409 397
10018 -1 1 409 385
10019 -1 1 409 362
10020 247 1 401 362
10021 256 1 374 362
10022 256 0 352 172
10023 -1 0 352 345
10024 247 0 448 60
10025 -1 0 448 121
10026 247 1 415 121
10027 256 1 369 121
10028 256 1 332 121
10029 256 1 297 121
10030 256 1 270 121
10031 256 1 488 243
10032 256 1 447 243
10033 256 1 414 243
10034 256 1 382 243
10035 256 1 356 243
10036 256 1 332 243
10037 256 1 309 243
10038 256 1 291 243
10039 256 1 274 243
10040 -1 1 274 212
10041 -1 1 274 151
10042 -1 1 274 29
10043 -1 0 274 59
10044 -1 0 274 119
10045 -1 0 274 238
10046 -1 1 274 202
10047 -1 1 274 130
10048 247 1 510 260
10049 256 1 483 260
10050 256 1 458 260
10051 256 1 434 260
10052 256 1 414 260
10053 256 1 395 260
10054 256 1 377 260
10055 256 1 363 260
10056 256 1 349 260
10057 256 1 336 260
10058 256 1 324 260
10059 256 1 312 260
10060 256 1 303 260
10061 256 1 294 260
10062 -1 1 294 227
10063 -1 1 294 160
10064 -1 1 294 26
10065 -1 0 294 52
10066 -1 0 294 104
10067 -1 0 294 208
10068 -1 1 294 122
10069 -1 0 294 245
10070 247 1 276 245
10071 256 1 268 245
10072 256 1 260 245
10073 256 1 506 491
10074 256 1 494 491
10075 256 0 352 258
10076 -1 1 352 165
10077 247 1 331 165
10078 256 1 305 165
10079 256 1 285 165
10080 256 1 266 165
10081 256 1 496 331
10082 256 1 468 331
10083 256 1 441 331
10084 256 1 419 331
10085 256 1 398 331
10086 256 1 378 331
10087 256 1 362 331
10088 256 1 347 331
10089 256 1 333 331
10090 256 0 448 385
10091 -1 1 448 323
10092 247 1 421 323
10093 256 1 384 323
10094 256 1 349 323
10095 256 0 448 47
10096 -1 0 448 94
10097 247 1 423 94
10098 256 1 369 94
10099 256 1 326 94
10100 256 1 285 94
10101 256 1 506 188
10102 256 1 456 188
10103 256 1 408 188
10104 256 1 369 188
10105 256 1 338 188
10106 256 1 308 188
10107 256 1 285 188
10108 256 1 263 188
10109 256 1 484 377
10110 256 1 451 377
10111 -1 1 451 304
10112 -1 1 451 158
10113 -1 0 451 316
10114 -1 1 451 181
10115 -1 0 451 362
10116 -1 1 451 273
10117 247 1 427 273
10118 256 1 400 273
10119 256 1 374 273
10120 256 1 353 273
10121 256 1 333 273
10122 256 1 314 273
10123 256 1 300 273
10124 256 1 286 273
10125 256 0 416 31
10126 -1 0 416 62
10127 96 1 408 62
10128 134 1 367 62
10129 195 0 360 62
10130 135 1 353 62
10131 196 0 346 62
10132 136 1 335 62
10133 197 0 328 62
10134 137 1 307 62
10135 198 0 301 62
10136 138 1 294 62
10137 199 0 288 62
10138 139 1 270 62
10139 200 0 264 62
10140 140 1 486 125
10141 201 0 477 125
10142 141 1 461 125
10143 202 0 452 125
10144 142 1 435 125
10145 203 0 427 125
10146 143 1 392 125
10147 204 0 384 125
10148 144 1 358 125
10149 205 0 351 125
10150 145 1 334 125
10151 206 0 327 125
10152 146 1 312 125
10153 207 0 306 125
10154 147 1 273 125
10155 208 0 267 125
10156 148 1 506 251
10157 209 0 476 251
10158 248 1 400 251
10159 252 1 375 251
10160 252 1 355 251
10161 252 1 336 251
10162 252 1 318 251
10163 252 1 304 251
10164 252 1 291 251
10165 252 1 279 251
10166 252 1 267 251
10167 252 1 256 251
10168 252 0 352 200
10169 -1 1 352 49
10170 247 1 335 49
10171 253 1 276 49
10172 253 1 460 99
10173 253 1 388 99
10174 253 1 329 99
10175 253 1 281 99
10176 253 1 488 199
10177 253 1 429 199
10178 253 1 381 199
10179 253 1 342 199
10180 253 1 305 199
10181 253 1 276 199
10182 253 1 498 399
10183 253 1 455 399
10184 -1 1 455 343
10185 -1 1 455 232
10186 -1 1 455 9
10187 -1 0 455 19
10188 -1 0 455 39
10189 -1 0 455 78
10190 -1 0 455 156
10191 -1 0 455 312
10192 247 1 433 312
10193 254 1 419 312
10194 254 1 406 312
10195 254 1 394 312
10196 254 1 382 312
10197 254 1 373 312
10198 254 1 364 312
10199 254 1 355 312
10200 254 1 347 312
10201 254 1 339 312
10202 254 1 332 312
10203 254 1 325 312
10204 254 1 318 312
10205 254 0 384 21
10206 -1 0 384 43
10207 247 1 366 43
10208 255 1 301 43
10209 255 1 500 86
10210 255 1 420 86
10211 255 1 354 86
10212 255 1 301 86
10213 255 1 260 86
10214 255 1 442 172
10215 255 1 388 172
10216 255 1 337 172
10217 255 1 296 172
10218 255 1 264 172
10219 255 1 468 345
10220 255 1 420 345
10221 -1 1 420 271
10222 -1 1 420 122
10223 -1 0 420 244
10224 -1 1 420 68
10225 -1 0 420 136
10226 -1 0 420 273
10227 247 1 403 273
10228 256 1 364 273
10229 256 1 333 273
10230 256 1 303 273
10231 256 1 280 273
10232 256 0 352 242
10233 -1 1 352 132
10234 247 1 338 132
10235 256 1 295 132
10236 256 1 262 132
10237 256 1 460 265
10238 256 1 410 265
10239 256 1 369 265
10240 256 1 336 265
10241 256 1 305 265
10242 256 1 281 265
10243 256 0 368 125
10244 -1 0 368 250
10245 247 1 355 250
10246 256 1 310 250
10247 256 1 275 250
10248 256 0 264 65
10249 -1 0 264 130
10250 247 1 508 261
10251 256 1 432 261
10252 256 1 369 261
10253 256 1 319 261
10254 256 1 280 261
10255 256 0 296 145
10256 -1 0 296 290
10257 247 0 320 132
10258 -1 0 320 265
10259 247 1 292 265
10260 256 0 384 172
10261 -1 0 384 345
10262 247 1 352 345
10263 256 0 304 276
10264 -1 1 304 249
10265 247 1 283 249
10266 256 0 292 156
10267 -1 1 292 21
10268 247 1 272 21
10269 256 1 382 42
10270 256 1 288 42
10271 256 1 430 84
10272 256 1 330 84
10273 256 1 500 168
10274 256 1 396 168
10275 256 1 310 168
10276 256 1 508 336
10277 256 1 419 336
10278 256 1 346 336
10279 256 0 472 395
10280 -1 1 472 318
10281 247 1 441 318
10282 256 1 351 318
10283 256 0 288 156
10284 -1 1 288 24
10285 247 1 270 24
10286 256 1 394 48
10287 256 1 294 48
10288 256 1 456 96
10289 256 1 352 96
10290 256 1 280 96
10291 256 1 448 192
10292 256 1 359 192
10293 256 1 297 192
10294 256 1 498 384
10295 256 1 422 384
10296 256 0 504 205
10297 -1 0 504 411
10298 247 1 476 411
10299 256 0 376 117
10300 -1 0 376 235
10301 96 1 369 235
10302 134 1 336 235
10303 195 0 329 235
10304 135 1 322 235
10305 196 0 315 235
10306 136 1 306 235
10307 197 0 300 235
10308 137 1 284 235
10309 198 0 278 235
10310 138 1 271 235
10311 199 0 265 235
10312 139 1 496 471
10313 200 0 487 471
10314 140 0 264 136
10315 141 1 510 273
10316 202 0 501 273
10317 142 1 485 273
10318 203 0 476 273
10319 143 1 437 273
10320 204 0 429 273
10321 144 1 404 273
10322 205 0 396 273
10323 145 1 377 273
10324 206 0 370 273
10325 146 1 356 273
10326 207 0 349 273
10327 147 1 310 273
10328 208 0 304 273
10329 148 1 291 273
10330 209 0 274 273
10331 248 0 344 338
10332 -1 1 344 333
10333 249 1 440 397
10334 252 1 405 397
10335 252 0 264 201
10336 -1 1 264 139
10337 247 1 496 279
10338 253 1 455 279
10339 253 1 416 279
10340 253 1 384 279
10341 253 1 354 279
10342 253 1 330 279
10343 253 1 307 279
10344 253 1 289 279
10345 253 0 272 124
10346 -1 0 272 249
10347 247 1 257 249
10348 254 0 320 206
10349 -1 1 320 92
10350 247 1 302 92
10351 255 1 275 92
10352 255 1 498 184
10353 255 1 457 184
10354 255 1 418 184
10355 255 1 386 184
10356 255 1 356 184
10357 255 1 332 184
10358 255 1 309 184
10359 255 1 291 184
10360 255 1 274 184
10361 255 1 258 184
10362 255 1 486 368
10363 255 1 462 368
10364 -1 1 462 275
10365 -1 1 462 88
10366 -1 0 462 177
10367 -1 0 462 355
10368 -1 1 462 248
10369 -1 1 462 35
10370 247 1 439 35
10371 256 1 344 35
10372 256 1 268 35
10373 256 1 418 71
10374 256 1 337 71
10375 256 1 272 71
10376 256 1 442 142
10377 256 1 373 142
10378 256 1 317 142
10379 256 1 274 142
10380 256 1 466 285
10381 256 1 401 285
10382 256 1 347 285
10383 256 1 304 285
10384 -1 1 304 266
10385 -1 1 304 228
10386 -1 1 304 153
10387 -1 1 304 3
10388 -1 0 304 6
10389 -1 0 304 13
10390 -1 0 304 26
10391 -1 0 304 53
10392 -1 0 304 107
10393 -1 0 304 214
10394 247 1 291 214
10395 256 1 258 214
10396 256 1 452 428
10397 256 0 400 214
10398 -1 1 400 29
10399 247 1 382 29
10400 256 1 329 29
10401 256 1 279 29
10402 256 1 480 59
10403 256 1 418 59
10404 256 1 367 59
10405 256 1 326 59
10406 256 1 287 59
10407 256 1 257 59
10408 256 1 456 119
10409 256 1 411 119
10410 256 1 374 119
10411 256 1 344 119
10412 256 1 316 119
10413 -1 0 316 238
10414 -1 1 316 160
10415 247 1 304 160
10416 256 1 282 160
10417 256 1 261 160
10418 256 1 482 321
10419 256 1 451 321
10420 256 1 421 321
10421 256 1 396 321
10422 256 1 373 321
10423 256 1 354 321
10424 256 1 336 321
10425 256 0 272 44
10426 -1 0 272 88
10427 247 1 261 88
10428 256 1 468 176
10429 256 1 425 176
10430 256 1 390 176
10431 256 1 357 176
10432 256 1 330 176
10433 256 1 304 176
10434 256 1 284 176
10435 256 1 265 176
10436 256 1 494 353
10437 256 1 466 353
10438 256 1 439 353
10439 256 1 417 353
10440 256 1 396 353
10441 -1 1 396 311
10442 -1 1 396 226
10443 -1 1 396 57
10444 -1 0 396 115
10445 -1 0 396 230
10446 -1 1 396 65
10447 -1 0 396 130
10448 -1 0 396 261
10449 247 1 381 261
10450 256 1 364 261
10451 256 1 348 261
10452 256 1 333 261
10453 256 1 319 261
10454 256 1 308 261
10455 256 1 297 261
10456 256 1 287 261
10457 256 1 277 261
10458 256 1 268 261
10459 256 0 288 89
10460 -1 0 288 179
10461 247 1 278 179
10462 256 1 510 359
10463 256 1 473 359
10464 256 1 438 359
10465 256 1 409 359
10466 256 1 382 359
10467 256 1 360 359
10468 256 0 336 324
10469 -1 1 336 313
10470 247 1 324 313
10471 256 0 296 215
10472 -1 1 296 134
10473 247 1 287 134
10474 256 1 488 269
10475 256 1 419 269
10476 256 1 363 269
10477 256 1 318 269
10478 256 1 283 269
10479 256 0 264 154
10480 -1 1 264 44
10481 247 1 510 88
10482 256 1 434 88
10483 256 1 371 88
10484 256 1 321 88
10485 256 1 273 88
10486 256 1 472 176
10487 256 1 413 176
10488 256 1 365 176
10489 256 1 326 176
10490 256 1 289 176
10491 256 1 260 176
10492 256 1 466 353
10493 256 1 423 353
10494 256 1 388 353
10495 -1 1 388 318
10496 -1 1 388 249
10497 -1 1 388 111
10498 -1 0 388 222
10499 -1 1 388 56
10500 -1 0 388 112
10501 -1 0 388 225
10502 -1 1 388 62
10503 96 1 380 62
10504 134 1 349 62
10505 195 0 342 62
10506 135 1 335 62
10507 196 0 328 62
10508 136 1 318 62
10509 197 0 312 62
10510 137 1 297 62
10511 198 0 291 62
10512 138 1 285 62
10513 199 0 279 62
10514 139 1 263 62
10515 200 0 257 62
10516 140 1 448 124
10517 201 0 439 124
10518 141 1 427 124
10519 202 0 419 124
10520 142 1 406 124
10521 203 0 398 124
10522 143 1 366 124
10523 204 0 359 124
10524 144 1 339 124
10525 205 0 332 124
10526 145 1 317 124
10527 206 0 311 124
10528 146 1 300 124
10529 207 0 294 124
10530 147 1 264 124
10531 208 0 258 124
10532 148 1 492 249
10533 209 0 465 249
10534 248 1 371 249
10535 252 1 326 249
10536 252 1 283 249
10537 252 1 500 498
10538 252 0 424 413
10539 -1 1 424 402
10540 247 1 412 402
10541 253 0 344 266
10542 -1 1 344 188
10543 247 1 335 188
10544 254 1 294 188
10545 254 1 262 188
10546 254 1 464 376
10547 254 1 416 376
10548 254 1 377 376
10549 254 0 496 486
10550 -1 1 496 476
10551 247 1 484 476
10552 255 0 368 255
10553 -1 1 368 143
10554 247 1 359 143
10555 256 1 331 143
10556 256 1 304 143
10557 256 1 283 143
10558 256 1 263 143
10559 256 1 488 287
10560 256 1 458 287
10561 256 1 430 287
10562 256 1 407 287
10563 256 1 385 287
10564 256 1 364 287
10565 256 1 347 287
10566 256 1 331 287
10567 256 1 316 287
10568 -1 1 316 258
10569 -1 1 316 200
10570 -1 1 316 84
10571 -1 0 316 169
10572 -1 1 316 22
10573 -1 0 316 45
10574 -1 0 316 90
10575 -1 0 316 181
10576 247 1 309 181
10577 256 1 297 181
10578 256 1 286 181
10579 256 1 275 181
10580 256 1 265 181
10581 256 1 510 362
10582 256 1 495 362
10583 256 1 481 362
10584 256 1 467 362
10585 256 1 454 362
10586 256 1 442 362
10587 256 1 432 362
10588 256 1 422 362
10589 256 1 413 362
10590 -1 1 413 312
10591 -1 1 413 211
10592 -1 1 413 10
10593 -1 0 413 20
10594 -1 0 413 41
10595 -1 0 413 82
10596 -1 0 413 164
10597 -1 0 413 329
10598 247 1 404 329
10599 256 1 395 329
10600 256 1 387 329
10601 256 1 379 329
10602 256 1 372 329
10603 256 1 365 329
10604 256 1 358 329
10605 256 1 351 329
10606 256 1 344 329
10607 256 1 337 329
10608 256 1 330 329
10609 256 0 448 424
10610 -1 1 448 401
10611 247 1 438 401
10612 256 1 409 401
10613 256 0 432 309
10614 -1 1 432 186
10615 247 1 424 186
10616 256 1 378 186
10617 256 1 341 186
10618 256 1 306 186
10619 256 1 279 186
10620 256 1 506 373
10621 256 1 465 373
10622 256 1 426 373
10623 256 1 394 373
10624 256 0 480 146
10625 -1 0 480 292
10626 247 1 471 292
10627 256 1 412 292
10628 256 1 364 292
10629 256 1 325 292
10630 256 0 296 33
10631 -1 0 296 67
10632 247 1 290 67
10633 256 1 494 134
10634 256 1 425 134
10635 256 1 369 134
10636 256 1 324 134
10637 256 1 281 134
10638 256 1 496 269
10639 256 1 443 269
10640 256 1 400 269
10641 256 1 359 269
10642 256 1 326 269
10643 256 1 295 269
10644 256 1 271 269
10645 256 0 368 341
10646 -1 1 368 314
10647 247 1 361 314
10648 256 1 316 314
10649 256 0 280 266
10650 -1 1 280 252
10651 247 1 274 252
10652 256 0 384 212
10653 -1 1 384 41
10654 247 1 376 41
10655 256 1 300 41
10656 256 1 482 82
10657 256 1 388 82
10658 256 1 311 82
10659 256 1 260 82
10660 256 1 424 165
10661 256 1 358 165
10662 256 1 305 165
10663 256 1 264 165
10664 256 1 450 330
10665 256 1 388 330
10666 256 1 337 330
10667 256 0 328 272
10668 -1 1 328 217
10669 247 1 321 217
10670 256 1 265 217
10671 256 1 444 434
10672 256 0 472 392
10673 -1 1 472 313
10674 247 1 463 313
10675 256 1 374 313
10676 256 0 496 13
10677 -1 0 496 27
10678 96 1 487 27
10679 134 1 446 27
10680 195 0 438 27
10681 135 1 430 27
10682 196 0 422 27
10683 136 1 411 27
10684 197 0 403 27
10685 137 1 382 27
10686 198 0 375 27
10687 138 1 368 27
10688 199 0 361 27
10689 139 1 342 27
10690 200 0 335 27
10691 140 1 296 27
10692 201 0 290 27
10693 141 1 282 27
10694 202 0 276 27
10695 142 1 267 27
10696 203 0 261 27
10697 143 1 480 55
10698 204 0 471 55
10699 144 1 446 55
10700 205 0 438 55
10701 145 1 421 55
10702 206 0 413 55
10703 146 1 398 55
10704 207 0 390 55
10705 147 1 349 55
10706 208 0 342 55
10707 148 1 328 55
10708 209 0 309 55
10709 248 1 256 55
10710 252 1 420 111
10711 252 1 357 111
10712 252 1 307 111
10713 252 1 268 111
10714 252 1 462 222
10715 252 1 403 222
10716 252 1 355 222
10717 252 1 316 222
10718 252 1 286 222
10719 252 1 257 222
10720 252 1 460 444
10721 252 0 344 218
10722 -1 1 344 93
10723 247 1 337 93
10724 253 1 284 93
10725 253 1 486 187
10726 253 1 421 187
10727 253 1 367 187
10728 253 1 324 187
10729 253 1 283 187
10730 253 1 502 375
10731 253 1 452 375
10732 253 1 404 375
10733 253 0 312 86
10734 -1 0 312 172
10735 247 1 306 172
10736 254 1 267 172
10737 254 1 460 344
10738 254 1 401 344
10739 254 1 353 344
10740 254 0 312 243
10741 -1 1 312 175
10742 247 1 306 175
10743 255 1 279 175
10744 255 1 506 351
10745 255 1 465 351
10746 255 1 426 351
10747 255 1 394 351
10748 255 1 364 351
10749 255 0 384 191
10750 -1 0 384 383
10751 247 0 256 224
10752 -1 1 256 192
10753 247 1 472 384
10754 256 0 416 65
10755 -1 0 416 130
10756 247 1 389 130
10757 256 1 284 130
10758 256 1 430 261
10759 256 1 335 261
10760 256 0 304 8
10761 -1 0 304 16
10762 247 1 286 16
10763 256 1 426 33
10764 256 1 326 33
10765 256 1 492 66
10766 256 1 388 66
10767 256 1 302 66
10768 256 1 492 133
10769 256 1 403 133
10770 256 1 330 133
10771 256 1 271 133
10772 256 1 450 266
10773 256 1 378 266
10774 256 1 328 266
10775 256 1 280 266
10776 -1 1 280 252
10777 -1 1 280 225
10778 -1 1 280 171
10779 -1 1 280 63
10780 -1 0 280 126
10781 -1 0 280 252
10782 -1 1 280 224
10783 -1 1 280 168
10784 -1 1 280 56
10785 -1 0 280 113
10786 247 1 263 113
10787 256 1 452 226
10788 256 1 393 226
10789 256 1 345 226
10790 256 1 306 226
10791 256 1 276 226
10792 256 1 494 452
10793 256 0 360 30
10794 -1 0 360 61
10795 247 1 340 61
10796 256 1 290 61
10797 256 1 502 122
10798 256 1 440 122
10799 256 1 389 122
10800 256 1 341 122
10801 256 1 302 122
10802 256 1 272 122
10803 256 1 486 244
10804 256 1 441 244
10805 256 1 404 244
10806 256 1 369 244
10807 256 1 341 244
10808 256 1 314 244
10809 -1 1 314 175
10810 -1 1 314 36
10811 -1 0 314 73
10812 -1 0 314 147
10813 -1 0 314 294
10814 -1 1 314 275
10815 247 1 299 275
10816 256 1 278 275
10817 256 0 320 281
10818 -1 1 320 242
10819 247 1 302 242
10820 256 1 269 242
10821 256 0 256 40
10822 -1 0 256 81
10823 247 1 484 163
10824 256 1 408 163
10825 256 1 345 163
10826 256 1 295 163
10827 256 1 256 163
10828 256 1 438 326
10829 256 1 387 326
10830 256 1 339 326
10831 256 0 312 214
10832 -1 1 312 116
10833 247 1 299 116
10834 256 1 506 232
10835 256 1 434 232
10836 256 1 375 232
10837 256 1 327 232
10838 256 1 282 232
10839 256 1 494 464
10840 256 0 448 214
10841 -1 0 448 428
10842 247 0 336 26
10843 -1 0 336 52
10844 247 1 305 52
10845 256 1 259 52
10846 256 1 432 105
10847 256 1 373 105
10848 256 1 325 105
10849 256 1 280 105
10850 256 1 490 211
10851 256 1 434 211
10852 256 1 388 211
10853 256 1 345 211
10854 256 1 310 211
10855 256 1 283 211
10856 256 1 257 211
10857 256 1 466 422
10858 -1 1 466 379
10859 -1 1 466 292
10860 -1 1 466 118
10861 -1 0 466 236
10862 -1 1 466 7
10863 -1 0 466 15
10864 -1 0 466 30
10865 -1 0 466 60
10866 96 1 457 60
10867 134 1 418 60
10868 195 0 410 60
10869 135 1 402 60
10870 196 0 394 60
10871 136 1 383 60
10872 197 0 376 60
10873 137 1 359 60
10874 198 0 352 60
10875 138 1 345 60
10876 199 0 338 60
10877 139 1 320 60
10878 200 0 313 60
10879 140 1 283 60
10880 201 0 277 60
10881 141 1 269 60
10882 202 0 263 60
10883 142 1 510 121
10884 203 0 501 121
10885 143 1 468 121
10886 204 0 459 121
10887 144 1 435 121
10888 205 0 427 121
10889 145 1 411 121
10890 206 0 403 121
10891 146 1 388 121
10892 207 0 380 121
10893 147 1 347 121
10894 208 0 340 121
10895 148 1 326 121
10896 209 0 308 121
10897 248 1 257 121
10898 252 1 436 242
10899 252 1 382 242
10900 252 1 339 242
10901 252 1 298 242
10902 252 1 266 242
10903 252 0 480 99
10904 -1 0 480 199
10905 247 1 439 199
10906 253 1 380 199
10907 253 1 332 199
10908 253 1 287 199
10909 253 1 504 398
10910 253 1 448 398
10911 253 0 424 30
10912 -1 0 424 60
10913 247 1 391 60
10914 254 1 325 60
10915 254 1 272 60
10916 254 1 462 121
10917 254 1 397 121
10918 254 1 343 121
10919 254 1 300 121
10920 254 1 267 121
10921 254 1 470 243
10922 254 1 420 243
10923 254 1 379 243
10924 254 1 346 243
10925 254 1 315 243
10926 254 1 291 243
10927 -1 1 291 195
10928 -1 1 291 100
10929 -1 0 291 201
10930 -1 1 291 112
10931 -1 0 291 224
10932 -1 1 291 158
10933 247 1 269 158
10934 255 1 472 316
10935 255 1 419 316
10936 255 1 376 316
10937 255 1 341 316
10938 255 0 264 64
10939 -1 0 264 129
10940 247 1 486 258
10941 256 1 447 258
10942 256 1 415 258
10943 256 1 385 258
10944 256 1 356 258
10945 256 1 333 258
10946 256 1 311 258
10947 256 1 294 258
10948 256 1 278 258
10949 256 1 263 258
10950 256 0 448 290
10951 -1 1 448 133
10952 247 1 415 133
10953 256 1 374 133
10954 256 1 341 133
10955 256 1 310 133
10956 256 1 286 133
10957 256 1 263 133
10958 256 1 482 267
10959 256 1 447 267
10960 256 1 418 267
10961 256 1 391 267
10962 256 1 365 267
10963 256 1 344 267
10964 256 1 324 267
10965 256 1 305 267
10966 -1 1 305 230
10967 -1 1 305 156
10968 -1 1 305 7
10969 -1 0 305 15
10970 -1 0 305 31
10971 -1 0 305 62
10972 -1 0 305 124
10973 -1 0 305 249
10974 247 1 286 249
10975 256 1 272 249
10976 256 1 258 249
10977 256 0 416 157
10978 -1 0 416 315
10979 247 1 390 315
10980 256 1 351 315
10981 256 1 320 315
10982 256 0 480 413
10983 -1 1 480 347
10984 247 1 452 347
10985 256 1 390 347
10986 256 0 408 67
10987 -1 0 408 134
10988 247 1 385 134
10989 256 1 316 134
10990 256 1 270 134
10991 256 1 454 269
10992 256 1 385 269
10993 256 1 329 269
10994 256 1 284 269
10995 256 0 280 162
10996 -1 1 280 44
10997 247 1 265 44
10998 256 1 434 89
10999 256 1 368 89
11000 256 1 315 89
11001 256 1 274 89
11002 256 1 470 178
11003 256 1 408 178
11004 256 1 357 178
11005 256 1 316 178
11006 256 1 284 178
11007 256 1 508 356
11008 256 1 460 356
11009 256 1 415 356
11010 256 1 378 356
11011 -1 1 378 334
11012 -1 1 378 290
11013 -1 1 378 202
11014 -1 1 378 26
11015 -1 0 378 53
11016 -1 0 378 106
11017 -1 0 378 212
11018 -1 1 378 47
11019 -1 0 378 95
11020 -1 0 378 190
11021 247 1 360 190
11022 256 1 330 190
11023 256 1 302 190
11024 256 1 280 190
11025 256 1 259 190
11026 256 1 478 381
11027 256 1 447 381
11028 256 1 421 381
11029 256 1 396 381
11030 256 0 368 133
11031 -1 0 368 267
11032 247 1 351 267
11033 256 1 314 267
11034 256 1 285 267
11035 256 0 432 151
11036 -1 0 432 302
11037 247 1 413 302
11038 256 1 354 302
11039 256 1 306 302
11040 256 0 296 267
11041 -1 1 296 238
11042 247 1 284 238
11043 256 0 384 21
11044 -1 0 384 42
11045 247 1 367 42
11046 256 1 291 42
11047 256 1 464 84
11048 256 1 370 84
11049 256 1 305 84
11050 256 1 508 169
11051 256 1 428 169
11052 256 1 362 169
11053 256 1 309 169
11054 256 1 268 169
11055 256 1 458 338
11056 256 1 396 338
11057 256 1 345 338
11058 256 0 328 279
11059 -1 1 328 231
11060 96 1 321 231
11061 134 1 294 231
11062 195 0 288 231
11063 135 1 282 231
11064 196 0 276 231
11065 136 1 269 231
11066 197 0 263 231
11067 137 1 500 462
11068 198 0 491 462
11069 138 1 482 462
11070 199 0 473 462
11071 139 0 368 195
11072 140 1 333 195
11073 201 0 326 195
11074 141 1 317 195
11075 202 0 311 195
11076 142 1 303 195
11077 203 0 297 195
11078 143 1 278 195
11079 204 0 272 195
11080 144 1 258 195
11081 205 0 504 391
11082 145 1 486 391
11083 206 0 477 391
11084 146 1 461 391
11085 207 0 452 391
11086 147 1 409 391
11087 208 0 401 391
11088 148 0 480 184
11089 248 1 400 184
11090 252 1 337 184
11091 252 1 287 184
11092 252 1 496 369
11093 252 1 434 369
11094 252 1 383 369
11095 252 0 328 222
11096 -1 1 328 117
11097 247 1 314 117
11098 253 1 268 117
11099 253 1 450 235
11100 253 1 381 235
11101 253 1 333 235
11102 253 1 288 235
11103 253 1 506 471
11104 253 0 448 170
11105 -1 0 448 341
11106 247 1 430 341
11107 254 1 397 341
11108 254 1 365 341
11109 254 0 416 39
11110 -1 0 416 79
11111 247 1 401 79
11112 255 1 342 79
11113 255 1 294 79
11114 255 1 257 79
11115 255 1 444 158
11116 255 1 396 158
11117 255 1 350 158
11118 255 1 313 158
11119 255 1 284 158
11120 255 1 257 158
11121 255 1 462 316
11122 255 1 421 316
11123 255 1 388 316
11124 255 1 356 316
11125 -1 1 356 276
11126 -1 1 356 196
11127 -1 1 356 36
11128 -1 0 356 73
11129 -1 0 356 147
11130 -1 0 356 295
11131 -1 1 356 234
11132 -1 1 356 113
11133 247 1 344 113
11134 256 1 288 113
11135 256 1 490 227
11136 256 1 421 227
11137 256 1 365 227
11138 256 1 320 227
11139 256 1 277 227
11140 256 1 488 455
11141 256 0 424 161
11142 -1 0 424 322
11143 247 1 411 322
11144 256 1 345 322
11145 256 0 424 240
11146 -1 1 424 56
11147 247 1 412 56
11148 256 1 331 56
11149 256 1 266 56
11150 256 1 430 113
11151 256 1 361 113
11152 256 1 305 113
11153 256 1 262 113
11154 256 1 442 226
11155 256 1 386 226
11156 256 1 332 226
11157 256 1 289 226
11158 256 1 256 226
11159 256 0 256 22
11160 -1 0 256 45
11161 247 1 496 90
11162 256 1 420 90
11163 256 1 357 90
11164 256 1 307 90
11165 256 1 268 90
11166 256 1 462 181
11167 256 1 403 181
11168 256 1 355 181
11169 256 1 316 181
11170 256 1 286 181
11171 256 1 257 181
11172 256 1 460 363
11173 256 1 417 363
11174 256 1 382 363
11175 -1 1 382 344
11176 -1 1 382 307
11177 -1 1 382 232
11178 -1 1 382 82
11179 -1 0 382 164
11180 -1 0 382 329
11181 -1 1 382 276
11182 -1 1 382 171
11183 -1 0 382 342
11184 -1 1 382 302
11185 247 1 373 302
11186 256 1 345 302
11187 256 1 318 302
11188 256 0 336 92
11189 -1 0 336 184
11190 247 1 327 184
11191 256 1 284 184
11192 256 1 502 368
11193 256 1 449 368
11194 256 1 399 368
11195 256 0 328 83
11196 -1 0 328 166
11197 247 1 319 166
11198 256 1 278 166
11199 256 1 478 332
11200 256 1 416 332
11201 256 1 365 332
11202 256 0 328 67
11203 -1 0 328 135
11204 247 1 320 135
11205 256 1 264 135
11206 256 1 442 271
11207 256 1 383 271
11208 256 1 335 271
11209 256 1 290 271
11210 256 0 280 135
11211 -1 0 280 271
11212 247 1 274 271
11213 256 0 384 361
11214 -1 1 384 338
11215 247 1 375 338
11216 256 0 304 159
11217 -1 1 304 15
11218 96 1 298 15
11219 134 1 277 15
11220 195 0 271 15
11221 135 1 265 15
11222 196 0 259 15
11223 136 1 504 30
11224 197 0 495 30
11225 137 1 474 30
11226 198 0 465 30
11227 138 1 456 30
11228 199 0 447 30
11229 139 1 408 30
11230 200 0 400 30
11231 140 1 361 30
11232 201 0 354 30
11233 141 1 345 30
11234 202 0 338 30
11235 142 1 329 30
11236 203 0 322 30
11237 143 1 300 30
11238 204 0 294 30
11239 144 1 281 30
11240 205 0 275 30
11241 145 1 265 30
11242 206 0 259 30
11243 146 1 500 61
11244 207 0 491 61
11245 147 1 450 61
11246 208 0 441 61
11247 148 1 406 61
11248 209 0 386 61
11249 248 1 320 61
11250 252 1 264 61
11251 252 1 442 122
11252 252 1 383 122
11253 252 1 335 122
11254 252 1 290 122
11255 252 1 510 244
11256 252 1 454 244
11257 252 1 401 244
11258 252 1 358 244
11259 252 1 323 244
11260 252 1 290 244
11261 252 1 264 244
11262 252 0 384 69
11263 -1 0 384 139
11264 247 1 376 139
11265 253 1 320 139
11266 253 1 267 139
11267 253 1 452 279
11268 253 1 387 279
11269 253 1 333 279
11270 253 1 290 279
11271 253 0 264 179
11272 -1 1 264 95
11273 247 1 258 95
11274 254 1 446 191
11275 254 1 398 191
11276 254 1 352 191
11277 254 1 315 191
11278 254 1 286 191
11279 254 1 259 191
11280 254 1 466 382
11281 254 1 425 382
11282 254 1 392 382
11283 254 0 256 177
11284 -1 1 256 98
11285 247 1 500 196
11286 255 1 465 196
11287 255 1 432 196
11288 255 1 405 196
11289 255 1 379 196
11290 255 1 358 196
11291 255 1 338 196
11292 255 1 319 196
11293 255 1 305 196
11294 255 1 291 196
11295 255 1 278 196
11296 255 1 266 196
11297 255 1 508 392
11298 255 1 489 392
11299 -1 1 489 295
11300 -1 1 489 101
11301 -1 0 489 203
11302 -1 0 489 407
11303 -1 1 489 326
11304 -1 1 489 164
11305 247 1 480 164
11306 256 1 358 164
11307 256 1 273 164
11308 256 1 414 329
11309 256 0 360 23
11310 -1 0 360 46
11311 247 1 353 46
11312 256 1 264 46
11313 256 1 390 92
11314 256 1 295 92
11315 256 1 466 185
11316 256 1 367 185
11317 256 1 298 185
11318 256 1 490 370
11319 256 1 405 370
11320 256 0 276 139
11321 -1 1 276 3
11322 247 1 270 3
11323 256 1 416 7
11324 256 1 330 7
11325 256 1 261 7
11326 256 1 416 15
11327 256 1 343 15
11328 256 1 284 15
11329 256 1 476 30
11330 256 1 404 30
11331 256 1 345 30
11332 256 1 297 30
11333 256 1 260 30
11334 256 1 450 60
11335 256 1 394 60
11336 -1 0 394 120
11337 -1 0 394 240
11338 247 1 386 240
11339 256 1 340 240
11340 256 1 303 240
11341 256 1 274 240
11342 256 1 494 481
11343 256 0 344 240
11344 -1 1 344 136
11345 247 1 337 136
11346 256 1 289 136
11347 256 1 504 273
11348 256 1 445 273
11349 256 1 397 273
11350 256 1 351 273
11351 256 1 314 273
11352 256 1 285 273
11353 256 0 432 246
11354 -1 1 432 60
11355 247 1 424 60
11356 256 1 365 60
11357 256 1 317 60
11358 256 1 280 60
11359 256 1 490 120
11360 256 1 434 120
11361 256 1 388 120
11362 256 1 345 120
11363 256 1 310 120
11364 256 1 283 120
11365 256 1 257 120
11366 256 1 466 240
11367 256 1 427 240
11368 256 1 395 240
11369 -1 1 395 86
11370 -1 0 395 172
11371 -1 0 395 345
11372 -1 1 395 296
11373 247 1 387 296
11374 256 1 357 296
11375 256 1 333 296
11376 256 1 310 296
11377 256 0 288 66
11378 -1 0 288 132
11379 247 1 282 132
11380 256 1 500 265
11381 256 1 450 265
11382 256 1 402 265
11383 256 1 363 265
11384 256 1 332 265
11385 256 1 302 265
11386 256 1 279 265
11387 256 0 352 135
11388 -1 0 352 271
11389 247 1 345 271
11390 256 1 302 271
11391 256 0 264 21
11392 -1 0 264 43
11393 247 1 258 43
11394 256 1 424 86
11395 256 1 361 86
11396 256 1 311 86
11397 256 1 272 86
11398 256 1 470 173
11399 256 1 411 173
11400 256 1 363 173
11401 256 1 324 173
11402 256 1 287 173
11403 256 1 258 173
11404 256 1 462 346
11405 256 1 419 346
11406 256 1 384 346
11407 -1 1 384 309
11408 -1 1 384 235
11409 -1 1 384 87
11410 -1 0 384 175
11411 -1 0 384 351
11412 -1 1 384 319
11413 -1 1 384 255
11414 -1 1 384 127
11415 247 1 376 127
11416 256 1 348 127
11417 256 1 321 127
11418 256 1 295 127
11419 256 1 275 127
11420 256 1 256 127
11421 256 1 476 255
11422 256 1 448 255
11423 256 1 421 255
11424 256 1 399 255
11425 256 1 378 255
11426 256 1 361 255
11427 256 1 345 255
11428 256 1 330 255
11429 -1 1 330 181
11430 -1 1 330 32
11431 -1 0 330 65
11432 -1 0 330 131
11433 -1 0 330 263
11434 -1 1 330 196
11435 247 1 323 196
11436 256 1 309 196
11437 256 1 298 196
11438 256 1 287 196
11439 256 1 277 196
11440 256 1 267 196
11441 256 1 258 196
11442 256 1 498 392
11443 256 1 484 392
11444 256 1 471 392
11445 256 1 459 392
11446 256 1 447 392
11447 256 1 437 392
11448 256 1 428 392
11449 -1 1 428 357
11450 -1 1 428 287
11451 -1 1 428 147
11452 -1 0 428 294
11453 -1 1 428 161
11454 -1 0 428 323
11455 -1 1 428 218
11456 -1 1 428 9
11457 96 1 420 9
11458 134 1 391 9
11459 195 0 383 9
11460 135 1 376 9
11461 196 0 369 9
11462 136 1 361 9
11463 197 0 354 9
11464 137 1 340 9
11465 198 0 333 9
11466 138 1 326 9
11467 199 0 319 9
11468 139 1 293 9
11469 200 0 287 9
11470 140 1 261 9
11471 201 0 510 19
11472 141 1 499 19
11473 202 0 490 19
11474 142 1 478 19
11475 203 0 469 19
11476 143 1 441 19
11477 204 0 433 19
11478 144 1 415 19
11479 205 0 407 19
11480 145 1 393 19
11481 206 0 385 19
11482 146 1 373 19
11483 207 0 366 19
11484 147 1 338 19
11485 208 0 331 19
11486 148 1 303 19
11487 209 0 290 19
11488 248 1 494 39
11489 252 1 432 39
11490 252 1 381 39
11491 252 1 340 39
11492 252 1 301 39
11493 252 1 271 39
11494 252 1 484 79
11495 252 1 439 79
11496 252 1 402 79
11497 252 1 367 79
11498 252 1 339 79
11499 252 1 312 79
11500 252 1 291 79
11501 252 1 271 79
11502 -1 0 271 159
11503 -1 1 271 47
11504 247 1 265 47
11505 253 1 438 95
11506 253 1 375 95
11507 253 1 325 95
11508 253 1 277 95
11509 253 1 480 190
11510 253 1 421 190
11511 253 1 373 190
11512 253 1 334 190
11513 253 1 297 190
11514 253 1 268 190
11515 253 1 482 380
11516 253 1 439 380
11517 253 1 404 380
11518 -1 1 404 357
11519 -1 1 404 310
11520 -1 1 404 217
11521 -1 1 404 31
11522 -1 0 404 62
11523 -1 0 404 124
11524 -1 0 404 248
11525 -1 1 404 92
11526 -1 0 404 185
11527 -1 0 404 370
11528 247 1 396 370
11529 254 0 408 203
11530 -1 0 408 407
11531 247 0 256 236
11532 -1 1 256 217
11533 247 1 472 435
11534 255 1 454 435
11535 255 1 437 435
11536 255 0 448 402
11537 -1 1 448 357
11538 247 1 417 357
11539 256 1 408 357
11540 256 1 400 357
11541 256 1 392 357
11542 256 1 384 357
11543 256 1 376 357
11544 256 1 369 357
11545 256 1 362 357
11546 256 0 448 185
11547 -1 0 448 370
11548 247 1 418 370
11549 256 1 389 370
11550 256 0 432 139
11551 -1 0 432 279
11552 247 1 407 279
11553 256 1 361 279
11554 256 1 324 279
11555 256 1 289 279
11556 256 0 432 283
11557 -1 1 432 134
11558 247 1 409 134
11559 256 1 350 134
11560 256 1 302 134
11561 256 1 265 134
11562 256 1 460 269
11563 256 1 404 269
11564 256 1 358 269
11565 256 1 321 269
11566 256 1 286 269
11567 256 0 432 164
11568 -1 0 432 328
11569 247 1 410 328
11570 256 1 351 328
11571 256 0 384 207
11572 -1 1 384 31
11573 247 1 363 31
11574 256 1 298 31
11575 256 1 494 63
11576 256 1 414 63
11577 256 1 348 63
11578 256 1 295 63
11579 256 1 508 126
11580 256 1 443 126
11581 256 1 389 126
11582 256 1 338 126
11583 256 1 297 126
11584 256 1 265 126
11585 256 1 470 252
11586 256 1 422 252
11587 -1 1 422 82
11588 -1 0 422 164
11589 -1 0 422 329
11590 -1 1 422 236
11591 247 1 402 236
11592 256 1 363 236
11593 256 1 332 236
11594 256 1 302 236
11595 256 1 279 236
11596 256 1 257 236
11597 256 0 336 14
11598 -1 0 336 29
11599 247 1 320 29
11600 256 1 277 29
11601 256 1 488 59
11602 256 1 435 59
11603 256 1 392 59
11604 256 1 351 59
11605 256 1 318 59
11606 256 1 292 59
11607 256 1 268 59
11608 256 1 490 118
11609 256 1 453 118
11610 256 1 418 118
11611 256 1 389 118
11612 256 1 362 118
11613 -1 0 362 236
11614 -1 1 362 111
11615 247 1 347 111
11616 256 1 325 111
11617 256 1 304 111
11618 256 1 288 111
11619 256 1 273 111
11620 256 1 259 111
11621 256 1 490 222
11622 256 1 468 222
11623 256 1 447 222
11624 256 1 430 222
11625 256 1 414 222
11626 256 1 399 222
11627 256 1 384 222
11628 256 1 370 222
11629 -1 1 370 74
11630 -1 0 370 149
11631 -1 0 370 298
11632 -1 1 370 226
11633 247 1 356 226
11634 256 1 345 226
11635 256 1 334 226
11636 256 1 324 226
11637 256 1 315 226
11638 256 1 308 226
11639 256 1 301 226
11640 256 1 294 226
11641 256 1 288 226
11642 256 1 282 226
11643 256 1 276 226
11644 256 1 270 226
11645 256 1 264 226
11646 256 1 258 226
11647 -1 1 258 195
11648 -1 1 258 132
11649 -1 1 258 6
11650 -1 0 258 12
11651 -1 0 258 25
11652 -1 0 258 50
11653 -1 0 258 101
11654 -1 0 258 202
11655 247 1 494 404
11656 256 1 485 404
11657 256 1 476 404
11658 256 1 467 404
11659 256 1 458 404
11660 256 1 449 404
11661 256 1 440 404
11662 256 1 432 404
11663 256 1 424 404
11664 256 1 416 404
11665 256 1 408 404
11666 256 0 256 152
11667 -1 1 256 48
11668 96 1 500 96
11669 134 1 469 96
11670 195 0 460 96
11671 135 1 451 96
11672 196 0 442 96
11673 136 1 433 96
11674 197 0 425 96
11675 137 1 409 96
11676 198 0 401 96
11677 138 1 393 96
11678 199 0 385 96
11679 139 1 350 96
11680 200 0 343 96
11681 140 1 313 96
11682 201 0 307 96
11683 141 1 301 96
11684 202 0 295 96
11685 142 1 288 96
11686 203 0 282 96
11687 143 1 266 96
11688 204 0 260 96
11689 144 1 496 192
11690 205 0 487 192
11691 145 1 472 192
11692 206 0 463 192
11693 146 1 449 192
11694 207 0 440 192
11695 147 1 408 192
11696 208 0 400 192
11697 148 1 368 192
11698 209 0 353 192
11699 248 1 303 192
11700 252 1 284 192
11701 252 1 266 192
11702 252 1 498 384
11703 252 1 471 384
11704 252 1 446 384
11705 252 1 425 384
11706 252 1 405 384
11707 252 1 386 384
11708 252 0 288 268
11709 -1 1 288 249
11710 247 1 277 249
11711 253 1 508 499
11712 253 0 296 228
11713 -1 1 296 160
11714 247 1 286 160
11715 254 1 476 321
11716 254 1 400 321
11717 254 1 337 321
11718 254 0 400 273
11719 -1 1 400 147
11720 247 1 386 147
11721 255 1 353 147
11722 255 1 326 147
11723 255 1 300 147
11724 255 1 280 147
11725 255 1 261 147
11726 255 1 486 294
11727 255 1 458 294
11728 255 1 431 294
11729 255 1 409 294
11730 255 1 388 294
11731 255 1 368 294
11732 255 1 352 294
11733 255 1 337 294
11734 -1 1 337 252
11735 -1 1 337 168
11736 -1 0 337 336
11737 -1 1 337 335
11738 -1 1 337 334
11739 -1 1 337 332
11740 247 0 352 192
11741 -1 1 352 33
11742 247 1 324 33
11743 256 1 300 33
11744 256 1 281 33
11745 256 1 263 33
11746 256 1 492 66
11747 256 1 465 66
11748 256 1 440 66
11749 256 1 419 66
11750 256 1 399 66
11751 256 1 380 66
11752 256 1 365 66
11753 256 1 351 66
11754 256 1 337 66
11755 256 1 324 66
11756 -1 0 324 132
11757 -1 0 324 265
11758 247 1 297 265
11759 256 1 287 265
11760 256 1 277 265
11761 256 1 268 265
11762 256 0 288 204
11763 -1 1 288 121
11764 247 1 267 121
11765 256 1 488 242
11766 256 1 451 242
11767 256 1 416 242
11768 256 1 387 242
11769 256 1 360 242
11770 256 1 338 242
11771 256 1 317 242
11772 256 1 301 242
11773 256 1 286 242
11774 256 1 272 242
11775 256 1 258 242
11776 256 1 490 485
11777 256 0 336 256
11778 -1 1 336 176
11779 247 1 312 176
11780 256 1 286 176
11781 256 1 262 176
11782 256 1 478 352
11783 256 1 441 352
11784 256 1 411 352
11785 256 1 382 352
11786 256 1 359 352
11787 256 0 352 246
11788 -1 1 352 141
11789 247 1 329 141
11790 256 1 290 141
11791 256 1 260 141
11792 256 1 462 282
11793 256 1 417 282
11794 256 1 380 282
11795 256 1 350 282
11796 256 1 322 282
11797 256 1 295 282
11798 256 0 336 132
11799 -1 0 336 265
11800 247 1 314 265
11801 256 1 279 265
11802 256 0 264 159
11803 -1 1 264 54
11804 247 1 494 108
11805 256 1 418 108
11806 256 1 355 108
11807 256 1 305 108
11808 256 1 266 108
11809 256 1 458 217
11810 256 1 399 217
11811 256 1 351 217
11812 256 1 312 217
11813 256 1 282 217
11814 256 1 506 435
11815 256 1 461 435
11816 256 0 344 143
11817 -1 0 344 287
11818 247 1 324 287
11819 256 0 384 95
11820 -1 0 384 190
11821 247 1 362 190
11822 256 1 297 190
11823 256 1 492 381
11824 256 1 412 381
11825 256 0 264 142
11826 -1 1 264 20
11827 247 1 500 41
11828 256 1 406 41
11829 256 1 329 41
11830 256 1 267 41
11831 256 1 438 82
11832 256 1 372 82
11833 256 1 319 82
11834 256 1 278 82
11835 256 1 478 165
11836 256 1 416 165
11837 256 1 365 165
11838 256 1 324 165
11839 256 1 285 165
11840 256 1 510 330
11841 -1 1 510 151
11842 -1 0 510 302
11843 -1 1 510 95
11844 -1 0 510 190
11845 247 1 487 190
11846 256 1 439 190
11847 256 1 400 190
11848 256 1 363 190
11849 256 1 333 190
11850 256 1 305 190
11851 256 1 283 190
11852 256 1 262 190
11853 256 1 484 380
11854 256 1 453 380
11855 256 1 423 380
11856 256 1 398 380
11857 256 0 368 80
11858 -1 0 368 160
11859 100 1 354 160
11860 149 1 326 160
11861 210 0 311 160
11862 150 1 274 160
11863 211 0 257 160
11864 151 1 468 320
11865 212 0 374 320
11866 258 0 256 148
11867 -1 1 256 41
11868 259 1 290 82
11869 262 1 498 164
11870 262 1 433 164
11871 262 1 379 164
11872 262 1 336 164
11873 262 1 295 164
11874 262 1 263 164
11875 262 1 466 329
11876 262 1 418 329
11877 262 1 379 329
11878 262 1 348 329
11879 262 0 480 182
11880 -1 0 480 365
11881 257 1 404 365
11882 263 0 472 166
11883 -1 0 472 333
11884 257 1 400 333
11885 264 1 361 333
11886 264 0 496 57
11887 -1 0 496 114
11888 100 1 478 114
11889 149 1 441 114
11890 210 0 424 114
11891 150 1 373 114
11892 211 0 353 114
11893 151 1 326 114
11894 212 0 261 114
11895 258 1 290 229
11896 262 1 506 459
11897 262 0 472 102
11898 -1 0 472 205
11899 257 1 403 205
11900 263 1 326 205
11901 263 1 264 205
11902 263 1 432 410
11903 263 0 264 177
11904 -1 1 264 91
11905 257 1 450 182
11906 264 1 385 182
11907 264 1 331 182
11908 264 1 288 182
11909 264 1 510 364
11910 264 1 457 364
11911 264 1 407 364
11912 264 1 366 364
11913 264 0 264 253
11914 -1 1 264 242
11915 257 0 296 123
11916 -1 0 296 246
11917 104 1 289 246
11918 152 0 344 2
11919 153 1 264 2
11920 214 0 506 4
11921 154 1 390 4
11922 215 0 377 4
11923 155 1 288 4
11924 216 0 276 4
11925 156 1 362 9
11926 217 0 342 9
11927 157 1 486 19
11928 218 0 458 19
11929 158 1 316 19
11930 219 0 300 19
11931 159 1 468 38
11932 220 0 423 38
11933 160 1 300 38
11934 221 0 257 38
11935 161 1 304 76
11936 222 0 490 152
11937 162 1 374 152
11938 223 0 305 152
11939 163 1 486 305
11940 224 0 311 305
11941 164 0 308 285
11942 165 0 344 161
11943 267 1 354 323
11944 271 0 400 158
11945 -1 0 400 316
11946 266 1 363 316
11947 272 0 396 209
11948 -1 1 396 23
11949 266 1 361 23
11950 273 1 292 23
11951 273 1 478 47
11952 273 1 393 47
11953 273 1 324 47
11954 273 1 268 47
11955 273 1 450 95
11956 273 1 381 95
11957 273 1 333 95
11958 273 1 288 95
11959 273 1 506 191
11960 273 1 450 191
11961 273 1 397 191
11962 273 1 354 191
11963 -1 1 354 28
11964 -1 0 354 57
11965 -1 0 354 114
11966 -1 0 354 229
11967 266 1 326 229
11968 274 1 474 459
11969 274 0 464 404
11970 -1 1 464 345
11971 266 1 427 345
11972 275 1 350 345
11973 275 0 496 456
11974 -1 1 496 417
11975 266 1 461 417
11976 275 0 416 243
11977 -1 1 416 70
11978 266 1 387 70
11979 275 1 282 70
11980 275 1 426 141
11981 275 1 331 141
11982 275 1 510 282
11983 275 1 411 282
11984 275 1 330 282
11985 275 0 260 71
11986 -1 0 260 142
11987 266 1 482 284
11988 275 1 372 284
11989 275 1 296 284
11990 275 0 472 383
11991 -1 1 472 295
11992 266 1 442 295
11993 275 1 337 295
11994 275 0 340 174
11995 -1 1 340 9
11996 266 1 319 9
11997 275 1 476 19
11998 275 1 348 19
11999 275 1 259 19
12000 275 1 380 38
12001 275 1 300 38
12002 275 1 476 76
12003 275 1 377 76
12004 275 1 308 76
12005 275 1 510 153
12006 275 1 425 153
12007 275 1 356 153
12008 275 1 300 153
12009 275 1 257 153
12010 -1 1 257 49
12011 -1 0 257 99
12012 -1 0 257 198
12013 -1 1 257 140
12014 266 1 482 281
12015 275 1 413 281
12016 275 1 357 281
12017 275 1 312 281
12018 275 0 280 33
12019 -1 0 280 67
12020 266 1 265 67
12021 275 1 434 135
12022 275 1 368 135
12023 275 1 315 135
12024 275 1 274 135
12025 275 1 470 270
12026 275 1 408 270
12027 275 1 357 270
12028 275 1 316 270
12029 275 1 284 270
12030 275 0 480 260
12031 -1 1 480 40
12032 104 1 468 40
12033 152 1 374 40
12034 213 0 367 40
12035 153 1 291 40
12036 214 0 281 40
12037 154 1 430 81
12038 215 0 418 81
12039 155 1 318 81
12040 216 0 306 81
12041 156 1 432 162
12042 217 0 410 162
12043 157 1 299 162
12044 218 0 283 162
12045 158 1 404 325
12046 219 0 382 325
12047 159 0 304 77
12048 160 1 446 154
12049 221 0 387 154
12050 161 1 486 309
12051 222 0 392 309
12052 162 0 380 50
12053 163 1 308 50
12054 224 0 416 100
12055 164 1 286 100
12056 225 0 362 201
12057 165 1 293 201
12058 226 0 256 72
12059 267 1 256 144
12060 271 1 406 289
12061 271 1 333 289
12062 271 0 472 127
12063 -1 0 472 255
12064 266 1 448 255
12065 272 1 298 255
12066 272 0 340 168
12067 -1 0 340 336
12068 266 0 272 219
12069 -1 1 272 167
12070 266 1 490 334
12071 273 1 442 334
12072 273 1 403 334
12073 273 1 366 334
12074 273 1 336 334
12075 273 0 448 429
12076 -1 1 448 410
12077 266 0 344 44
12078 -1 0 344 89
12079 266 1 296 89
12080 274 1 430 179
12081 274 1 319 179
12082 274 1 492 359
12083 274 1 376 359
12084 274 0 320 252
12085 -1 1 320 185
12086 266 1 275 185
12087 275 1 464 370
12088 275 1 395 370
12089 275 0 448 254
12090 -1 1 448 60
12091 266 1 389 60
12092 275 1 312 60
12093 275 1 261 60
12094 275 1 426 121
12095 275 1 360 121
12096 275 1 307 121
12097 275 1 266 121
12098 275 1 454 243
12099 275 1 392 243
12100 275 1 341 243
12101 275 1 300 243
12102 275 1 268 243
12103 275 0 480 89
12104 -1 0 480 178
12105 266 1 424 178
12106 275 1 361 178
12107 275 1 311 178
12108 275 1 272 178
12109 275 1 470 357
12110 275 1 411 357
12111 275 1 363 357
12112 275 0 312 271
12113 -1 1 312 231
12114 266 1 280 231
12115 275 1 468 463
12116 275 0 288 271
12117 -1 1 288 255
12118 266 1 258 255
12119 275 0 448 425
12120 -1 1 448 403
12121 266 0 384 27
12122 -1 0 384 55
12123 266 1 325 55
12124 275 1 490 110
12125 275 1 386 110
12126 275 1 300 110
12127 275 1 488 221
12128 275 1 399 221
12129 275 1 326 221
12130 275 1 267 221
12131 275 0 368 0
12132 -1 0 368 0
12133 104 1 360 0
12134 152 1 295 0
12135 213 0 289 0
12136 153 1 460 0
12137 214 0 444 0
12138 154 1 354 0
12139 215 0 344 0
12140 155 1 264 0
12141 216 0 506 1
12142 156 1 364 1
12143 217 0 346 1
12144 157 1 257 1
12145 218 0 484 2
12146 158 1 356 2
12147 219 0 338 2
12148 159 1 498 5
12149 220 0 455 5
12150 160 1 327 5
12151 221 0 279 5
12152 161 1 368 10
12153 222 0 303 10
12154 162 1 452 20
12155 223 0 363 20
12156 163 1 294 20
12157 224 0 398 40
12158 164 1 275 40
12159 225 0 350 81
12160 165 1 285 81
12161 226 0 314 163
12162 267 1 382 327
12163 271 0 304 84
12164 -1 0 304 169
12165 266 1 265 169
12166 272 1 340 339
12167 272 0 440 438
12168 -1 1 440 436
12169 266 0 432 403
12170 -1 1 432 375
12171 266 0 276 51
12172 -1 0 276 102
12173 266 1 428 204
12174 273 1 374 204
12175 273 1 331 204
12176 273 1 290 204
12177 273 1 258 204
12178 273 1 456 409
12179 273 0 384 11
12180 -1 0 384 23
12181 266 1 298 23
12182 274 1 442 47
12183 274 1 337 47
12184 274 1 504 95
12185 274 1 394 95
12186 274 1 304 95
12187 274 1 490 191
12188 274 1 396 191
12189 274 1 319 191
12190 274 1 268 191
12191 274 1 440 383
12192 274 0 264 36
12193 -1 0 264 72
12194 266 1 416 144
12195 275 1 335 144
12196 275 1 270 144
12197 275 1 438 289
12198 275 1 369 289
12199 275 1 313 289
12200 275 0 344 157
12201 -1 0 344 315
12202 266 0 260 144
12203 -1 1 260 29
12204 266 1 388 58
12205 275 1 307 58
12206 275 1 508 117
12207 275 1 423 117
12208 275 1 354 117
12209 275 1 298 117
12210 275 1 510 235
12211 275 1 441 235
12212 275 1 385 235
12213 275 1 331 235
12214 275 1 288 235
12215 275 1 510 470
12216 275 0 424 104
12217 -1 0 424 209
12218 266 1 334 209
12219 275 1 278 209
12220 275 1 470 419
12221 275 0 276 72
12222 -1 0 276 144
12223 266 1 434 289
12224 275 1 357 289
12225 275 1 295 289
12226 275 0 384 336
12227 -1 1 384 288
12228 266 1 303 288
12229 275 0 496 383
12230 -1 1 496 271
12231 266 1 407 271
12232 275 1 302 271
12233 275 0 276 152
12234 -1 1 276 29
12235 266 1 450 59
12236 275 1 315 59
12237 275 1 476 118
12238 275 1 354 118
12239 275 1 269 118
12240 275 1 406 237
12241 275 1 316 237
12242 275 1 257 237
12243 275 0 448 289
12244 -1 1 448 130
12245 266 1 368 130
12246 275 1 288 130
12247 275 1 452 261
12248 275 1 353 261
12249 275 1 284 261
12250 275 0 424 244
12251 -1 1 424 64
12252 104 1 415 64
12253 152 1 342 64
12254 213 0 335 64
12255 153 1 266 64
12256 214 0 257 64
12257 154 1 396 129
12258 215 0 385 129
12259 155 1 295 129
12260 216 0 284 129
12261 156 1 406 258
12262 217 0 386 258
12263 157 1 286 258
12264 218 0 272 258
12265 158 0 292 236
12266 159 0 276 54
12267 160 1 406 109
12268 221 0 352 109
12269 161 1 484 218
12270 222 0 399 218
12271 162 1 294 218
12272 223 0 486 437
12273 163 0 356 160
12274 164 1 257 160
12275 225 0 324 321
12276 165 0 496 473
12277 267 0 390 345
12278 -1 1 390 301
12279 268 1 444 88
12280 271 1 339 88
12281 271 1 508 176
12282 271 1 398 176
12283 271 1 308 176
12284 271 1 498 352
12285 271 1 404 352
12286 271 0 308 102
12287 -1 0 308 205
12288 266 1 262 205
12289 272 0 400 173
12290 -1 0 400 347
12291 266 0 504 82
12292 -1 0 504 164
12293 266 1 410 164
12294 273 1 351 164
12295 273 1 303 164
12296 273 1 266 164
12297 273 1 462 329
12298 273 1 406 329
12299 273 1 360 329
12300 273 0 296 50
12301 -1 0 296 101
12302 266 1 486 203
12303 274 1 392 203
12304 274 1 315 203
12305 274 1 264 203
12306 274 1 432 406
12307 274 0 264 162
12308 -1 1 264 60
12309 266 1 426 121
12310 275 1 331 121
12311 275 1 510 242
12312 275 1 411 242
12313 275 1 330 242
12314 275 1 265 242
12315 275 0 408 225
12316 -1 1 408 42
12317 266 1 339 42
12318 275 1 263 42
12319 275 1 408 85
12320 275 1 327 85
12321 275 1 262 85
12322 275 1 422 171
12323 275 1 353 171
12324 275 1 297 171
12325 275 1 508 342
12326 275 1 439 342
12327 275 1 383 342
12328 275 0 360 35
12329 -1 0 360 71
12330 266 1 304 71
12331 275 1 256 71
12332 275 1 420 142
12333 275 1 357 142
12334 275 1 307 142
12335 275 1 268 142
12336 275 1 462 285
12337 275 1 403 285
12338 275 1 355 285
12339 275 1 316 285
12340 275 1 286 285
12341 275 0 464 454
12342 -1 1 464 444
12343 266 0 288 208
12344 -1 1 288 129
12345 266 1 464 259
12346 275 1 395 259
12347 275 1 339 259
12348 275 1 294 259
12349 275 0 280 0
12350 -1 0 280 0
12351 104 1 274 0
12352 152 1 452 0
12353 213 0 443 0
12354 153 1 366 0
12355 214 0 355 0
12356 154 1 286 0
12357 215 0 279 0
12358 155 1 440 0
12359 216 0 425 0
12360 156 1 314 0
12361 217 0 301 0
12362 157 1 470 0
12363 218 0 447 0
12364 158 1 330 0
12365 219 0 313 0
12366 159 1 464 0
12367 220 0 423 0
12368 160 1 323 0
12369 221 0 280 0
12370 161 1 390 0
12371 222 0 321 0
12372 162 1 472 1
12373 223 0 392 1
12374 163 1 297 1
12375 224 0 414 3
12376 164 1 303 3
12377 225 0 426 6
12378 165 1 336 6
12379 226 0 338 13
12380 267 1 360 27
12381 271 1 280 27
12382 271 1 436 55
12383 271 1 350 55
12384 271 1 281 55
12385 271 1 456 110
12386 271 1 371 110
12387 271 1 312 110
12388 271 1 266 110
12389 271 1 446 220
12390 271 1 387 220
12391 271 1 331 220
12392 271 1 286 220
12393 271 1 502 441
12394 -1 1 502 380
12395 -1 1 502 259
12396 -1 1 502 16
12397 -1 0 502 32
12398 -1 0 502 64
12399 -1 0 502 129
12400 -1 0 502 259
12401 -1 1 502 16
12402 266 1 413 16
12403 272 1 506 33
12404 272 1 331 33
12405 272 1 418 67
12406 272 1 281 67
12407 272 1 382 134
12408 272 1 278 134
12409 272 1 394 268
12410 272 1 283 268
12411 272 0 292 234
12412 -1 1 292 177
12413 266 1 482 354
12414 273 1 410 354
12415 273 0 472 30
12416 -1 0 472 61
12417 266 1 392 61
12418 274 1 311 61
12419 274 1 258 61
12420 274 1 414 122
12421 274 1 345 122
12422 274 1 289 122
12423 274 1 492 245
12424 274 1 423 245
12425 274 1 367 245
12426 274 1 322 245
12427 274 1 279 245
12428 274 1 492 491
12429 274 0 424 416
12430 -1 1 424 408
12431 266 0 264 202
12432 -1 1 264 141
12433 266 1 416 282
12434 275 1 347 282
12435 275 1 291 282
12436 275 0 344 275
12437 -1 1 344 206
12438 266 1 279 206
12439 275 1 446 413
12440 275 0 308 179
12441 -1 1 308 50
12442 266 1 257 50
12443 275 1 382 101
12444 275 1 306 101
12445 275 1 494 202
12446 275 1 400 202
12447 275 1 323 202
12448 275 1 261 202
12449 275 1 426 405
12450 275 0 264 182
12451 -1 1 264 101
12452 266 1 432 202
12453 275 1 351 202
12454 275 1 286 202
12455 275 1 470 404
12456 275 0 320 57
12457 -1 0 320 115
12458 266 1 264 115
12459 275 1 404 231
12460 275 1 318 231
12461 275 1 262 231
12462 275 0 424 182
12463 -1 0 424 364
12464 266 0 504 29
12465 -1 0 504 59
12466 266 1 410 59
12467 275 1 315 59
12468 275 1 506 119
12469 275 1 407 119
12470 275 1 326 119
12471 275 1 261 119
12472 275 1 420 239
12473 275 1 351 239
12474 275 1 295 239
12475 275 1 504 478
12476 275 0 276 173
12477 -1 1 276 71
12478 266 1 446 143
12479 275 1 369 143
12480 275 1 307 143
12481 275 1 259 143
12482 275 1 426 287
12483 275 1 363 287
12484 275 1 313 287
12485 275 0 312 108
12486 -1 0 312 216
12487 266 1 261 216
12488 275 0 424 71
12489 -1 0 424 142
12490 266 1 355 142
12491 275 1 275 142
12492 275 1 426 285
12493 275 1 340 285
12494 275 0 276 57
12495 -1 0 276 114
12496 104 1 270 114
12497 152 1 448 228
12498 213 0 439 228
12499 153 1 366 228
12500 214 0 356 228
12501 154 1 291 228
12502 215 0 284 228
12503 155 0 448 1
12504 156 1 326 1
12505 217 0 311 1
12506 157 1 498 2
12507 218 0 476 2
12508 158 1 348 2
12509 219 0 332 2
12510 159 1 476 5
12511 220 0 437 5
12512 160 1 342 5
12513 221 0 301 5
12514 161 1 440 11
12515 222 0 374 11
12516 162 1 294 11
12517 223 0 496 23
12518 163 1 392 23
12519 224 0 269 23
12520 164 1 392 46
12521 225 0 269 46
12522 165 1 420 93
12523 226 0 466 186
12524 267 1 261 186
12525 271 1 456 372
12526 271 1 403 372
12527 271 0 344 96
12528 -1 0 344 192
12529 266 1 288 192
12530 272 1 414 384
12531 272 0 444 327
12532 -1 1 444 210
12533 266 1 381 210
12534 273 1 316 210
12535 273 1 265 210
12536 273 1 434 420
12537 273 0 264 208
12538 -1 1 264 152
12539 266 1 446 304
12540 274 1 380 304
12541 274 1 327 304
12542 274 0 400 223
12543 -1 1 400 47
12544 266 1 344 47
12545 275 1 264 47
12546 275 1 404 95
12547 275 1 318 95
12548 275 1 262 95
12549 275 1 418 191
12550 275 1 345 191
12551 275 1 286 191
12552 275 1 480 383
12553 275 1 408 383
12554 275 0 472 278
12555 -1 1 472 84
12556 266 1 410 84
12557 275 1 333 84
12558 275 1 271 84
12559 275 1 446 168
12560 275 1 380 168
12561 275 1 327 168
12562 275 1 277 168
12563 275 1 476 336
12564 275 1 414 336
12565 275 1 363 336
12566 275 0 328 112
12567 -1 0 328 225
12568 266 1 285 225
12569 275 1 478 451
12570 275 0 288 183
12571 -1 1 288 79
12572 266 1 510 159
12573 275 1 416 159
12574 275 1 339 159
12575 275 1 277 159
12576 275 1 458 319
12577 275 1 382 319
12578 275 1 329 319
12579 275 0 400 324
12580 -1 1 400 248
12581 266 1 354 248
12582 275 1 289 248
12583 275 0 408 86
12584 -1 0 408 172
12585 266 1 365 172
12586 275 1 289 172
12587 275 1 460 345
12588 275 1 366 345
12589 275 0 260 178
12590 -1 1 260 96
12591 266 1 462 193
12592 275 1 352 193
12593 275 1 276 193
12594 275 1 434 386
12595 275 0 324 132
12596 -1 0 324 265
12597 266 1 291 265
12598 275 0 264 160
12599 -1 1 264 57
12600 266 1 476 114
12601 275 1 348 114
12602 275 1 259 114
12603 275 1 380 229
12604 275 1 300 229
12605 275 1 476 458
12606 275 0 396 327
12607 -1 1 396 259
12608 266 1 361 259
12609 275 1 272 259
12610 275 0 276 226
12611 -1 1 276 176
12612 104 1 270 176
12613 152 1 454 353
12614 213 0 445 353
12615 153 1 376 353
12616 214 0 367 353
12617 154 0 496 386
12618 155 0 440 0
12619 156 1 340 0
12620 217 0 326 0
12621 157 1 508 1
12622 218 0 487 1
12623 158 1 365 1
12624 219 0 350 1
12625 159 1 261 1
12626 220 0 478 3
12627 160 1 374 3
12628 221 0 335 3
12629 161 1 482 7
12630 222 0 410 7
12631 162 1 320 7
12632 223 0 267 7
12633 163 1 416 15
12634 224 0 299 15
12635 164 1 460 30
12636 225 0 325 30
12637 165 1 256 30
12638 226 0 266 60
12639 267 1 300 121
12640 271 1 257 121
12641 271 1 432 242
12642 271 1 376 242
12643 271 1 331 242
12644 271 1 288 242
12645 271 1 510 485
12646 271 0 424 231
12647 -1 1 424 38
12648 266 1 391 38
12649 272 1 261 38
12650 272 1 352 77
12651 272 1 506 155
12652 272 1 378 155
12653 272 1 289 155
12654 272 1 440 310
12655 272 1 345 310
12656 272 0 304 166
12657 -1 1 304 29
12658 266 1 282 29
12659 273 1 452 58
12660 273 1 363 58
12661 273 1 301 58
12662 273 1 506 117
12663 273 1 430 117
12664 273 1 367 117
12665 273 1 317 117
12666 273 1 278 117
12667 273 1 482 235
12668 273 1 423 235
12669 273 1 375 235
12670 273 1 336 235
12671 273 1 299 235
12672 -1 1 299 171
12673 -1 1 299 44
12674 -1 0 299 88
12675 -1 0 299 176
12676 -1 1 299 54
12677 -1 0 299 108
12678 266 1 278 108
12679 274 1 450 217
12680 274 1 365 217
12681 274 1 306 217
12682 274 1 260 217
12683 274 0 344 3
12684 -1 0 344 6
12685 266 1 320 6
12686 275 1 442 12
12687 275 1 331 12
12688 275 1 484 24
12689 275 1 368 24
12690 275 1 288 24
12691 275 1 452 48
12692 275 1 353 48
12693 275 1 284 48
12694 275 1 462 96
12695 275 1 377 96
12696 275 1 318 96
12697 275 1 272 96
12698 275 1 458 192
12699 -1 0 458 385
12700 -1 1 458 312
12701 266 1 427 312
12702 275 1 368 312
12703 275 1 320 312
12704 275 0 360 300
12705 -1 1 360 240
12706 266 1 338 240
12707 275 1 279 240
12708 275 0 368 57
12709 -1 0 368 115
12710 266 1 347 115
12711 275 1 278 115
12712 275 1 450 230
12713 275 1 365 230
12714 275 1 306 230
12715 275 1 260 230
12716 275 0 344 110
12717 -1 0 344 220
12718 266 1 324 220
12719 275 1 510 440
12720 275 0 356 76
12721 -1 0 356 153
12722 266 1 337 153
12723 275 1 257 153
12724 275 1 390 307
12725 275 0 344 12
12726 -1 0 344 24
12727 266 1 326 24
12728 275 1 474 49
12729 275 1 358 49
12730 275 1 278 49
12731 275 1 432 99
12732 275 1 346 99
12733 275 1 277 99
12734 275 1 448 199
12735 275 1 363 199
12736 275 1 304 199
12737 275 1 258 199
12738 275 1 430 399
12739 275 0 472 227
12740 -1 0 472 454
12741 266 0 368 93
12742 -1 0 368 187
12743 266 1 335 187
12744 275 1 270 187
12745 275 1 438 374
12746 275 0 276 21
12747 -1 0 276 43
12748 104 1 270 43
12749 152 1 458 86
12750 213 0 449 86
12751 153 1 373 86
12752 214 0 364 86
12753 154 1 288 86
12754 215 0 281 86
12755 155 1 408 172
12756 216 0 394 172
12757 156 1 299 172
12758 217 0 288 172
12759 157 1 464 344
12760 218 0 444 344
12761 158 0 400 1
12762 159 1 300 1
12763 220 0 279 1
12764 160 1 440 3
12765 221 0 397 3
12766 161 1 292 3
12767 222 0 502 7
12768 162 1 403 7
12769 223 0 344 7
12770 163 1 275 7
12771 224 0 396 15
12772 164 1 301 15
12773 225 0 448 30
12774 165 1 359 30
12775 226 0 434 61
12776 267 1 274 61
12777 271 1 456 122
12778 271 1 384 122
12779 271 1 325 122
12780 271 1 277 122
12781 271 1 480 245
12782 271 1 421 245
12783 271 1 373 245
12784 271 1 334 245
12785 271 1 297 245
12786 271 1 268 245
12787 271 0 432 67
12788 -1 0 432 134
12789 266 1 395 134
12790 272 1 290 134
12791 272 1 442 268
12792 272 1 347 268
12793 272 1 271 268
12794 272 0 472 451
12795 -1 1 472 431
12796 266 0 328 4
12797 -1 0 328 8
12798 266 1 283 8
12799 273 1 508 17
12800 273 1 463 17
12801 273 1 420 17
12802 273 1 385 17
12803 273 1 352 17
12804 273 1 325 17
12805 273 1 299 17
12806 273 1 279 17
12807 273 1 260 17
12808 273 1 484 35
12809 273 1 456 35
12810 273 1 429 35
12811 273 1 407 35
12812 -1 0 407 70
12813 -1 0 407 141
12814 266 1 356 141
12815 274 1 287 141
12816 274 1 468 282
12817 274 1 383 282
12818 274 1 324 282
12819 274 0 448 113
12820 -1 0 448 226
12821 266 1 392 226
12822 275 1 302 226
12823 275 1 486 453
12824 275 0 376 246
12825 -1 1 376 116
12826 266 1 337 116
12827 275 1 257 116
12828 275 1 390 233
12829 275 1 304 233
12830 275 1 496 467
12831 275 0 356 242
12832 -1 1 356 128
12833 266 1 319 128
12834 275 1 506 257
12835 275 1 402 257
12836 275 1 316 257
12837 275 1 260 257
12838 275 0 424 406
12839 -1 1 424 388
12840 266 0 328 41
12841 -1 0 328 82
12842 266 1 278 82
12843 275 1 424 164
12844 275 1 334 164
12845 275 1 262 164
12846 275 1 412 328
12847 275 1 335 328
12848 275 0 496 444
12849 -1 1 496 392
12850 266 1 431 392
12851 275 0 360 204
12852 -1 1 360 49
12853 266 1 315 49
12854 275 1 484 99
12855 275 1 368 99
12856 275 1 288 99
12857 275 1 452 199
12858 275 1 353 199
12859 275 1 284 199
12860 275 1 462 399
12861 275 0 340 90
12862 -1 0 340 180
12863 266 1 297 180
12864 275 1 470 360
12865 275 1 371 360
12866 275 0 276 233
12867 -1 1 276 191
12868 266 1 486 382
12869 275 0 440 25
12870 -1 0 440 50
12871 3 0 430 50
12872 68 0 344 50
12873 69 1 372 100
12874 69 1 444 201
12875 69 1 275 201
12876 68 0 438 403
12877 69 0 320 250
12878 69 0 284 144
12879 69 1 312 288
12880 68 1 424 232
12881 68 0 329 232
12882 69 0 300 106
12883 69 1 344 212
12884 69 0 300 36
12885 68 0 476 73
12886 69 1 260 73
12887 69 1 274 146
12888 69 1 316 292
12889 68 1 472 283
12890 68 0 350 283
12891 69 0 270 137
12892 69 1 308 274
12893 69 0 444 308
12894 68 0 344 308
12895 69 0 284 212
12896 69 0 256 113
12897 69 1 256 227
12898 68 1 264 151
12899 68 0 374 303
12900 69 0 316 174
12901 69 1 376 348
12902 69 0 316 260
12903 68 1 292 70
12904 68 0 422 140
12905 69 1 450 280
12906 69 0 432 93
12907 69 1 470 186
12908 68 0 342 186
12909 69 0 316 4
12910 69 1 376 8
12911 69 1 436 16
12912 68 0 331 16
12913 69 1 362 32
12914 69 1 440 64
12915 69 1 280 64
12916 68 0 422 128
12917 69 1 270 128
12918 69 1 340 256
12919 69 0 464 129
12920 68 0 354 129
12921 69 1 452 258
12922 69 1 286 258
12923 69 0 380 268
12924 64 0 270 47
12925 73 1 264 47
12926 73 1 258 47
12927 73 1 504 94
12928 73 1 495 94
12929 80 1 468 94
12930 84 1 431 94
12931 60 0 375 94
12932 96 1 368 94
12933 134 1 346 94
12934 195 0 339 94
12935 135 1 332 94
12936 196 0 325 94
12937 136 1 318 94
12938 197 0 312 94
12939 137 1 301 94
12940 198 0 295 94
12941 138 1 289 94
12942 199 0 283 94
12943 139 1 260 94
12944 200 0 508 188
12945 140 1 469 188
12946 201 0 460 188
12947 141 1 450 188
12948 202 0 441 188
12949 142 1 432 188
12950 203 0 424 188
12951 143 1 402 188
12952 204 0 394 188
12953 144 1 378 188
12954 205 0 371 188
12955 145 1 360 188
12956 206 0 353 188
12957 146 1 344 188
12958 207 0 337 188
12959 147 1 311 188
12960 208 0 305 188
12961 148 1 284 188
12962 209 0 272 188
12963 248 1 466 376
12964 252 1 423 376
12965 252 1 388 376
12966 252 0 264 169
12967 -1 1 264 74
12968 247 1 502 148
12969 253 1 443 148
12970 253 1 395 148
12971 253 1 349 148
12972 253 1 312 148
12973 253 1 283 148
12974 253 1 256 148
12975 253 1 460 296
12976 253 1 419 296
12977 253 1 386 296
12978 253 1 354 296
12979 253 1 328 296
12980 253 1 304 296
12981 253 0 304 179
12982 -1 1 304 55
12983 247 1 292 55
12984 254 1 478 111
12985 254 1 393 111
12986 254 1 324 111
12987 254 1 268 111
12988 254 1 450 222
12989 254 1 381 222
12990 254 1 333 222
12991 254 1 288 222
12992 254 1 506 445
12993 254 1 450 445
12994 254 0 424 387
12995 -1 1 424 351
12996 247 1 407 351
12997 255 1 390 351
12998 255 1 374 351
12999 255 1 361 351
13000 255 0 384 75
13001 -1 0 384 150
13002 247 1 368 150
13003 256 1 331 150
13004 256 1 296 150
13005 256 1 269 150
13006 256 1 486 300
13007 256 1 445 300
13008 256 1 412 300
13009 256 1 380 300
13010 256 1 354 300
13011 256 1 330 300
13012 256 1 307 300
13013 256 0 288 185
13014 -1 1 288 83
13015 247 1 277 83
13016 256 1 490 166
13017 256 1 440 166
13018 256 1 399 166
13019 256 1 360 166
13020 256 1 329 166
13021 256 1 299 166
13022 256 1 276 166
13023 256 1 508 333
13024 256 1 473 333
13025 256 1 440 333
13026 256 1 413 333
13027 256 1 387 333
13028 256 1 362 333
13029 -1 1 362 305
13030 -1 1 362 248
13031 -1 1 362 134
13032 -1 0 362 268
13033 -1 1 362 175
13034 -1 0 362 350
13035 -1 1 362 339
13036 -1 1 362 317
13037 247 1 350 317
13038 256 1 330 317
13039 256 0 304 111
13040 -1 0 304 223
13041 247 1 294 223
13042 256 1 264 223
13043 256 1 470 447
13044 256 0 360 178
13045 -1 0 360 356
13046 247 0 352 243
13047 -1 1 352 134
13048 247 1 324 134
13049 256 1 274 134
13050 256 1 470 268
13051 256 1 408 268
13052 256 1 357 268
13053 256 1 316 268
13054 256 1 284 268
13055 256 0 480 234
13056 -1 0 480 468
13057 247 0 296 207
13058 -1 1 296 118
13059 247 1 261 118
13060 256 1 436 236
13061 256 1 377 236
13062 256 1 329 236
13063 256 1 284 236
13064 256 1 498 473
13065 256 0 448 248
13066 -1 1 448 48
13067 247 1 392 48
13068 256 1 326 48
13069 256 1 273 48
13070 256 1 464 96
13071 256 1 399 96
13072 256 1 345 96
13073 256 1 302 96
13074 256 1 269 96
13075 256 1 474 193
13076 256 1 424 193
13077 256 1 383 193
13078 256 1 350 193
13079 256 1 319 193
13080 256 1 295 193
13081 -1 1 295 92
13082 -1 0 295 184
13083 -1 1 295 73
13084 -1 0 295 147
13085 247 1 263 147
13086 256 1 480 294
13087 256 1 443 294
13088 256 1 413 294
13089 256 1 384 294
13090 256 1 357 294
13091 256 1 335 294
13092 256 1 314 294
13093 256 1 298 294
13094 256 0 480 377
13095 -1 1 480 275
13096 247 1 430 275
13097 256 1 387 275
13098 256 1 346 275
13099 256 1 313 275
13100 256 1 287 275
13101 256 0 384 192
13102 -1 1 384 1
13103 247 1 343 1
13104 256 1 298 1
13105 256 1 263 1
13106 256 1 460 3
13107 256 1 407 3
13108 256 1 364 3
13109 256 1 329 3
13110 256 1 296 3
13111 256 1 270 3
13112 256 1 492 6
13113 256 1 453 6
13114 256 1 416 6
13115 256 1 386 6
13116 256 1 357 6
13117 -1 0 357 13
13118 -1 0 357 26
13119 96 1 350 26
13120 134 1 329 26
13121 195 0 322 26
13122 135 1 315 26
13123 196 0 309 26
13124 136 1 303 26
13125 197 0 297 26
13126 137 1 287 26
13127 198 0 281 26
13128 138 1 275 26
13129 199 0 269 26
13130 139 1 494 53
13131 200 0 485 53
13132 140 1 448 53
13133 201 0 439 53
13134 141 1 431 53
13135 202 0 423 53
13136 142 1 414 53
13137 203 0 406 53
13138 143 1 385 53
13139 204 0 377 53
13140 144 1 364 53
13141 205 0 357 53
13142 145 1 347 53
13143 206 0 340 53
13144 146 1 331 53
13145 207 0 324 53
13146 147 1 300 53
13147 208 0 294 53
13148 148 1 274 53
13149 209 0 263 53
13150 248 1 452 107
13151 252 1 390 107
13152 252 1 339 107
13153 252 1 298 107
13154 252 1 266 107
13155 252 1 472 215
13156 252 1 424 215
13157 252 1 385 215
13158 252 1 348 215
13159 252 1 318 215
13160 252 1 295 215
13161 252 1 273 215
13162 252 1 504 431
13163 252 1 471 431
13164 -1 1 471 392
13165 -1 1 471 314
13166 -1 1 471 158
13167 -1 0 471 317
13168 -1 1 471 164
13169 -1 0 471 329
13170 -1 1 471 187
13171 -1 0 471 374
13172 247 1 426 374
13173 253 1 380 374
13174 253 0 296 255
13175 -1 1 296 215
13176 247 1 270 215
13177 254 1 448 430
13178 254 0 288 216
13179 -1 1 288 145
13180 247 1 264 145
13181 255 1 480 290
13182 255 1 441 290
13183 255 1 409 290
13184 255 1 379 290
13185 255 1 355 290
13186 255 1 332 290
13187 255 1 310 290
13188 255 1 293 290
13189 255 0 256 212
13190 -1 1 256 168
13191 247 1 466 336
13192 256 1 435 336
13193 256 1 409 336
13194 256 1 384 336
13195 256 1 361 336
13196 256 1 342 336
13197 256 0 288 207
13198 -1 1 288 126
13199 247 1 266 126
13200 256 1 474 253
13201 256 1 429 253
13202 256 1 392 253
13203 256 1 357 253
13204 256 1 329 253
13205 256 1 302 253
13206 256 1 281 253
13207 256 1 261 253
13208 256 0 304 185
13209 -1 1 304 67
13210 247 1 283 67
13211 256 1 502 134
13212 256 1 452 134
13213 256 1 404 134
13214 256 1 365 134
13215 256 1 334 134
13216 256 1 304 134
13217 256 1 281 134
13218 256 1 259 134
13219 256 1 476 269
13220 256 1 443 269
13221 256 1 416 269
13222 256 1 390 269
13223 256 1 365 269
13224 -1 1 365 173
13225 -1 0 365 346
13226 -1 1 365 328
13227 -1 1 365 291
13228 247 1 341 291
13229 256 1 321 291
13230 256 1 302 291
13231 256 0 448 118
13232 -1 0 448 236
13233 247 1 417 236
13234 256 1 376 236
13235 256 1 343 236
13236 256 1 312 236
13237 256 1 288 236
13238 256 1 265 236
13239 256 1 486 472
13240 256 0 280 170
13241 -1 1 280 60
13242 247 1 262 60
13243 256 1 454 121
13244 256 1 398 121
13245 256 1 352 121
13246 256 1 315 121
13247 256 1 286 121
13248 256 1 259 121
13249 256 1 466 242
13250 256 1 425 242
13251 256 1 392 242
13252 256 1 360 242
13253 256 1 334 242
13254 256 1 310 242
13255 256 1 291 242
13256 -1 1 291 193
13257 -1 1 291 95
13258 -1 0 291 191
13259 -1 1 291 92
13260 -1 0 291 185
13261 -1 1 291 80
13262 247 1 274 80
13263 256 1 256 80
13264 256 1 478 161
13265 256 1 451 161
13266 256 1 426 161
13267 256 1 405 161
13268 256 1 385 161
13269 256 1 366 161
13270 256 1 351 161
13271 256 1 337 161
13272 256 1 323 161
13273 256 1 310 161
13274 256 1 300 161
13275 256 1 290 161
13276 -1 1 290 32
13277 -1 0 290 64
13278 -1 0 290 129
13279 -1 0 290 258
13280 247 1 274 258
13281 256 1 265 258
13282 256 0 288 81
13283 -1 0 288 162
13284 247 1 273 162
13285 256 1 500 324
13286 256 1 463 324
13287 256 1 428 324
13288 256 1 399 324
13289 256 1 372 324
13290 256 1 350 324
13291 256 1 329 324
13292 256 0 320 249
13293 -1 1 320 179
13294 247 1 302 179
13295 256 1 272 179
13296 256 1 486 358
13297 256 1 441 358
13298 256 1 404 358
13299 256 1 369 358
13300 256 0 448 286
13301 -1 1 448 125
13302 247 1 425 125
13303 256 1 371 125
13304 256 1 328 125
13305 256 1 287 125
13306 256 1 510 251
13307 256 1 460 251
13308 256 1 412 251
13309 256 1 373 251
13310 256 1 342 251
13311 256 1 312 251
13312 256 1 289 251
13313 256 1 267 251
13314 256 0 336 93
13315 -1 0 336 187
13316 247 1 320 187
13317 256 1 277 187
13318 256 1 488 375
13319 256 1 435 375
13320 256 1 392 375
13321 256 0 328 197
13322 -1 1 328 66
13323 96 1 321 66
13324 134 1 301 66
13325 195 0 295 66
13326 135 1 289 66
13327 196 0 283 66
13328 136 1 277 66
13329 197 0 271 66
13330 137 1 261 66
13331 198 0 510 133
13332 138 1 501 133
13333 199 0 492 133
13334 139 1 457 133
13335 200 0 448 133
13336 140 1 413 133
13337 201 0 405 133
13338 141 1 397 133
13339 202 0 389 133
13340 142 1 381 133
13341 203 0 374 133
13342 143 1 357 133
13343 204 0 350 133
13344 144 1 338 133
13345 205 0 331 133
13346 145 1 322 133
13347 206 0 315 133
13348 146 1 308 133
13349 207 0 302 133
13350 147 1 283 133
13351 208 0 277 133
13352 148 1 258 133
13353 209 0 494 266
13354 248 1 435 266
13355 252 1 408 266
13356 252 1 382 266
13357 252 1 361 266
13358 252 1 341 266
13359 252 1 322 266
13360 252 1 304 266
13361 252 1 290 266
13362 252 1 277 266
13363 252 0 384 60
13364 -1 0 384 120
13365 247 1 366 120
13366 253 1 313 120
13367 253 1 272 120
13368 253 1 466 241
13369 253 1 404 241
13370 253 1 353 241
13371 253 1 312 241
13372 253 1 280 241
13373 253 1 500 483
13374 253 0 384 252
13375 -1 1 384 121
13376 247 1 367 121
13377 254 1 298 121
13378 254 1 490 243
13379 254 1 405 243
13380 254 1 336 243
13381 254 1 280 243
13382 254 0 344 50
13383 -1 0 344 101
13384 247 1 330 101
13385 255 1 293 101
13386 255 1 264 101
13387 255 1 474 203
13388 255 1 431 203
13389 255 1 396 203
13390 255 1 363 203
13391 255 1 336 203
13392 255 1 310 203
13393 255 1 290 203
13394 255 1 271 203
13395 255 1 506 406
13396 255 1 478 406
13397 255 1 451 406
13398 -1 1 451 361
13399 -1 1 451 271
13400 -1 1 451 92
13401 -1 0 451 184
13402 -1 0 451 369
13403 -1 1 451 288
13404 -1 1 451 126
13405 -1 0 451 253
13406 247 1 433 253
13407 256 1 374 253
13408 256 1 326 253
13409 256 1 281 253
13410 256 0 280 56
13411 -1 0 280 113
13412 247 1 270 113
13413 256 1 444 226
13414 256 1 378 226
13415 256 1 325 226
13416 256 1 275 226
13417 256 1 472 453
13418 256 0 496 347
13419 -1 1 496 198
13420 247 1 480 198
13421 256 1 400 198
13422 256 1 334 198
13423 256 1 281 198
13424 256 1 480 396
13425 256 1 415 396
13426 256 0 432 285
13427 -1 1 432 139
13428 247 1 419 139
13429 256 1 350 139
13430 256 1 294 139
13431 256 1 502 279
13432 256 1 433 279
13433 256 1 377 279
13434 256 1 332 279
13435 256 1 289 279
13436 256 0 264 189
13437 -1 1 264 114
13438 247 1 510 228
13439 256 1 434 228
13440 256 1 371 228
13441 256 1 321 228
13442 256 1 273 228
13443 256 1 472 456
13444 256 0 472 345
13445 -1 1 472 218
13446 247 1 458 218
13447 256 1 378 218
13448 256 1 322 218
13449 256 1 269 218
13450 256 1 456 437
13451 256 0 260 185
13452 -1 1 260 111
13453 247 1 504 222
13454 256 1 415 222
13455 256 1 342 222
13456 256 1 283 222
13457 256 1 474 445
13458 256 0 288 175
13459 -1 1 288 62
13460 247 1 281 62
13461 256 1 450 124
13462 256 1 361 124
13463 256 1 299 124
13464 256 1 502 248
13465 256 1 426 248
13466 256 1 363 248
13467 256 1 313 248
13468 256 1 274 248
13469 256 0 296 93
13470 -1 0 296 187
13471 247 1 289 187
13472 256 1 482 374
13473 256 1 406 374
13474 256 0 504 250
13475 -1 0 504 501
13476 247 0 352 279
13477 -1 1 352 206
13478 247 1 326 206
13479 256 1 257 206
13480 256 0 424 17
13481 -1 0 424 35
13482 247 1 395 35
13483 256 1 300 35
13484 256 1 476 70
13485 256 1 377 70
13486 256 1 308 70
13487 256 1 510 141
13488 256 1 425 141
13489 256 1 356 141
13490 256 1 300 141
13491 256 1 257 141
13492 256 1 432 282
13493 256 1 376 282
13494 256 1 331 282
13495 256 1 288 282
13496 -1 1 288 276
13497 -1 1 288 265
13498 -1 1 288 243
13499 -1 1 288 199
13500 -1 1 288 111
13501 -1 0 288 222
13502 -1 1 288 157
13503 -1 1 288 26
13504 -1 0 288 52
13505 -1 0 288 104
13506 -1 0 288 209
13507 -1 1 288 131
13508 96 1 282 131
13509 134 1 267 131
13510 195 0 261 131
13511 135 1 510 262
13512 196 0 501 262
13513 136 1 492 262
13514 197 0 483 262
13515 137 1 468 262
13516 198 0 459 262
13517 138 1 450 262
13518 199 0 441 262
13519 139 1 412 262
13520 200 0 404 262
13521 140 1 375 262
13522 201 0 368 262
13523 141 1 361 262
13524 202 0 354 262
13525 142 1 347 262
13526 203 0 340 262
13527 143 1 324 262
13528 204 0 317 262
13529 144 1 307 262
13530 205 0 301 262
13531 145 1 294 262
13532 206 0 288 262
13533 146 1 281 262
13534 207 0 275 262
13535 147 0 288 83
13536 148 1 270 83
13537 209 0 260 83
13538 248 1 454 166
13539 252 1 411 166
13540 252 1 376 166
13541 252 1 348 166
13542 252 1 321 166
13543 252 1 295 166
13544 252 1 275 166
13545 252 1 256 166
13546 252 1 476 333
13547 252 1 448 333
13548 252 1 421 333
13549 252 1 399 333
13550 252 1 378 333
13551 252 1 361 333
13552 -1 1 361 305
13553 -1 1 361 249
13554 -1 1 361 138
13555 -1 0 361 276
13556 -1 1 361 192
13557 -1 1 361 24
13558 -1 0 361 49
13559 -1 0 361 99
13560 247 1 338 99
13561 253 1 288 99
13562 253 1 498 199
13563 253 1 436 199
13564 253 1 385 199
13565 253 1 337 199
13566 253 1 298 199
13567 253 1 268 199
13568 253 1 478 398
13569 253 1 433 398
13570 253 0 296 16
13571 -1 0 296 32
13572 247 1 278 32
13573 254 1 444 64
13574 254 1 367 64
13575 254 1 305 64
13576 254 1 257 64
13577 254 1 422 129
13578 254 1 359 129
13579 254 1 309 129
13580 254 1 270 129
13581 254 1 466 259
13582 254 1 407 259
13583 254 1 359 259
13584 254 1 320 259
13585 254 1 283 259
13586 -1 1 283 235
13587 -1 1 283 188
13588 -1 1 283 94
13589 -1 0 283 189
13590 -1 1 283 95
13591 -1 0 283 191
13592 -1 1 283 100
13593 -1 0 283 200
13594 247 1 266 200
13595 255 1 502 401
13596 255 1 478 401
13597 255 1 455 401
13598 255 1 433 401
13599 255 1 415 401
13600 255 0 272 52
13601 -1 0 272 105
13602 247 1 256 105
13603 256 1 446 211
13604 256 1 400 211
13605 256 1 357 211
13606 256 1 322 211
13607 256 1 289 211
13608 256 1 263 211
13609 256 1 478 422
13610 256 1 439 422
13611 256 0 256 123
13612 -1 0 256 246
13613 247 0 480 185
13614 -1 0 480 371
13615 247 1 430 371
13616 256 1 379 371
13617 256 0 328 270
13618 -1 1 328 212
13619 247 1 293 212
13620 256 1 494 424
13621 256 0 288 9
13622 -1 0 288 19
13623 247 1 261 19
13624 256 1 410 39
13625 256 1 333 39
13626 256 1 271 39
13627 256 1 446 78
13628 256 1 380 78
13629 256 1 327 78
13630 256 1 277 78
13631 256 1 476 157
13632 256 1 414 157
13633 256 1 363 157
13634 256 1 322 157
13635 256 1 283 157
13636 256 1 506 315
13637 -1 1 506 125
13638 -1 0 506 251
13639 -1 0 506 502
13640 -1 1 506 498
13641 247 0 344 282
13642 -1 1 344 221
13643 247 1 296 221
13644 256 1 267 221
13645 256 1 480 443
13646 256 0 344 50
13647 -1 0 344 100
13648 247 1 299 100
13649 256 1 260 100
13650 256 1 446 200
13651 256 1 395 200
13652 256 1 347 200
13653 256 1 308 200
13654 256 1 278 200
13655 256 1 498 400
13656 256 1 453 400
13657 256 1 410 400
13658 256 0 280 207
13659 -1 1 280 135
13660 247 1 490 271
13661 256 1 428 271
13662 256 1 377 271
13663 256 1 336 271
13664 256 1 297 271
13665 256 0 480 68
13666 -1 0 480 137
13667 247 1 424 137
13668 256 1 361 137
13669 256 1 311 137
13670 256 1 272 137
13671 256 1 470 274
13672 256 1 411 274
13673 256 1 363 274
13674 256 1 324 274
13675 256 1 287 274
13676 256 0 464 268
13677 -1 1 464 72
13678 247 1 411 72
13679 256 1 352 72
13680 256 1 304 72
13681 256 1 267 72
13682 256 1 464 144
13683 256 1 408 144
13684 256 1 362 144
13685 256 1 325 144
13686 256 1 290 144
13687 256 1 263 144
13688 256 1 474 288
13689 256 1 433 288
13690 256 1 400 288
13691 256 1 368 288
13692 -1 1 368 209
13693 -1 1 368 50
13694 -1 0 368 100
13695 -1 0 368 201
13696 -1 1 368 34
13697 -1 0 368 69
13698 96 1 361 69
13699 134 1 343 69
13700 195 0 336 69
13701 135 1 329 69
13702 196 0 322 69
13703 136 1 315 69
13704 197 0 309 69
13705 137 1 300 69
13706 198 0 294 69
13707 138 1 288 69
13708 199 0 282 69
13709 139 1 263 69
13710 200 0 257 69
13711 140 1 476 139
13712 201 0 467 139
13713 141 1 458 139
13714 202 0 449 139
13715 142 1 440 139
13716 203 0 432 139
13717 143 1 414 139
13718 204 0 406 139
13719 144 1 393 139
13720 205 0 385 139
13721 145 1 375 139
13722 206 0 368 139
13723 146 1 360 139
13724 207 0 353 139
13725 147 1 314 139
13726 208 0 308 139
13727 148 1 291 139
13728 209 0 281 139
13729 248 1 498 278
13730 252 1 476 278
13731 252 1 455 278
13732 252 1 435 278
13733 252 1 419 278
13734 252 1 404 278
13735 252 1 389 278
13736 252 1 375 278
13737 252 1 364 278
13738 252 1 353 278
13739 252 1 343 278
13740 252 1 334 278
13741 252 1 325 278
13742 252 1 316 278
13743 -1 1 316 240
13744 -1 1 316 165
13745 -1 1 316 14
13746 -1 0 316 29
13747 -1 0 316 59
13748 -1 0 316 118
13749 -1 0 316 236
13750 -1 1 316 156
13751 247 1 286 156
13752 253 1 494 313
13753 253 1 432 313
13754 253 1 381 313
13755 253 1 340 313
13756 253 0 312 100
13757 -1 0 312 200
13758 247 1 283 200
13759 254 1 508 401
13760 254 1 463 401
13761 254 1 420 401
13762 254 0 280 135
13763 -1 0 280 270
13764 247 0 432 273
13765 -1 1 432 114
13766 247 1 373 114
13767 255 1 342 114
13768 255 1 312 114
13769 255 1 289 114
13770 255 1 267 114
13771 255 1 492 229
13772 255 1 459 229
13773 255 1 428 229
13774 255 1 402 229
13775 255 1 377 229
13776 255 1 357 229
13777 255 1 338 229
13778 255 1 320 229
13779 255 1 303 229
13780 -1 1 303 156
13781 -1 1 303 9
13782 -1 0 303 19
13783 -1 0 303 39
13784 -1 0 303 79
13785 -1 0 303 159
13786 247 1 264 159
13787 256 1 486 319
13788 256 1 453 319
13789 256 1 422 319
13790 256 1 396 319
13791 256 1 371 319
13792 256 1 351 319
13793 256 1 332 319
13794 256 0 288 87
13795 -1 0 288 174
13796 247 1 502 348
13797 256 1 454 348
13798 256 1 409 348
13799 256 1 372 348
13800 256 0 480 97
13801 -1 0 480 194
13802 247 1 421 194
13803 256 1 367 194
13804 256 1 324 194
13805 256 1 283 194
13806 256 1 502 389
13807 256 1 452 389
13808 256 1 404 389
13809 256 0 312 192
13810 -1 1 312 73
13811 247 1 279 73
13812 256 1 476 146
13813 256 1 411 146
13814 256 1 357 146
13815 256 1 314 146
13816 256 1 281 146
13817 256 1 498 292
13818 256 1 448 292
13819 256 1 400 292
13820 256 1 361 292
13821 256 1 330 292
13822 256 1 300 292
13823 256 0 368 242
13824 -1 1 368 116
13825 247 1 329 116
13826 256 1 284 116
13827 256 1 498 233
13828 256 1 442 233
13829 256 1 396 233
13830 256 1 353 233
13831 256 1 318 233
13832 256 1 291 233
13833 256 1 265 233
13834 256 1 482 466
13835 256 0 312 189
13836 -1 1 312 67
13837 247 1 282 67
13838 256 1 490 134
13839 256 1 431 134
13840 256 1 383 134
13841 256 1 344 134
13842 256 1 307 134
13843 256 1 278 134
13844 256 1 502 268
13845 256 1 459 268
13846 256 1 418 268
13847 256 1 385 268
13848 256 1 353 268
13849 256 1 327 268
13850 256 1 303 268
13851 -1 1 303 233
13852 -1 1 303 163
13853 -1 1 303 24
13854 -1 0 303 48
13855 -1 0 303 97
13856 -1 0 303 195
13857 -1 1 303 88
13858 -1 0 303 176
13859 247 1 274 176
13860 256 1 510 353
13861 256 1 480 353
13862 256 1 452 353
13863 256 1 425 353
13864 256 1 403 353
13865 256 1 382 353
13866 256 1 365 353
13867 256 0 256 72
13868 -1 0 256 144
13869 247 1 458 289
13870 256 1 413 289
13871 256 1 376 289
13872 256 1 346 289
13873 256 1 318 289
13874 256 1 296 289
13875 256 0 336 239
13876 -1 1 336 143
13877 247 1 305 143
13878 256 1 270 143
13879 256 1 474 287
13880 256 1 421 287
13881 256 1 378 287
13882 256 1 343 287
13883 256 1 310 287
13884 256 0 416 48
13885 -1 0 416 97
13886 247 1 381 97
13887 256 1 333 97
13888 256 1 288 97
13889 256 1 506 195
13890 256 1 450 195
13891 256 1 397 195
13892 256 1 354 195
13893 256 1 319 195
13894 256 1 292 195
13895 256 1 266 195
13896 256 1 484 391
13897 256 1 445 391
13898 256 1 413 391
13899 256 0 480 138
13900 -1 0 480 277
13901 247 1 441 277
13902 256 1 390 277
13903 256 1 342 277
13904 256 1 303 277
13905 256 0 480 78
13906 -1 0 480 156
13907 96 1 471 156
13908 134 1 448 156
13909 195 0 439 156
13910 135 1 431 156
13911 196 0 423 156
13912 136 1 415 156
13913 197 0 407 156
13914 137 1 395 156
13915 198 0 387 156
13916 138 1 379 156
13917 199 0 372 156
13918 139 1 350 156
13919 200 0 343 156
13920 140 1 321 156
13921 201 0 314 156
13922 141 1 308 156
13923 202 0 302 156
13924 142 1 296 156
13925 203 0 290 156
13926 143 1 278 156
13927 204 0 272 156
13928 144 1 263 156
13929 205 0 257 156
13930 145 1 500 312
13931 206 0 491 312
13932 146 1 481 312
13933 207 0 472 312
13934 147 1 422 312
13935 208 0 414 312
13936 148 1 391 312
13937 209 0 378 312
13938 248 1 341 312
13939 252 1 333 312
13940 252 1 325 312
13941 252 1 318 312
13942 252 0 384 34
13943 -1 0 384 69
13944 247 1 352 69
13945 253 1 296 69
13946 253 1 506 139
13947 253 1 437 139
13948 253 1 381 139
13949 253 1 336 139
13950 253 1 293 139
13951 253 1 260 139
13952 253 1 456 279
13953 253 1 406 279
13954 253 1 365 279
13955 253 1 332 279
13956 253 1 301 279
13957 253 0 384 40
13958 -1 0 384 81
13959 247 1 354 81
13960 254 1 309 81
13961 254 1 274 81
13962 254 1 482 163
13963 254 1 429 163
13964 254 1 386 163
13965 254 1 345 163
13966 254 1 312 163
13967 254 1 286 163
13968 254 1 262 163
13969 254 1 478 326
13970 254 1 441 326
13971 254 1 411 326
13972 254 1 382 326
13973 -1 1 382 270
13974 -1 1 382 159
13975 -1 0 382 319
13976 -1 1 382 256
13977 -1 1 382 130
13978 -1 0 382 261
13979 247 1 358 261
13980 255 1 342 261
13981 255 1 327 261
13982 255 1 313 261
13983 255 1 302 261
13984 255 1 291 261
13985 255 1 281 261
13986 255 1 271 261
13987 255 1 262 261
13988 255 0 288 284
13989 -1 1 288 281
13990 247 0 304 193
13991 -1 1 304 83
13992 247 1 272 83
13993 256 1 458 166
13994 256 1 389 166
13995 256 1 333 166
13996 256 1 288 166
13997 256 1 506 333
13998 256 1 450 333
13999 256 1 397 333
14000 256 1 354 333
14001 256 0 280 113
14002 -1 0 280 226
14003 247 1 500 452
14004 256 0 276 85
14005 -1 0 276 170
14006 247 1 494 340
14007 256 1 405 340
14008 256 0 292 35
14009 -1 0 292 70
14010 247 1 265 70
14011 256 1 406 141
14012 256 1 320 141
14013 256 1 502 282
14014 256 1 413 282
14015 256 1 340 282
14016 256 0 472 12
14017 -1 0 472 24
14018 247 1 429 24
14019 256 1 339 24
14020 256 1 267 24
14021 256 1 422 49
14022 256 1 345 49
14023 256 1 283 49
14024 256 1 470 98
14025 256 1 394 98
14026 256 1 331 98
14027 256 1 281 98
14028 256 1 484 197
14029 256 1 422 197
14030 256 1 371 197
14031 256 1 330 197
14032 -1 1 330 65
14033 -1 0 330 131
14034 -1 0 330 263
14035 -1 1 330 196
14036 247 1 300 196
14037 256 1 268 196
14038 256 1 476 392
14039 256 1 428 392
14040 256 0 312 25
14041 -1 0 312 51
14042 247 1 289 51
14043 256 1 496 102
14044 256 1 431 102
14045 256 1 377 102
14046 256 1 334 102
14047 256 1 293 102
14048 256 1 261 102
14049 256 1 462 205
14050 256 1 414 205
14051 256 1 375 205
14052 256 1 344 205
14053 256 1 314 205
14054 256 1 291 205
14055 256 1 269 205
14056 -1 1 269 142
14057 -1 1 269 15
14058 -1 0 269 30
14059 -1 0 269 60
14060 -1 0 269 120
14061 -1 0 269 240
14062 247 1 494 480
14063 256 0 280 173
14064 -1 1 280 66
14065 247 1 259 66
14066 256 1 448 133
14067 256 1 392 133
14068 256 1 346 133
14069 256 1 309 133
14070 256 1 280 133
14071 256 1 506 267
14072 256 1 463 267
14073 256 1 422 267
14074 256 1 389 267
14075 256 1 357 267
14076 256 1 331 267
14077 256 1 307 267
14078 256 1 288 267
14079 -1 1 288 246
14080 -1 1 288 205
14081 -1 1 288 123
14082 -1 0 288 247
14083 -1 1 288 207
14084 -1 1 288 126
14085 -1 0 288 253
14086 -1 1 288 218
14087 247 1 268 218
14088 256 1 500 437
14089 256 1 472 437
14090 256 1 445 437
14091 256 0 352 236
14092 -1 1 352 121
14093 247 1 329 121
14094 256 1 292 121
14095 256 1 263 121
14096 256 1 472 242
14097 256 1 429 242
14098 256 1 394 242
14099 256 1 361 242
14100 256 1 334 242
14101 256 1 308 242
14102 256 1 288 242
14103 256 1 269 242
14104 256 1 502 484
14105 256 0 448 165
14106 -1 0 448 331
14107 96 1 439 331
14108 134 1 420 331
14109 195 0 412 331
14110 135 1 404 331
14111 196 0 396 331
14112 136 1 388 331
14113 197 0 380 331
14114 137 1 371 331
14115 198 0 364 331
14116 138 1 357 331
14117 199 0 350 331
14118 139 0 336 44
14119 140 1 315 44
14120 201 0 309 44
14121 141 1 303 44
14122 202 0 297 44
14123 142 1 291 44
14124 203 0 285 44
14125 143 1 274 44
14126 204 0 268 44
14127 144 1 260 44
14128 205 0 508 89
14129 145 1 497 89
14130 206 0 488 89
14131 146 1 479 89
14132 207 0 470 89
14133 147 1 422 89
14134 208 0 414 89
14135 148 1 392 89
14136 209 0 380 89
14137 248 1 345 89
14138 252 1 321 89
14139 252 1 298 89
14140 252 1 280 89
14141 252 1 263 89
14142 252 1 494 178
14143 252 1 469 178
14144 252 1 445 178
14145 252 1 425 178
14146 252 1 406 178
14147 252 1 388 178
14148 252 1 371 178
14149 252 1 357 178
14150 252 1 344 178
14151 -1 1 344 12
14152 -1 0 344 24
14153 -1 0 344 48
14154 -1 0 344 97
14155 247 1 322 97
14156 253 1 277 97
14157 253 1 484 195
14158 253 1 428 195
14159 253 1 382 195
14160 253 1 345 195
14161 253 1 310 195
14162 253 1 283 195
14163 253 1 257 195
14164 253 1 466 390
14165 253 1 427 390
14166 253 1 395 390
14167 253 0 480 412
14168 -1 1 480 345
14169 247 1 452 345
14170 254 1 421 345
14171 254 1 395 345
14172 254 1 370 345
14173 254 1 350 345
14174 254 0 304 232
14175 -1 1 304 160
14176 247 1 288 160
14177 255 1 265 160
14178 255 1 486 321
14179 255 1 451 321
14180 255 1 418 321
14181 255 1 391 321
14182 255 1 365 321
14183 255 1 344 321
14184 255 1 324 321
14185 255 0 304 263
14186 -1 1 304 223
14187 247 1 289 223
14188 256 1 259 223
14189 256 1 460 446
14190 256 0 360 251
14191 -1 1 360 143
14192 247 1 342 143
14193 256 1 292 143
14194 256 1 506 286
14195 256 1 444 286
14196 256 1 393 286
14197 256 1 345 286
14198 256 1 306 286
14199 256 0 480 165
14200 -1 0 480 331
14201 247 1 457 331
14202 256 1 385 331
14203 256 0 472 41
14204 -1 0 472 83
14205 247 1 450 83
14206 256 1 361 83
14207 256 1 299 83
14208 256 1 502 167
14209 256 1 426 167
14210 256 1 363 167
14211 256 1 313 167
14212 256 1 274 167
14213 256 1 474 335
14214 256 1 415 335
14215 256 1 367 335
14216 256 0 312 59
14217 -1 0 312 118
14218 247 1 300 118
14219 256 1 508 236
14220 256 1 436 236
14221 256 1 377 236
14222 256 1 329 236
14223 256 1 284 236
14224 256 1 498 473
14225 256 0 448 251
14226 -1 1 448 54
14227 247 1 428 54
14228 256 1 362 54
14229 256 1 309 54
14230 256 1 268 54
14231 256 1 458 109
14232 256 1 396 109
14233 256 1 345 109
14234 256 1 304 109
14235 256 1 272 109
14236 256 1 484 218
14237 256 1 436 218
14238 256 1 397 218
14239 256 1 360 218
14240 256 1 330 218
14241 -1 1 330 106
14242 -1 0 330 213
14243 -1 1 330 96
14244 -1 0 330 192
14245 247 1 316 192
14246 256 1 293 192
14247 256 1 271 192
14248 256 1 500 384
14249 256 1 467 384
14250 256 1 436 384
14251 256 1 410 384
14252 256 1 385 384
14253 256 0 368 367
14254 -1 1 368 367
14255 247 0 416 391
14256 -1 1 416 367
14257 247 1 381 367
14258 256 0 296 184
14259 -1 1 296 73
14260 247 1 273 73
14261 256 1 460 146
14262 256 1 391 146
14263 256 1 335 146
14264 256 1 290 146
14265 256 1 510 292
14266 256 1 454 292
14267 256 1 401 292
14268 256 1 358 292
14269 256 1 323 292
14270 256 0 264 23
14271 -1 0 264 46
14272 247 1 484 93
14273 256 1 415 93
14274 256 1 359 93
14275 256 1 314 93
14276 256 1 279 93
14277 256 1 492 187
14278 256 1 439 187
14279 256 1 396 187
14280 256 1 355 187
14281 256 1 322 187
14282 256 1 291 187
14283 256 1 267 187
14284 256 1 488 374
14285 256 1 451 374
14286 -1 1 451 297
14287 -1 1 451 143
14288 -1 0 451 286
14289 -1 1 451 122
14290 -1 0 451 245
14291 -1 1 451 40
14292 96 1 442 40
14293 134 1 424 40
14294 195 0 416 40
14295 135 1 408 40
14296 196 0 400 40
14297 136 1 392 40
14298 197 0 384 40
14299 137 1 373 40
14300 198 0 366 40
14301 138 1 359 40
14302 199 0 352 40
14303 139 1 315 40
14304 200 0 309 40
14305 140 1 293 40
14306 201 0 287 40
14307 141 1 281 40
14308 202 0 275 40
14309 142 1 269 40
14310 203 0 263 40
14311 143 1 504 80
14312 204 0 495 80
14313 144 1 482 80
14314 205 0 473 80
14315 145 1 463 80
14316 206 0 454 80
14317 146 1 445 80
14318 207 0 437 80
14319 147 1 398 80
14320 208 0 390 80
14321 148 1 369 80
14322 209 0 359 80
14323 248 1 326 80
14324 252 1 314 80
14325 252 1 304 80
14326 252 1 295 80
14327 252 1 286 80
14328 252 1 278 80
14329 252 1 270 80
14330 252 1 263 80
14331 252 1 256 80
14332 252 1 498 160
14333 252 1 487 160
14334 252 1 477 160
14335 252 1 468 160
14336 252 1 459 160
14337 -1 0 459 320
14338 -1 1 459 182
14339 247 1 424 182
14340 253 1 373 182
14341 253 1 332 182
14342 253 1 293 182
14343 253 1 263 182
14344 253 1 468 364
14345 253 1 423 364
14346 253 1 386 364
14347 253 0 280 108
14348 -1 0 280 216
14349 247 1 260 216
14350 254 1 460 433
14351 254 0 384 172
14352 -1 0 384 345
14353 247 1 357 345
14354 255 0 296 206
14355 -1 1 296 117
14356 247 1 278 117
14357 256 1 257 117
14358 256 1 474 235
14359 256 1 443 235
14360 256 1 417 235
14361 256 1 392 235
14362 256 1 369 235
14363 256 1 350 235
14364 256 1 332 235
14365 256 1 315 235
14366 256 1 302 235
14367 256 1 290 235
14368 256 1 278 235
14369 256 1 267 235
14370 -1 1 267 203
14371 -1 1 267 139
14372 -1 1 267 11
14373 -1 0 267 23
14374 -1 0 267 46
14375 -1 0 267 92
14376 -1 0 267 185
14377 -1 1 267 104
14378 247 1 500 209
14379 256 1 482 209
14380 256 1 465 209
14381 256 1 449 209
14382 256 1 434 209
14383 256 1 422 209
14384 256 1 410 209
14385 256 1 399 209
14386 256 1 388 209
14387 256 1 378 209
14388 256 1 370 209
14389 256 1 362 209
14390 256 1 355 209
14391 256 1 348 209
14392 -1 1 348 71
14393 -1 0 348 142
14394 -1 0 348 284
14395 -1 1 348 221
14396 247 1 328 221
14397 256 1 321 221
14398 256 1 314 221
14399 256 1 308 221
14400 256 1 302 221
14401 256 1 296 221
14402 256 1 290 221
14403 256 1 284 221
14404 256 1 278 221
14405 256 1 272 221
14406 256 1 266 221
14407 256 1 260 221
14408 256 1 508 442
14409 256 1 499 442
14410 -1 1 499 385
14411 -1 1 499 272
14412 -1 1 499 45
14413 -1 0 499 90
14414 -1 0 499 181
14415 -1 0 499 362
14416 -1 1 499 225
14417 -1 0 499 451
14418 247 1 474 451
14419 256 1 465 451
14420 256 1 456 451
14421 256 0 288 139
14422 -1 0 288 279
14423 247 0 448 190
14424 -1 0 448 380
14425 247 1 400 380
14426 256 0 464 150
14427 -1 0 464 301
14428 247 1 419 301
14429 256 1 371 301
14430 256 1 332 301
14431 256 0 296 55
14432 -1 0 296 111
14433 247 1 270 111
14434 256 1 454 222
14435 256 1 385 222
14436 256 1 329 222
14437 256 1 284 222
14438 256 1 498 444
14439 256 0 448 20
14440 -1 0 448 41
14441 247 1 407 41
14442 256 1 341 41
14443 256 1 288 41
14444 256 1 494 83
14445 256 1 429 83
14446 256 1 375 83
14447 256 1 332 83
14448 256 1 291 83
14449 256 1 259 83
14450 256 1 458 166
14451 256 1 410 166
14452 256 1 371 166
14453 256 1 340 166
14454 256 1 310 166
14455 -1 1 310 22
14456 -1 0 310 45
14457 -1 0 310 91
14458 -1 0 310 183
14459 247 1 287 183
14460 256 1 264 183
14461 256 1 484 366
14462 256 1 449 366
14463 256 1 416 366
14464 256 1 389 366
14465 256 0 416 55
14466 -1 0 416 110
14467 247 1 384 110
14468 256 1 338 110
14469 256 1 301 110
14470 256 1 272 110
14471 256 1 490 221
14472 256 1 447 221
14473 256 1 412 221
14474 256 1 379 221
14475 256 1 352 221
14476 256 1 326 221
14477 256 1 302 221
14478 256 1 283 221
14479 256 1 265 221
14480 256 1 496 442
14481 -1 1 496 389
14482 -1 1 496 283
14483 -1 1 496 70
14484 -1 0 496 141
14485 -1 0 496 283
14486 -1 1 496 71
14487 -1 0 496 143
14488 -1 0 496 287
14489 247 1 461 287
14490 256 1 434 287
14491 256 1 412 287
14492 256 1 391 287
14493 256 1 371 287
14494 256 1 355 287
14495 256 1 340 287
14496 256 1 326 287
14497 256 1 312 287
14498 256 1 301 287
14499 256 1 291 287
14500 256 0 320 216
14501 -1 1 320 112
14502 96 1 313 112
14503 134 1 301 112
14504 195 0 295 112
14505 135 1 289 112
14506 196 0 283 112
14507 136 1 277 112
14508 197 0 271 112
14509 137 1 264 112
14510 198 0 258 112
14511 138 1 504 225
14512 199 0 495 225
14513 139 1 447 225
14514 200 0 439 225
14515 140 1 417 225
14516 201 0 409 225
14517 141 1 401 225
14518 202 0 393 225
14519 142 1 385 225
14520 203 0 377 225
14521 143 1 365 225
14522 204 0 358 225
14523 144 1 349 225
14524 205 0 342 225
14525 145 1 335 225
14526 206 0 328 225
14527 146 1 321 225
14528 207 0 314 225
14529 147 1 288 225
14530 208 0 282 225
14531 148 1 268 225
14532 209 0 260 225
14533 248 1 468 451
14534 252 1 459 451
14535 252 0 288 61
14536 -1 0 288 123
14537 247 1 268 123
14538 253 1 462 246
14539 253 1 403 246
14540 253 1 355 246
14541 253 1 316 246
14542 253 1 286 246
14543 253 1 257 246
14544 253 0 432 267
14545 -1 1 432 103
14546 247 1 405 103
14547 254 1 346 103
14548 254 1 298 103
14549 254 1 261 103
14550 254 1 452 207
14551 254 1 396 207
14552 254 1 350 207
14553 254 1 313 207
14554 254 1 284 207
14555 254 1 257 207
14556 254 1 462 415
14557 254 1 421 415
14558 254 0 264 219
14559 -1 1 264 175
14560 247 1 492 351
14561 255 1 420 351
14562 255 1 361 351
14563 255 0 384 305
14564 -1 1 384 227
14565 247 1 359 227
14566 256 1 331 227
14567 256 1 304 227
14568 256 1 283 227
14569 256 1 263 227
14570 256 1 488 454
14571 256 1 458 454
14572 256 0 448 389
14573 -1 1 448 331
14574 247 1 421 331
14575 256 1 378 331
14576 256 1 343 331
14577 256 0 264 175
14578 -1 1 264 87
14579 247 1 498 175
14580 256 1 429 175
14581 256 1 373 175
14582 256 1 328 175
14583 256 1 285 175
14584 256 1 504 350
14585 256 1 451 350
14586 256 1 401 350
14587 256 1 360 350
14588 256 0 264 186
14589 -1 1 264 108
14590 247 1 500 217
14591 256 1 431 217
14592 256 1 375 217
14593 256 1 330 217
14594 256 1 287 217
14595 256 1 508 434
14596 256 1 455 434
14597 256 0 400 235
14598 -1 1 400 71
14599 247 1 380 71
14600 256 1 327 71
14601 256 1 277 71
14602 256 1 476 142
14603 256 1 414 142
14604 256 1 363 142
14605 256 1 322 142
14606 256 1 283 142
14607 256 1 506 284
14608 256 1 458 284
14609 256 1 413 284
14610 256 1 376 284
14611 256 1 346 284
14612 256 1 318 284
14613 -1 1 318 250
14614 -1 1 318 182
14615 -1 1 318 47
14616 -1 0 318 95
14617 -1 0 318 191
14618 -1 1 318 64
14619 -1 0 318 129
14620 -1 0 318 259
14621 247 1 305 259
14622 256 1 283 259
14623 256 1 262 259
14624 256 0 320 281
14625 -1 1 320 242
14626 247 1 305 242
14627 256 1 272 242
14628 256 0 256 21
14629 -1 0 256 42
14630 247 1 488 84
14631 256 1 412 84
14632 256 1 349 84
14633 256 1 299 84
14634 256 1 260 84
14635 256 1 446 168
14636 256 1 395 168
14637 256 1 347 168
14638 256 1 308 168
14639 256 1 278 168
14640 256 1 498 337
14641 256 1 453 337
14642 256 1 410 337
14643 256 1 375 337
14644 -1 1 375 300
14645 -1 1 375 225
14646 -1 1 375 75
14647 -1 0 375 150
14648 -1 0 375 300
14649 -1 1 375 225
14650 -1 1 375 75
14651 -1 0 375 150
14652 247 1 361 150
14653 256 1 333 150
14654 256 1 306 150
14655 256 1 285 150
14656 256 1 265 150
14657 256 1 492 300
14658 256 1 462 300
14659 256 1 434 300
14660 256 1 411 300
14661 256 1 389 300
14662 256 1 368 300
14663 256 1 351 300
14664 256 1 335 300
14665 256 1 320 300
14666 -1 1 320 280
14667 -1 1 320 240
14668 -1 1 320 161
14669 -1 1 320 2
14670 -1 0 320 4
14671 -1 0 320 8
14672 -1 0 320 17
14673 -1 0 320 34
14674 -1 0 320 69
14675 -1 0 320 138
14676 247 1 307 138
14677 256 1 295 138
14678 256 1 284 138
14679 256 1 273 138
14680 256 1 263 138
14681 256 1 506 276
14682 256 1 491 276
14683 256 1 477 276
14684 256 1 463 276
14685 256 1 450 276
14686 256 1 438 276
14687 256 1 428 276
14688 256 1 418 276
14689 256 1 409 276
14690 -1 1 409 143
14691 -1 0 409 287
14692 -1 1 409 165
14693 -1 0 409 331
14694 247 1 394 331
14695 256 1 385 331
14696 256 1 377 331
14697 256 1 370 331
14698 256 1 363 331
14699 256 1 356 331
14700 256 1 349 331
14701 256 1 342 331
14702 256 1 335 331
14703 256 0 448 246
14704 -1 1 448 45
14705 247 1 432 45
14706 256 1 403 45
14707 256 1 376 45
14708 256 1 354 45
14709 256 1 333 45
14710 256 1 313 45
14711 256 1 298 45
14712 256 1 284 45
14713 256 1 270 45
14714 256 1 257 45
14715 256 1 490 90
14716 256 1 470 90
14717 256 1 451 90
14718 256 1 433 90
14719 -1 0 433 181
14720 -1 0 433 363
14721 96 1 425 363
14722 134 1 409 363
14723 195 0 401 363
14724 135 1 393 363
14725 196 0 385 363
14726 136 1 377 363
14727 197 0 370 363
14728 137 0 256 43
14729 138 1 500 86
14730 199 0 491 86
14731 139 1 446 86
14732 200 0 438 86
14733 140 1 417 86
14734 201 0 409 86
14735 141 1 401 86
14736 202 0 393 86
14737 142 1 385 86
14738 203 0 377 86
14739 143 1 365 86
14740 204 0 358 86
14741 144 1 349 86
14742 205 0 342 86
14743 145 1 335 86
14744 206 0 328 86
14745 146 1 321 86
14746 207 0 314 86
14747 147 1 290 86
14748 208 0 284 86
14749 148 1 271 86
14750 209 0 264 86
14751 248 1 480 172
14752 252 1 447 172
14753 252 1 420 172
14754 252 1 394 172
14755 252 1 369 172
14756 252 1 349 172
14757 252 1 330 172
14758 252 1 312 172
14759 252 1 298 172
14760 252 1 285 172
14761 252 1 273 172
14762 252 1 261 172
14763 252 1 500 345
14764 252 1 482 345
14765 -1 1 482 208
14766 -1 0 482 416
14767 -1 1 482 351
14768 -1 1 482 220
14769 247 1 467 220
14770 253 1 398 220
14771 253 1 342 220
14772 253 1 297 220
14773 253 1 262 220
14774 253 1 458 440
14775 253 0 424 287
14776 -1 1 424 151
14777 247 1 412 151
14778 254 1 358 151
14779 254 1 315 151
14780 254 1 282 151
14781 254 1 500 302
14782 254 1 450 302
14783 254 1 402 302
14784 254 1 363 302
14785 254 1 332 302
14786 254 0 480 7
14787 -1 0 480 15
14788 247 1 466 15
14789 255 1 377 15
14790 255 1 315 15
14791 255 1 267 15
14792 255 1 442 31
14793 255 1 379 31
14794 255 1 329 31
14795 255 1 281 31
14796 255 1 488 63
14797 255 1 429 63
14798 255 1 381 63
14799 255 1 342 63
14800 255 1 305 63
14801 255 1 276 63
14802 -1 0 276 127
14803 -1 0 276 254
14804 247 1 268 254
14805 256 1 258 254
14806 256 0 320 214
14807 -1 1 320 108
14808 247 1 311 108
14809 256 1 288 108
14810 256 1 266 108
14811 256 1 490 217
14812 256 1 457 217
14813 256 1 426 217
14814 256 1 400 217
14815 256 1 375 217
14816 256 1 355 217
14817 256 1 336 217
14818 256 1 318 217
14819 256 1 304 217
14820 256 1 291 217
14821 256 1 279 217
14822 -1 1 279 155
14823 -1 1 279 31
14824 -1 0 279 62
14825 -1 0 279 125
14826 -1 0 279 250
14827 -1 1 279 221
14828 247 1 272 221
14829 256 1 260 221
14830 256 1 498 443
14831 256 1 480 443
14832 256 1 463 443
14833 256 1 447 443
14834 256 0 416 298
14835 -1 1 416 180
14836 247 1 406 180
14837 256 1 373 180
14838 256 1 346 180
14839 256 1 320 180
14840 256 1 296 180
14841 256 1 277 180
14842 256 1 259 180
14843 256 1 484 360
14844 256 1 457 360
14845 256 1 432 360
14846 256 1 411 360
14847 256 1 391 360
14848 256 1 372 360
14849 256 0 480 127
14850 -1 0 480 255
14851 247 1 469 255
14852 256 1 426 255
14853 256 1 391 255
14854 256 1 358 255
14855 256 1 331 255
14856 256 1 305 255
14857 256 1 285 255
14858 256 1 266 255
14859 256 0 288 113
14860 -1 0 288 226
14861 247 1 282 226
14862 256 1 500 452
14863 256 0 400 22
14864 -1 0 400 44
14865 247 1 392 44
14866 256 1 329 44
14867 256 1 279 44
14868 256 1 480 88
14869 256 1 418 88
14870 256 1 367 88
14871 256 1 326 88
14872 256 1 287 88
14873 256 1 257 88
14874 256 1 456 177
14875 256 1 411 177
14876 256 1 374 177
14877 256 1 344 177
14878 256 1 316 177
14879 -1 1 316 38
14880 -1 0 316 77
14881 -1 0 316 155
14882 -1 0 316 311
14883 247 0 384 69
14884 -1 0 384 139
14885 247 1 355 139
14886 256 1 328 139
14887 256 1 302 139
14888 256 1 282 139
14889 256 1 263 139
14890 256 1 490 279
14891 256 1 462 279
14892 256 1 435 279
14893 256 1 413 279
14894 256 1 392 279
14895 256 1 372 279
14896 256 1 356 279
14897 256 1 341 279
14898 256 1 327 279
14899 -1 1 327 231
14900 -1 1 327 136
14901 -1 0 327 272
14902 -1 1 327 217
14903 -1 1 327 107
14904 -1 0 327 214
14905 247 1 304 214
14906 256 1 293 214
14907 256 1 282 214
14908 256 1 272 214
14909 256 1 262 214
14910 256 1 506 428
14911 256 1 492 428
14912 256 1 478 428
14913 256 1 465 428
14914 256 1 453 428
14915 256 1 441 428
14916 256 1 431 428
14917 256 0 288 214
14918 -1 1 288 141
14919 247 1 270 141
14920 256 1 498 283
14921 256 1 465 283
14922 256 1 434 283
14923 256 1 408 283
14924 256 1 383 283
14925 256 1 363 283
14926 256 1 344 283
14927 256 1 326 283
14928 256 1 309 283
14929 256 1 296 283
14930 256 1 284 283
14931 256 0 384 360
14932 -1 1 384 337
14933 96 1 376 337
14934 134 1 363 337
14935 195 0 356 337
14936 135 1 349 337
14937 196 0 342 337
14938 136 0 448 163
14939 137 1 413 163
14940 198 0 405 163
14941 138 1 397 163
14942 199 0 389 163
14943 139 1 352 163
14944 200 0 345 163
14945 140 1 328 163
14946 201 0 321 163
14947 141 1 314 163
14948 202 0 308 163
14949 142 1 302 163
14950 203 0 296 163
14951 143 1 287 163
14952 204 0 281 163
14953 144 1 274 163
14954 205 0 268 163
14955 145 1 262 163
14956 206 0 256 163
14957 146 1 500 327
14958 207 0 491 327
14959 147 1 452 327
14960 208 0 443 327
14961 148 1 425 327
14962 209 0 415 327
14963 248 1 382 327
14964 252 1 370 327
14965 252 1 358 327
14966 252 1 347 327
14967 252 1 336 327
14968 252 0 320 47
14969 -1 0 320 94
14970 247 1 299 94
14971 253 1 506 189
14972 253 1 434 189
14973 253 1 375 189
14974 253 1 327 189
14975 253 1 282 189
14976 253 1 494 379
14977 253 1 438 379
14978 253 1 392 379
14979 253 0 344 247
14980 -1 1 344 151
14981 247 1 324 151
14982 254 1 279 151
14983 254 1 488 303
14984 254 1 432 303
14985 254 1 386 303
14986 254 1 343 303
14987 254 1 308 303
14988 254 0 432 356
14989 -1 1 432 280
14990 247 1 410 280
14991 255 1 371 280
14992 255 1 340 280
14993 255 1 310 280
14994 255 1 287 280
14995 255 0 352 245
14996 -1 1 352 138
14997 247 1 334 138
14998 256 1 303 138
14999 256 1 279 138
15000 256 1 256 138
15001 256 1 468 276
15002 256 1 433 276
15003 256 1 404 276
15004 256 1 377 276
15005 256 1 355 276
15006 256 1 334 276
15007 256 1 314 276
15008 256 1 299 276
15009 256 1 285 276
15010 256 0 448 172
15011 -1 0 448 345
15012 247 1 425 345
15013 256 1 386 345
15014 256 1 349 345
15015 256 0 480 421
15016 -1 1 480 363
15017 247 1 458 363
15018 256 1 396 363
15019 256 0 408 150
15020 -1 0 408 300
15021 247 1 390 300
15022 256 1 321 300
15023 256 0 448 280
15024 -1 1 448 113
15025 247 1 428 113
15026 256 1 347 113
15027 256 1 282 113
15028 256 1 462 226
15029 256 1 382 226
15030 256 1 326 226
15031 256 1 273 226
15032 256 1 464 452
15033 256 0 260 214
15034 -1 1 260 169
15035 247 1 498 339
15036 256 1 409 339
15037 256 0 292 12
15038 -1 0 292 24
15039 247 1 281 24
15040 256 1 438 48
15041 256 1 352 48
15042 256 1 283 48
15043 256 1 460 96
15044 256 1 375 96
15045 256 1 316 96
15046 256 1 270 96
15047 256 1 454 193
15048 256 1 385 193
15049 256 1 329 193
15050 256 1 284 193
15051 256 1 498 387
15052 256 1 442 387
15053 -1 1 442 333
15054 -1 1 442 224
15055 -1 1 442 7
15056 -1 0 442 14
15057 -1 0 442 29
15058 -1 0 442 58
15059 -1 0 442 117
15060 -1 0 442 234
15061 247 1 427 234
15062 256 1 381 234
15063 256 1 344 234
15064 256 1 309 234
15065 256 1 282 234
15066 256 1 256 234
15067 256 0 384 40
15068 -1 0 384 81
15069 247 1 370 81
15070 256 1 325 81
15071 256 1 282 81
15072 256 1 498 163
15073 256 1 445 163
15074 256 1 402 163
15075 256 1 361 163
15076 256 1 328 163
15077 256 1 297 163
15078 256 1 273 163
15079 256 1 500 326
15080 256 1 463 326
15081 256 1 428 326
15082 256 1 399 326
15083 -1 1 399 253
15084 -1 1 399 108
15085 -1 0 399 216
15086 -1 1 399 33
15087 -1 0 399 66
15088 -1 0 399 132
15089 247 1 386 132
15090 256 1 359 132
15091 256 1 337 132
15092 256 1 316 132
15093 256 1 300 132
15094 256 1 285 132
15095 256 1 271 132
15096 256 1 257 132
15097 256 1 488 264
15098 256 1 467 264
15099 256 1 447 264
15100 256 1 431 264
15101 256 1 416 264
15102 256 1 401 264
15103 -1 1 401 127
15104 -1 0 401 254
15105 -1 1 401 108
15106 -1 0 401 216
15107 247 1 389 216
15108 256 1 375 216
15109 256 1 364 216
15110 256 1 353 216
15111 256 1 343 216
15112 256 1 334 216
15113 256 1 325 216
15114 256 1 316 216
15115 256 1 309 216
15116 256 1 303 216
15117 256 1 297 216
15118 256 1 291 216
15119 256 1 285 216
15120 256 1 279 216
15121 -1 1 279 154
15122 -1 1 279 30
15123 -1 0 279 60
15124 -1 0 279 120
15125 -1 0 279 241
15126 -1 1 279 204
15127 96 1 273 204
15128 134 1 263 204
15129 195 0 257 204
15130 135 1 502 409
15131 196 0 493 409
15132 136 1 460 409
15133 197 0 451 409
15134 137 1 418 409
15135 198 0 410 409
15136 138 0 256 239
15137 139 0 384 118
15138 140 1 365 118
15139 201 0 358 118
15140 141 1 351 118
15141 202 0 344 118
15142 142 1 337 118
15143 203 0 330 118
15144 143 1 319 118
15145 204 0 313 118
15146 144 1 307 118
15147 205 0 301 118
15148 145 1 295 118
15149 206 0 289 118
15150 146 1 283 118
15151 207 0 277 118
15152 147 1 510 236
15153 208 0 501 236
15154 148 1 481 236
15155 209 0 470 236
15156 248 1 433 236
15157 252 1 401 236
15158 252 1 371 236
15159 252 1 347 236
15160 252 1 324 236
15161 252 1 302 236
15162 252 1 285 236
15163 252 1 269 236
15164 252 1 508 473
15165 252 1 484 473
15166 252 0 368 207
15167 -1 1 368 47
15168 247 1 358 47
15169 253 1 305 47
15170 253 1 264 47
15171 253 1 450 94
15172 253 1 388 94
15173 253 1 337 94
15174 253 1 296 94
15175 253 1 264 94
15176 253 1 468 188
15177 253 1 420 188
15178 253 1 381 188
15179 253 1 350 188
15180 253 1 320 188
15181 253 1 292 188
15182 -1 1 292 85
15183 -1 0 292 171
15184 -1 1 292 51
15185 -1 0 292 102
15186 247 1 284 102
15187 254 1 486 205
15188 254 1 421 205
15189 254 1 367 205
15190 254 1 324 205
15191 254 1 283 205
15192 254 1 502 410
15193 254 1 452 410
15194 254 0 384 49
15195 -1 0 384 98
15196 247 1 373 98
15197 255 1 330 98
15198 255 1 289 98
15199 255 1 257 98
15200 255 1 454 196
15201 255 1 406 196
15202 255 1 367 196
15203 255 1 336 196
15204 255 1 306 196
15205 255 1 283 196
15206 255 1 261 196
15207 255 1 480 393
15208 255 1 447 393
15209 255 1 420 393
15210 -1 1 420 366
15211 -1 1 420 313
15212 -1 1 420 207
15213 -1 0 420 415
15214 -1 1 420 411
15215 -1 1 420 403
15216 -1 1 420 387
15217 -1 1 420 355
15218 247 1 410 355
15219 256 1 402 355
15220 256 1 394 355
15221 256 1 386 355
15222 256 1 378 355
15223 256 1 371 355
15224 256 1 364 355
15225 256 1 357 355
15226 256 0 448 357
15227 -1 1 448 266
15228 247 1 437 266
15229 256 1 408 266
15230 256 1 381 266
15231 256 1 359 266
15232 256 1 338 266
15233 256 1 318 266
15234 256 1 303 266
15235 256 1 289 266
15236 256 1 275 266
15237 256 0 416 138
15238 -1 0 416 276
15239 247 1 407 276
15240 256 1 368 276
15241 256 1 337 276
15242 256 1 307 276
15243 256 1 284 276
15244 256 0 352 224
15245 -1 1 352 96
15246 247 1 345 96
15247 256 1 302 96
15248 256 1 269 96
15249 256 1 474 192
15250 256 1 424 192
15251 256 1 383 192
15252 256 1 350 192
15253 256 1 319 192
15254 256 1 295 192
15255 256 1 272 192
15256 256 1 500 384
15257 256 1 465 384
15258 256 1 432 384
15259 256 1 405 384
15260 -1 1 405 363
15261 -1 1 405 322
15262 -1 1 405 239
15263 -1 1 405 73
15264 -1 0 405 147
15265 -1 0 405 294
15266 -1 1 405 184
15267 -1 0 405 369
15268 -1 1 405 334
15269 -1 1 405 263
15270 247 1 397 263
15271 256 1 371 263
15272 256 1 350 263
15273 256 1 330 263
15274 256 1 311 263
15275 256 1 297 263
15276 256 1 283 263
15277 256 1 270 263
15278 256 0 384 189
15279 -1 0 384 379
15280 247 0 256 105
15281 -1 0 256 210
15282 247 1 472 420
15283 256 1 429 420
15284 256 0 280 212
15285 -1 1 280 144
15286 247 1 261 144
15287 256 1 448 289
15288 256 1 389 289
15289 256 1 341 289
15290 256 1 302 289
15291 256 0 480 278
15292 -1 1 480 77
15293 247 1 450 77
15294 256 1 378 77
15295 256 1 328 77
15296 256 1 280 77
15297 256 1 486 154
15298 256 1 427 154
15299 256 1 379 154
15300 256 1 340 154
15301 256 1 303 154
15302 256 1 274 154
15303 256 1 494 309
15304 256 1 451 309
15305 256 1 410 309
15306 256 1 377 309
15307 -1 1 377 242
15308 -1 1 377 108
15309 -1 0 377 216
15310 -1 1 377 56
15311 -1 0 377 112
15312 -1 0 377 225
15313 247 1 356 225
15314 256 1 329 225
15315 256 1 303 225
15316 256 1 283 225
15317 256 1 264 225
15318 256 1 492 450
15319 256 1 464 450
15320 256 0 432 208
15321 -1 0 432 417
15322 96 1 424 417
15323 134 0 448 227
15324 135 1 439 227
15325 196 0 431 227
15326 136 1 404 227
15327 197 0 396 227
15328 137 1 369 227
15329 198 0 362 227
15330 138 1 338 227
15331 199 0 331 227
15332 139 1 286 227
15333 200 0 280 227
15334 140 1 268 227
15335 201 0 262 227
15336 141 1 256 227
15337 202 0 500 455
15338 142 1 491 455
15339 203 0 482 455
15340 143 1 468 455
15341 204 0 459 455
15342 144 0 320 207
15343 145 1 313 207
15344 206 0 307 207
15345 146 1 301 207
15346 207 0 295 207
15347 147 1 274 207
15348 208 0 268 207
15349 148 1 257 207
15350 209 0 502 414
15351 248 1 467 414
15352 252 1 422 414
15353 252 0 296 236
15354 -1 1 296 177
15355 247 1 280 177
15356 253 1 258 177
15357 253 1 474 355
15358 253 1 441 355
15359 253 1 414 355
15360 253 1 388 355
15361 253 1 363 355
15362 253 0 320 199
15363 -1 1 320 78
15364 247 1 301 78
15365 254 1 260 78
15366 254 1 442 157
15367 254 1 388 157
15368 254 1 337 157
15369 254 1 296 157
15370 254 1 264 157
15371 254 1 468 314
15372 254 1 420 314
15373 254 1 381 314
15374 254 1 350 314
15375 254 1 320 314
15376 254 0 448 352
15377 -1 1 448 256
15378 247 1 424 256
15379 255 1 398 256
15380 255 1 373 256
15381 255 1 353 256
15382 255 1 334 256
15383 255 1 316 256
15384 255 1 302 256
15385 255 1 289 256
15386 255 1 277 256
15387 255 1 265 256
15388 255 0 352 92
15389 -1 0 352 185
15390 247 1 335 185
15391 256 1 298 185
15392 256 1 269 185
15393 256 1 484 371
15394 256 1 441 371
15395 256 1 406 371
15396 256 1 373 371
15397 256 0 432 408
15398 -1 1 432 384
15399 247 1 413 384
15400 256 0 408 179
15401 -1 0 408 358
15402 247 1 390 358
15403 256 0 276 151
15404 -1 1 276 26
15405 247 1 264 26
15406 256 1 404 52
15407 256 1 318 52
15408 256 1 262 52
15409 256 1 418 105
15410 256 1 345 105
15411 256 1 286 105
15412 256 1 480 210
15413 256 1 408 210
15414 256 1 349 210
15415 256 1 301 210
15416 256 1 264 210
15417 256 1 458 420
15418 256 0 448 147
15419 -1 0 448 294
15420 247 1 429 294
15421 256 1 363 294
15422 256 1 310 294
15423 256 0 328 204
15424 -1 1 328 81
15425 247 1 315 81
15426 256 1 262 81
15427 256 1 422 162
15428 256 1 353 162
15429 256 1 297 162
15430 256 1 508 324
15431 256 1 439 324
15432 256 1 383 324
15433 256 1 338 324
15434 256 0 344 234
15435 -1 1 344 124
15436 247 1 332 124
15437 256 1 273 124
15438 256 1 454 249
15439 256 1 382 249
15440 256 1 332 249
15441 256 1 284 249
15442 256 0 296 22
15443 -1 0 296 44
15444 247 1 286 44
15445 256 1 476 89
15446 256 1 400 89
15447 256 1 337 89
15448 256 1 287 89
15449 256 1 496 178
15450 256 1 434 178
15451 256 1 383 178
15452 256 1 342 178
15453 256 1 303 178
15454 256 1 273 178
15455 256 1 488 357
15456 256 1 443 357
15457 256 1 406 357
15458 -1 1 406 308
15459 -1 1 406 211
15460 -1 1 406 17
15461 -1 0 406 34
15462 -1 0 406 68
15463 -1 0 406 136
15464 -1 0 406 272
15465 -1 1 406 139
15466 247 1 393 139
15467 256 1 358 139
15468 256 1 330 139
15469 256 1 303 139
15470 256 1 282 139
15471 256 1 262 139
15472 256 1 486 279
15473 256 1 456 279
15474 256 1 428 279
15475 256 1 405 279
15476 256 1 383 279
15477 256 1 365 279
15478 256 1 348 279
15479 256 1 332 279
15480 -1 1 332 227
15481 -1 1 332 122
15482 -1 0 332 245
15483 -1 1 332 159
15484 -1 0 332 319
15485 -1 1 332 306
15486 247 1 321 306
15487 256 0 480 31
15488 -1 0 480 63
15489 96 1 471 63
15490 134 1 432 63
15491 195 0 424 63
15492 135 1 416 63
15493 196 0 408 63
15494 136 1 382 63
15495 197 0 375 63
15496 137 1 353 63
15497 198 0 346 63
15498 138 1 323 63
15499 199 0 316 63
15500 139 1 281 63
15501 200 0 275 63
15502 140 1 263 63
15503 201 0 257 63
15504 141 1 502 127
15505 202 0 493 127
15506 142 1 484 127
15507 203 0 475 127
15508 143 1 462 127
15509 204 0 453 127
15510 144 1 420 127
15511 205 0 412 127
15512 145 1 404 127
15513 206 0 396 127
15514 146 1 388 127
15515 207 0 380 127
15516 147 1 356 127
15517 208 0 349 127
15518 148 1 336 127
15519 209 0 329 127
15520 248 1 305 127
15521 252 1 266 127
15522 252 1 458 255
15523 252 1 399 255
15524 252 1 351 255
15525 252 1 312 255
15526 252 1 282 255
15527 252 0 464 45
15528 -1 0 464 90
15529 247 1 450 90
15530 253 1 400 90
15531 253 1 359 90
15532 253 1 326 90
15533 253 1 295 90
15534 253 1 271 90
15535 253 1 496 180
15536 253 1 459 180
15537 253 1 424 180
15538 253 1 395 180
15539 253 1 368 180
15540 253 1 346 180
15541 253 1 325 180
15542 253 1 305 180
15543 -1 1 305 56
15544 -1 0 305 113
15545 -1 0 305 226
15546 -1 1 305 148
15547 247 1 297 148
15548 254 1 260 148
15549 254 1 450 296
15550 254 1 394 296
15551 254 1 348 296
15552 254 1 311 296
15553 254 0 464 239
15554 -1 1 464 15
15555 247 1 452 15
15556 255 1 409 15
15557 255 1 374 15
15558 255 1 346 15
15559 255 1 319 15
15560 255 1 298 15
15561 255 1 278 15
15562 255 1 259 15
15563 255 1 482 31
15564 255 1 454 31
15565 255 1 427 31
15566 255 1 405 31
15567 255 1 384 31
15568 255 1 364 31
15569 -1 0 364 62
15570 -1 0 364 125
15571 247 1 355 125
15572 256 1 324 125
15573 256 1 294 125
15574 256 1 271 125
15575 256 1 498 251
15576 256 1 463 251
15577 256 1 430 251
15578 256 1 403 251
15579 256 1 377 251
15580 256 1 356 251
15581 256 1 336 251
15582 256 1 317 251
15583 256 1 303 251
15584 256 1 289 251
15585 -1 1 289 214
15586 -1 1 289 140
15587 -1 0 289 281
15588 -1 1 289 273
15589 -1 1 289 257
15590 -1 1 289 225
15591 247 1 282 225
15592 256 1 269 225
15593 256 1 257 225
15594 256 1 490 450
15595 256 1 471 450
15596 256 1 453 450
15597 256 0 272 236
15598 -1 1 272 201
15599 247 1 266 201
15600 256 1 484 403
15601 256 1 445 403
15602 256 1 413 403
15603 256 0 480 328
15604 -1 1 480 177
15605 247 1 470 177
15606 256 1 411 177
15607 256 1 363 177
15608 256 1 324 177
15609 256 1 287 177
15610 256 1 258 177
15611 256 1 462 355
15612 256 1 419 355
15613 256 1 384 355
15614 256 0 264 38
15615 -1 0 264 77
15616 247 1 258 77
15617 256 1 442 155
15618 256 1 391 155
15619 256 1 343 155
15620 256 1 304 155
15621 256 1 274 155
15622 256 1 490 310
15623 256 1 445 310
15624 256 1 408 310
15625 256 1 373 310
15626 256 1 345 310
15627 256 1 318 310
15628 256 0 336 216
15629 -1 1 336 97
15630 247 1 329 97
15631 256 1 286 97
15632 256 1 506 195
15633 256 1 453 195
15634 256 1 403 195
15635 256 1 362 195
15636 256 1 329 195
15637 256 1 298 195
15638 256 1 274 195
15639 256 1 502 391
15640 256 1 465 391
15641 256 1 430 391
15642 256 1 401 391
15643 256 0 432 273
15644 -1 1 432 115
15645 247 1 424 115
15646 256 1 378 115
15647 256 1 341 115
15648 256 1 306 115
15649 256 1 279 115
15650 256 1 506 231
15651 256 1 465 231
15652 256 1 426 231
15653 256 1 394 231
15654 256 1 364 231
15655 256 1 340 231
15656 256 1 317 231
15657 256 1 299 231
15658 256 1 282 231
15659 -1 1 282 181
15660 -1 1 282 81
15661 -1 0 282 162
15662 -1 1 282 42
15663 -1 0 282 84
15664 -1 0 282 169
15665 247 1 276 169
15666 256 1 260 169
15667 256 1 490 339
15668 256 1 466 339
15669 256 1 443 339
15670 256 1 424 339
15671 256 1 406 339
15672 256 1 389 339
15673 256 1 373 339
15674 256 1 360 339
15675 256 1 348 339
15676 256 0 384 117
15677 -1 0 384 234
15678 247 1 376 234
15679 256 1 348 234
15680 256 1 321 234
15681 256 1 295 234
15682 256 1 275 234
15683 256 1 256 234
15684 256 1 476 469
15685 256 0 448 341
15686 -1 1 448 234
15687 247 1 439 234
15688 256 1 396 234
15689 256 1 355 234
15690 256 1 322 234
15691 256 1 291 234
15692 256 1 267 234
15693 256 1 488 469
15694 256 0 296 147
15695 -1 0 296 294
15696 247 0 384 291
15697 -1 1 384 199
15698 247 1 355 199
15699 256 1 312 199
15700 256 1 279 199
15701 256 1 494 399
15702 256 1 444 399
15703 256 1 403 399
15704 256 0 312 281
15705 -1 1 312 250
15706 96 1 306 250
15707 134 1 284 250
15708 195 0 278 250
15709 135 1 272 250
15710 196 0 266 250
15711 136 0 272 19
15712 137 1 510 38
15713 198 0 501 38
15714 138 1 471 38
15715 199 0 462 38
15716 139 1 406 38
15717 200 0 398 38
15718 140 1 382 38
15719 201 0 375 38
15720 141 1 368 38
15721 202 0 361 38
15722 142 1 354 38
15723 203 0 347 38
15724 143 1 338 38
15725 204 0 331 38
15726 144 1 308 38
15727 205 0 302 38
15728 145 1 296 38
15729 206 0 290 38
15730 146 1 284 38
15731 207 0 278 38
15732 147 1 259 38
15733 208 0 506 77
15734 148 1 489 77
15735 209 0 480 77
15736 248 1 449 77
15737 252 1 380 77
15738 252 1 332 77
15739 252 1 287 77
15740 252 1 504 155
15741 252 1 448 155
15742 252 1 395 155
15743 252 1 352 155
15744 252 1 317 155
15745 252 1 290 155
15746 252 1 264 155
15747 252 1 480 311
15748 252 1 441 311
15749 252 1 409 311
15750 -1 1 409 214
15751 -1 1 409 20
15752 -1 0 409 41
15753 -1 0 409 82
15754 -1 0 409 164
15755 -1 0 409 329
15756 247 1 382 329
15757 253 1 363 329
15758 253 1 345 329
15759 253 0 272 22
15760 -1 0 272 45
15761 247 1 508 91
15762 254 1 439 91
15763 254 1 383 91
15764 254 1 338 91
15765 254 1 295 91
15766 254 1 262 91
15767 254 1 460 183
15768 254 1 410 183
15769 254 1 369 183
15770 254 1 336 183
15771 254 1 305 183
15772 254 1 281 183
15773 254 1 258 183
15774 254 1 472 367
15775 -1 1 472 262
15776 -1 1 472 53
15777 -1 0 472 106
15778 -1 0 472 212
15779 -1 0 472 424
15780 -1 1 472 376
15781 247 1 444 376
15782 255 1 425 376
15783 255 1 407 376
15784 255 1 390 376
15785 255 0 256 40
15786 -1 0 256 81
15787 247 1 480 162
15788 256 1 411 162
15789 256 1 355 162
15790 256 1 310 162
15791 256 1 275 162
15792 256 1 484 325
15793 256 1 431 325
15794 256 1 388 325
15795 256 1 347 325
15796 256 0 264 94
15797 -1 0 264 188
15798 247 1 498 376
15799 256 1 429 376
15800 256 0 448 28
15801 -1 0 448 56
15802 247 1 424 56
15803 256 1 347 56
15804 256 1 285 56
15805 256 1 474 113
15806 256 1 398 113
15807 256 1 335 113
15808 256 1 285 113
15809 256 1 492 227
15810 256 1 430 227
15811 256 1 379 227
15812 256 1 338 227
15813 256 1 299 227
15814 256 1 269 227
15815 256 1 480 454
15816 -1 1 480 428
15817 -1 1 480 377
15818 -1 1 480 275
15819 -1 1 480 70
15820 -1 0 480 141
15821 -1 0 480 282
15822 -1 1 480 85
15823 -1 0 480 170
15824 -1 0 480 340
15825 -1 1 480 200
15826 247 1 457 200
15827 256 1 412 200
15828 256 1 375 200
15829 256 1 345 200
15830 256 1 317 200
15831 256 1 295 200
15832 256 1 274 200
15833 256 1 508 401
15834 256 1 477 401
15835 256 1 447 401
15836 256 1 422 401
15837 256 0 368 32
15838 -1 0 368 65
15839 247 1 352 65
15840 256 1 315 65
15841 256 1 286 65
15842 256 1 259 65
15843 256 1 466 131
15844 256 1 425 131
15845 256 1 392 131
15846 256 1 360 131
15847 256 1 334 131
15848 256 1 310 131
15849 256 1 291 131
15850 256 1 273 131
15851 256 1 256 131
15852 256 1 480 262
15853 -1 1 480 45
15854 -1 0 480 91
15855 -1 0 480 183
15856 -1 0 480 366
15857 247 1 459 366
15858 256 1 434 366
15859 256 1 413 366
15860 256 1 393 366
15861 256 1 374 366
15862 256 0 480 236
15863 -1 0 480 472
15864 247 0 320 206
15865 -1 1 320 92
15866 247 1 289 92
15867 256 1 263 92
15868 256 1 478 185
15869 256 1 439 185
15870 256 1 407 185
15871 256 1 377 185
15872 256 1 353 185
15873 256 1 330 185
15874 256 1 308 185
15875 256 1 291 185
15876 256 1 275 185
15877 256 1 260 185
15878 256 1 492 370
15879 256 1 469 370
15880 -1 1 469 272
15881 -1 1 469 76
15882 -1 0 469 152
15883 -1 0 469 305
15884 -1 1 469 142
15885 -1 0 469 285
15886 247 1 428 285
15887 256 1 409 285
15888 256 1 391 285
15889 256 1 374 285
15890 256 1 360 285
15891 256 1 347 285
15892 256 1 335 285
15893 256 1 323 285
15894 256 1 312 285
15895 256 1 303 285
15896 256 1 295 285
15897 256 1 287 285
15898 256 0 448 352
15899 -1 1 448 256
15900 247 1 409 256
15901 256 1 377 256
15902 256 1 351 256
15903 256 1 327 256
15904 256 1 304 256
15905 256 1 286 256
15906 256 1 269 256
15907 256 0 256 57
15908 -1 0 256 114
15909 247 1 468 228
15910 256 1 418 228
15911 256 1 377 228
15912 256 1 344 228
15913 256 1 313 228
15914 256 1 289 228
15915 256 1 266 228
15916 256 1 488 457
15917 256 0 280 33
15918 -1 0 280 67
15919 96 1 274 67
15920 134 1 506 134
15921 195 0 497 134
15922 135 1 488 134
15923 196 0 479 134
15924 136 1 429 134
15925 197 0 421 134
15926 137 1 398 134
15927 198 0 390 134
15928 138 1 365 134
15929 199 0 358 134
15930 139 1 319 134
15931 200 0 313 134
15932 140 1 302 134
15933 201 0 296 134
15934 141 1 290 134
15935 202 0 284 134
15936 142 1 278 134
15937 203 0 272 134
15938 143 1 265 134
15939 204 0 259 134
15940 144 1 482 269
15941 205 0 473 269
15942 145 1 464 269
15943 206 0 455 269
15944 146 1 446 269
15945 207 0 438 269
15946 147 1 412 269
15947 208 0 404 269
15948 148 1 390 269
15949 209 0 382 269
15950 248 1 360 269
15951 252 1 334 269
15952 252 1 310 269
15953 252 1 291 269
15954 252 1 273 269
15955 252 0 272 213
15956 -1 1 272 155
15957 247 1 502 310
15958 253 1 457 310
15959 253 1 414 310
15960 253 1 379 310
15961 253 1 351 310
15962 253 1 324 310
15963 253 0 416 206
15964 -1 0 416 412
15965 247 0 464 405
15966 -1 1 464 347
15967 247 1 408 347
15968 254 1 378 347
15969 254 1 354 347
15970 254 0 368 257
15971 -1 1 368 147
15972 247 1 329 147
15973 255 1 298 147
15974 255 1 274 147
15975 255 1 502 294
15976 255 1 465 294
15977 255 1 430 294
15978 255 1 401 294
15979 255 1 374 294
15980 255 1 352 294
15981 255 1 331 294
15982 255 1 311 294
15983 255 1 296 294
15984 255 0 448 394
15985 -1 1 448 341
15986 247 1 398 341
15987 256 1 347 341
15988 256 0 328 282
15989 -1 1 328 237
15990 247 1 293 237
15991 256 1 494 475
15992 256 0 288 213
15993 -1 1 288 139
15994 247 1 261 139
15995 256 1 410 278
15996 256 1 333 278
15997 256 0 496 56
15998 -1 0 496 112
15999 247 1 453 112
16000 256 1 349 112
16001 256 1 277 112
16002 256 1 442 224
16003 256 1 365 224
16004 256 1 303 224
16005 256 1 510 448
16006 256 0 304 58
16007 -1 0 304 116
16008 247 1 280 116
16009 256 1 448 232
16010 256 1 359 232
16011 256 1 297 232
16012 256 1 498 464
16013 256 0 304 168
16014 -1 1 304 32
16015 247 1 281 32
16016 256 1 450 64
16017 256 1 361 64
16018 256 1 299 64
16019 256 1 502 129
16020 256 1 426 129
16021 256 1 363 129
16022 256 1 313 129
16023 256 1 274 129
16024 256 1 474 259
16025 256 1 415 259
16026 256 1 367 259
16027 256 1 328 259
16028 256 1 291 259
16029 -1 1 291 228
16030 -1 1 291 166
16031 -1 1 291 42
16032 -1 0 291 85
16033 -1 0 291 171
16034 -1 1 291 52
16035 -1 0 291 105
16036 -1 0 291 211
16037 247 1 269 211
16038 256 1 480 423
16039 256 1 435 423
16040 256 0 296 202
16041 -1 1 296 108
16042 247 1 275 108
16043 256 1 472 217
16044 256 1 410 217
16045 256 1 359 217
16046 256 1 318 217
16047 256 1 286 217
16048 256 1 256 217
16049 256 1 454 435
16050 256 0 360 214
16051 -1 1 360 69
16052 247 1 336 69
16053 256 1 286 69
16054 256 1 494 139
16055 256 1 432 139
16056 256 1 381 139
16057 256 1 340 139
16058 256 1 301 139
16059 256 1 271 139
16060 256 1 484 278
16061 256 1 439 278
16062 256 1 402 278
16063 256 1 367 278
16064 256 1 339 278
16065 256 1 312 278
16066 -1 1 312 245
16067 -1 1 312 179
16068 -1 1 312 46
16069 -1 0 312 92
16070 -1 0 312 185
16071 -1 1 312 59
16072 -1 0 312 119
16073 -1 0 312 238
16074 247 1 293 238
16075 256 1 272 238
16076 256 1 504 477
16077 256 0 496 66
16078 -1 0 496 132
16079 247 1 466 132
16080 256 1 413 132
16081 256 1 370 132
16082 256 1 335 132
16083 256 1 302 132
16084 256 1 276 132
16085 256 1 504 265
16086 256 1 465 265
16087 256 1 428 265
16088 256 1 398 265
16089 256 1 369 265
16090 256 1 346 265
16091 256 1 324 265
16092 256 1 303 265
16093 -1 1 303 227
16094 -1 1 303 152
16095 -1 1 303 1
16096 -1 0 303 3
16097 -1 0 303 6
16098 -1 0 303 12
16099 -1 0 303 24
16100 -1 0 303 49
16101 100 1 293 49
16102 149 1 272 49
16103 210 0 261 49
16104 150 1 456 98
16105 211 0 431 98
16106 151 1 401 98
16107 212 0 328 98
16108 258 1 386 197
16109 262 1 317 197
16110 262 1 271 197
16111 262 1 456 395
16112 262 0 276 35
16113 -1 0 276 70
16114 257 1 456 140
16115 263 1 362 140
16116 263 1 297 140
16117 263 1 492 281
16118 263 1 412 281
16119 263 1 346 281
16120 263 1 293 281
16121 263 0 328 239
16122 -1 1 328 151
16123 257 1 272 151
16124 264 1 462 303
16125 264 1 397 303
16126 264 1 343 303
16127 264 0 344 31
16128 -1 0 344 62
16129 257 1 291 62
16130 265 1 508 125
16131 265 1 449 125
16132 265 1 393 125
16133 265 1 347 125
16134 265 1 310 125
16135 265 1 281 125
16136 265 1 508 251
16137 265 1 465 251
16138 265 1 424 251
16139 265 1 391 251
16140 265 1 359 251
16141 265 1 333 251
16142 265 1 309 251
16143 -1 1 309 193
16144 -1 1 309 78
16145 -1 0 309 157
16146 -1 1 309 6
16147 -1 0 309 12
16148 -1 0 309 24
16149 100 1 299 24
16150 149 1 279 24
16151 210 0 268 24
16152 150 1 472 48
16153 211 0 448 48
16154 151 1 415 48
16155 212 0 346 48
16156 258 1 436 96
16157 262 1 359 96
16158 262 1 297 96
16159 262 1 498 193
16160 262 1 422 193
16161 262 1 359 193
16162 262 1 309 193
16163 262 1 270 193
16164 262 1 466 387
16165 262 1 407 387
16166 262 0 384 227
16167 -1 1 384 70
16168 257 1 325 70
16169 263 1 260 70
16170 263 1 418 141
16171 263 1 349 141
16172 263 1 293 141
16173 263 1 500 283
16174 263 1 431 283
16175 263 1 375 283
16176 263 1 330 283
16177 263 1 287 283
16178 263 0 264 232
16179 -1 1 264 200
16180 257 1 450 401
16181 264 0 320 124
16182 -1 0 320 248
16183 257 1 275 248
16184 265 1 256 248
16185 265 0 288 161
16186 -1 1 288 34
16187 104 1 282 34
16188 152 1 486 69
16189 213 0 477 69
16190 153 1 405 69
16191 214 0 395 69
16192 154 1 309 69
16193 215 0 303 69
16194 155 1 460 138
16195 216 0 445 138
16196 156 1 355 138
16197 217 0 342 138
16198 157 1 277 138
16199 218 0 266 138
16200 158 1 370 277
16201 219 0 356 277
16202 159 0 320 6
16203 160 1 502 13
16204 221 0 454 13
16205 161 1 338 13
16206 222 0 290 13
16207 162 1 468 26
16208 223 0 403 26
16209 163 1 326 26
16210 224 0 474 53
16211 164 1 370 53
16212 225 0 281 53
16213 165 1 460 107
16214 226 0 275 107
16215 267 1 340 214
16216 271 1 290 214
16217 271 1 502 428
16218 271 1 440 428
16219 271 0 408 316
16220 -1 1 408 225
16221 266 1 362 225
16222 272 1 273 225
16223 272 0 276 86
16224 -1 0 276 172
16225 266 1 492 345
16226 273 1 468 345
16227 273 1 445 345
16228 273 1 426 345
16229 273 1 408 345
16230 273 1 391 345
16231 273 1 375 345
16232 273 1 362 345
16233 273 1 350 345
16234 273 0 384 234
16235 -1 1 384 85
16236 266 1 343 85
16237 274 1 274 85
16238 274 1 442 170
16239 274 1 369 170
16240 274 1 310 170
16241 274 1 264 170
16242 274 1 442 341
16243 274 1 383 341
16244 274 0 384 50
16245 -1 0 384 101
16246 266 1 345 101
16247 275 1 502 202
16248 275 1 380 202
16249 275 1 295 202
16250 275 1 458 404
16251 275 0 416 201
16252 -1 0 416 402
16253 266 0 296 190
16254 -1 1 296 84
16255 266 1 257 84
16256 275 1 368 169
16257 275 1 283 169
16258 275 1 434 338
16259 275 1 344 338
16260 275 0 288 267
16261 -1 1 288 247
16262 266 1 502 495
16263 275 0 488 460
16264 -1 1 488 432
16265 266 0 472 30
16266 -1 0 472 61
16267 266 1 392 61
16268 275 1 275 61
16269 275 1 396 123
16270 275 1 291 123
16271 275 1 444 247
16272 275 1 349 247
16273 275 1 273 247
16274 275 0 472 271
16275 -1 1 472 71
16276 266 1 396 71
16277 275 1 291 71
16278 275 1 444 143
16279 275 1 349 143
16280 275 1 273 143
16281 275 1 428 287
16282 275 1 347 287
16283 275 0 260 22
16284 -1 0 260 45
16285 266 1 434 91
16286 275 1 339 91
16287 275 1 263 91
16288 275 1 408 183
16289 275 1 327 183
16290 275 1 262 183
16291 275 1 422 366
16292 275 0 276 53
16293 -1 0 276 106
16294 266 1 470 212
16295 275 1 366 212
16296 275 1 294 212
16297 275 1 476 425
16298 275 0 356 154
16299 -1 0 356 308
16300 266 0 384 0
16301 -1 0 384 0
16302 104 1 376 0
16303 152 1 331 0
16304 213 0 324 0
16305 153 1 274 0
16306 214 0 267 0
16307 154 1 422 1
16308 215 0 413 1
16309 155 1 313 1
16310 216 0 304 1
16311 156 1 490 3
16312 217 0 473 3
16313 157 1 388 3
16314 218 0 373 3
16315 158 1 279 3
16316 219 0 268 3
16317 159 1 382 6
16318 220 0 358 6
16319 160 1 293 6
16320 221 0 266 6
16321 161 1 400 13
16322 222 0 346 13
16323 162 1 281 13
16324 223 0 488 27
16325 163 1 403 27
16326 224 0 303 27
16327 164 1 488 55
16328 225 0 372 55
16329 165 1 313 55
16330 226 0 416 110
16331 267 1 272 110
16332 271 1 448 220
16333 271 1 372 220
16334 271 1 319 220
16335 271 1 278 220
16336 271 1 478 440
16337 271 0 496 199
16338 -1 0 496 399
16339 266 1 407 399
16340 272 0 468 437
16341 -1 1 468 406
16342 266 0 340 94
16343 -1 0 340 189
16344 266 1 264 189
16345 273 1 482 378
16346 273 1 445 378
16347 273 1 415 378
16348 273 1 386 378
16349 273 0 432 311
16350 -1 1 432 191
16351 266 1 346 191
16352 274 1 281 191
16353 274 1 460 382
16354 274 0 320 8
16355 -1 0 320 17
16356 266 1 502 35
16357 275 1 392 35
16358 275 1 302 35
16359 275 1 486 71
16360 275 1 392 71
16361 275 1 315 71
16362 275 1 264 71
16363 275 1 432 142
16364 275 1 366 142
16365 275 1 313 142
16366 275 1 272 142
16367 275 1 466 285
16368 275 1 404 285
16369 275 1 353 285
16370 -1 1 353 217
16371 -1 1 353 81
16372 -1 0 353 162
16373 -1 0 353 325
16374 -1 1 353 297
16375 -1 1 353 241
16376 266 1 288 241
16377 275 1 510 482
16378 275 0 424 207
16379 -1 0 424 415
16380 266 0 292 256
16381 -1 1 292 220
16382 266 1 460 440
16383 275 0 304 226
16384 -1 1 304 148
16385 266 1 490 297
16386 275 1 396 297
16387 275 1 319 297
16388 275 0 408 235
16389 -1 1 408 62
16390 266 1 327 62
16391 275 1 502 125
16392 275 1 403 125
16393 275 1 322 125
16394 275 1 257 125
16395 275 1 412 251
16396 275 1 343 251
16397 275 1 287 251
16398 275 0 344 59
16399 -1 0 344 119
16400 266 1 279 119
16401 275 1 446 239
16402 275 1 369 239
16403 275 1 307 239
16404 275 1 259 239
16405 275 0 368 214
16406 -1 1 368 60
16407 266 1 306 60
16408 275 1 500 121
16409 275 1 411 121
16410 275 1 338 121
16411 275 1 279 121
16412 275 1 466 242
16413 275 1 394 242
16414 275 1 335 242
16415 275 1 287 242
16416 275 1 500 484
16417 275 0 472 344
16418 -1 1 472 216
16419 266 1 392 216
16420 275 1 323 216
16421 275 1 267 216
16422 275 1 448 433
16423 275 0 276 216
16424 -1 1 276 157
16425 266 1 460 315
16426 275 1 371 315
16427 275 0 496 48
16428 -1 0 496 96
16429 104 1 487 96
16430 152 1 428 96
16431 213 0 420 96
16432 153 1 364 96
16433 214 0 356 96
16434 154 1 291 96
16435 215 0 285 96
16436 155 1 438 192
16437 216 0 426 192
16438 156 1 345 192
16439 217 0 333 192
16440 157 1 274 192
16441 218 0 264 192
16442 158 0 292 7
16443 159 1 438 15
16444 220 0 411 15
16445 160 1 338 15
16446 221 0 307 15
16447 161 1 490 31
16448 222 0 431 31
16449 162 1 358 31
16450 223 0 315 31
16451 163 1 267 31
16452 224 0 402 63
16453 164 1 321 63
16454 225 0 482 127
16455 165 1 406 127
16456 226 0 262 127
16457 267 1 334 254
16458 271 1 275 254
16459 271 0 368 204
16460 -1 1 368 41
16461 266 1 315 41
16462 272 1 450 82
16463 272 1 308 82
16464 272 1 454 165
16465 272 1 326 165
16466 272 1 474 331
16467 272 1 358 331
16468 272 0 320 213
16469 -1 1 320 107
16470 266 1 270 107
16471 273 1 476 214
16472 273 1 426 214
16473 273 1 385 214
16474 273 1 346 214
16475 273 1 315 214
16476 273 1 291 214
16477 273 1 268 214
16478 273 1 492 429
16479 273 1 457 429
16480 273 0 264 40
16481 -1 0 264 81
16482 266 1 450 162
16483 274 1 346 162
16484 274 1 274 162
16485 274 1 436 325
16486 274 1 359 325
16487 274 0 496 230
16488 -1 0 496 460
16489 266 0 496 211
16490 -1 0 496 422
16491 266 0 320 27
16492 -1 0 320 55
16493 266 1 488 111
16494 275 1 384 111
16495 275 1 298 111
16496 275 1 484 222
16497 275 1 395 222
16498 275 1 322 222
16499 275 1 263 222
16500 275 0 368 41
16501 -1 0 368 82
16502 266 1 296 82
16503 275 1 480 164
16504 275 1 391 164
16505 275 1 318 164
16506 275 1 270 164
16507 275 1 448 329
16508 275 1 376 329
16509 275 0 400 25
16510 -1 0 400 51
16511 266 1 319 51
16512 275 1 266 51
16513 275 1 430 103
16514 275 1 361 103
16515 275 1 305 103
16516 275 1 262 103
16517 275 1 442 207
16518 275 1 386 207
16519 275 1 332 207
16520 275 1 289 207
16521 275 1 256 207
16522 275 1 448 414
16523 275 0 400 132
16524 -1 0 400 264
16525 266 1 323 264
16526 275 1 270 264
16527 275 0 328 286
16528 -1 1 328 245
16529 266 1 266 245
16530 275 0 424 262
16531 -1 1 424 101
16532 266 1 355 101
16533 275 1 275 101
16534 275 1 426 203
16535 275 1 340 203
16536 275 1 271 203
16537 275 1 436 406
16538 275 0 292 172
16539 -1 1 292 52
16540 266 1 492 105
16541 275 1 388 105
16542 275 1 302 105
16543 275 1 492 211
16544 275 1 403 211
16545 275 1 330 211
16546 275 1 271 211
16547 275 1 450 423
16548 275 0 288 181
16549 -1 1 288 74
16550 266 1 490 148
16551 275 1 396 148
16552 275 1 319 148
16553 275 1 268 148
16554 275 1 440 296
16555 275 1 374 296
16556 275 1 321 296
16557 275 0 400 200
16558 -1 1 400 1
16559 104 1 392 1
16560 152 1 344 1
16561 213 0 337 1
16562 153 1 292 1
16563 214 0 286 1
16564 154 1 470 2
16565 215 0 461 2
16566 155 1 357 2
16567 216 0 348 2
16568 156 1 283 2
16569 217 0 274 2
16570 157 1 456 4
16571 218 0 440 4
16572 158 1 323 4
16573 219 0 310 4
16574 159 1 482 8
16575 220 0 452 8
16576 160 1 372 8
16577 221 0 342 8
16578 161 1 270 8
16579 222 0 474 17
16580 162 1 394 17
16581 223 0 346 17
16582 163 1 290 17
16583 224 0 456 34
16584 164 1 367 34
16585 225 0 291 34
16586 165 1 496 69
16587 226 0 338 69
16588 267 1 456 138
16589 271 1 362 138
16590 271 1 297 138
16591 271 1 492 276
16592 271 1 412 276
16593 271 1 346 276
16594 271 1 293 276
16595 271 0 328 196
16596 -1 1 328 65
16597 266 1 278 65
16598 272 1 402 131
16599 272 1 297 131
16600 272 1 456 263
16601 272 1 346 263
16602 272 1 270 263
16603 272 0 472 418
16604 -1 1 472 364
16605 266 1 407 364
16606 273 0 384 42
16607 -1 0 384 84
16608 266 1 330 84
16609 274 1 508 168
16610 274 1 409 168
16611 274 1 328 168
16612 274 1 263 168
16613 274 1 424 337
16614 274 1 355 337
16615 274 0 448 309
16616 -1 1 448 170
16617 266 1 389 170
16618 275 1 312 170
16619 275 1 261 170
16620 275 1 426 340
16621 275 1 360 340
16622 275 0 424 268
16623 -1 1 424 112
16624 266 1 376 112
16625 275 1 307 112
16626 275 1 508 224
16627 275 1 423 224
16628 275 1 354 224
16629 275 1 298 224
16630 275 1 510 448
16631 275 0 276 28
16632 -1 0 276 56
16633 266 1 488 113
16634 275 1 399 113
16635 275 1 326 113
16636 275 1 267 113
16637 275 1 442 226
16638 275 1 379 226
16639 275 1 329 226
16640 275 1 281 226
16641 275 1 488 452
16642 275 0 472 184
16643 -1 0 472 368
16644 266 1 422 368
16645 275 0 276 62
16646 -1 0 276 125
16647 266 1 494 251
16648 275 1 390 251
16649 275 1 304 251
16650 275 0 448 24
16651 -1 0 448 49
16652 266 1 403 49
16653 275 1 308 49
16654 275 1 492 99
16655 275 1 393 99
16656 275 1 312 99
16657 275 1 259 99
16658 275 1 416 198
16659 275 1 347 198
16660 275 1 291 198
16661 275 1 496 397
16662 275 1 427 397
16663 275 0 448 210
16664 -1 0 448 420
16665 266 0 344 125
16666 -1 0 344 251
16667 266 1 296 251
16668 275 0 424 67
16669 -1 0 424 135
16670 266 1 370 135
16671 275 1 290 135
16672 275 1 456 271
16673 275 1 357 271
16674 275 1 288 271
16675 275 0 424 295
16676 -1 1 424 166
16677 266 1 373 166
16678 275 1 293 166
16679 275 1 462 333
16680 275 1 363 333
16681 275 0 276 157
16682 -1 1 276 38
16683 266 1 486 76
16684 275 1 376 76
16685 275 1 300 76
16686 275 1 482 152
16687 275 1 388 152
16688 275 1 311 152
16689 275 1 260 152
16690 275 1 424 305
16691 275 1 358 305
16692 275 0 424 1
16693 -1 0 424 3
16694 104 1 416 3
16695 152 1 370 3
16696 213 0 363 3
16697 153 1 320 3
16698 214 0 313 3
16699 154 1 265 3
16700 215 0 259 3
16701 155 1 400 6
16702 216 0 389 6
16703 156 1 316 6
16704 217 0 307 6
16705 157 1 264 6
16706 218 0 510 12
16707 158 1 382 12
16708 219 0 370 12
16709 159 1 290 12
16710 220 0 273 12
16711 160 1 454 24
16712 221 0 415 24
16713 161 1 334 24
16714 222 0 295 24
16715 162 1 498 49
16716 223 0 445 49
16717 163 1 382 49
16718 224 0 310 49
16719 164 1 259 49
16720 225 0 400 99
16721 165 1 341 99
16722 226 0 462 198
16723 267 1 320 198
16724 271 1 510 396
16725 271 1 425 396
16726 271 0 276 162
16727 -1 1 276 49
16728 266 1 488 99
16729 272 1 366 99
16730 272 1 281 99
16731 272 1 430 199
16732 272 1 340 199
16733 272 1 268 199
16734 272 1 424 399
16735 272 0 308 211
16736 -1 1 308 114
16737 266 1 278 114
16738 273 1 464 228
16739 273 1 392 228
16740 273 1 333 228
16741 273 1 285 228
16742 273 1 496 456
16743 273 0 472 152
16744 -1 0 472 304
16745 266 1 424 304
16746 274 1 343 304
16747 274 0 260 107
16748 -1 0 260 215
16749 266 1 466 431
16750 275 0 376 238
16751 -1 1 376 100
16752 266 1 345 100
16753 275 1 265 100
16754 275 1 406 200
16755 275 1 320 200
16756 275 1 502 400
16757 275 1 413 400
16758 275 0 292 240
16759 -1 1 292 188
16760 266 1 268 188
16761 275 1 412 377
16762 275 0 344 205
16763 -1 1 344 67
16764 266 1 316 67
16765 275 1 486 134
16766 275 1 370 134
16767 275 1 290 134
16768 275 1 456 269
16769 275 1 357 269
16770 275 1 288 269
16771 275 0 424 276
16772 -1 1 424 128
16773 266 1 392 128
16774 275 1 297 128
16775 275 1 470 257
16776 275 1 371 257
16777 275 1 302 257
16778 275 0 424 70
16779 -1 0 424 140
16780 266 1 394 140
16781 275 1 299 140
16782 275 1 474 281
16783 275 1 375 281
16784 275 1 306 281
16785 275 0 424 227
16786 -1 1 424 30
16787 266 1 395 30
16788 275 1 300 30
16789 275 1 476 61
16790 275 1 377 61
16791 275 1 308 61
16792 275 1 510 123
16793 275 1 425 123
16794 275 1 356 123
16795 275 1 300 123
16796 275 1 257 123
16797 275 1 432 246
16798 275 1 376 246
16799 275 1 331 246
16800 275 1 288 246
16801 -1 1 288 205
16802 -1 1 288 123
16803 -1 0 288 247
16804 -1 1 288 206
16805 -1 1 288 125
16806 -1 0 288 251
16807 266 1 269 251
16808 275 0 264 125
16809 -1 0 264 251
16810 266 0 288 84
16811 -1 0 288 168
16812 266 1 256 168
16813 275 1 420 336
16814 275 1 357 336
16815 275 0 400 237
16816 -1 1 400 75
16817 266 1 357 75
16818 275 1 292 75
16819 275 1 482 150
16820 275 1 402 150
16821 275 1 336 150
16822 275 1 283 150
16823 275 1 484 301
16824 275 1 419 301
16825 275 1 365 301
16826 275 1 322 301
16827 275 0 328 167
16828 -1 1 328 6
16829 104 1 321 6
16830 152 1 284 6
16831 213 0 278 6
16832 153 1 490 13
16833 214 0 481 13
16834 154 1 405 13
16835 215 0 397 13
16836 155 1 316 13
16837 216 0 309 13
16838 156 1 261 13
16839 217 0 506 27
16840 157 1 437 27
16841 218 0 425 27
16842 158 1 320 27
16843 219 0 308 27
16844 159 1 492 54
16845 220 0 465 54
16846 160 1 393 54
16847 221 0 361 54
16848 161 1 296 54
16849 222 0 266 54
16850 162 1 446 109
16851 223 0 403 109
16852 163 1 344 109
16853 224 0 275 109
16854 164 1 454 219
16855 225 0 360 219
16856 165 1 312 219
16857 226 0 454 438
16858 267 0 270 239
16859 -1 1 270 208
16860 268 1 360 114
16861 271 1 284 114
16862 271 1 450 229
16863 271 1 356 229
16864 271 1 291 229
16865 271 1 480 458
16866 271 0 320 235
16867 -1 1 320 151
16868 266 1 285 151
16869 272 1 438 303
16870 272 1 348 303
16871 272 0 288 108
16872 -1 0 288 217
16873 266 1 261 217
16874 273 0 384 39
16875 -1 0 384 79
16876 266 1 347 79
16877 274 1 267 79
16878 274 1 410 158
16879 274 1 324 158
16880 274 1 510 316
16881 274 1 421 316
16882 274 1 348 316
16883 274 0 472 218
16884 -1 0 472 437
16885 266 0 328 50
16886 -1 0 328 101
16887 266 1 283 101
16888 275 1 474 202
16889 275 1 402 202
16890 275 1 343 202
16891 275 1 295 202
16892 275 1 258 202
16893 275 1 446 405
16894 275 0 384 57
16895 -1 0 384 114
16896 266 1 333 114
16897 275 1 277 114
16898 275 1 468 228
16899 275 1 399 228
16900 275 1 343 228
16901 275 1 298 228
16902 275 1 263 228
16903 275 1 460 456
16904 275 0 424 395
16905 -1 1 424 366
16906 266 1 376 366
16907 275 0 448 368
16908 -1 1 448 289
16909 266 1 395 289
16910 275 1 314 289
16911 275 0 424 227
16912 -1 1 424 31
16913 266 1 381 31
16914 275 1 301 31
16915 275 1 478 62
16916 275 1 379 62
16917 275 1 310 62
16918 275 1 257 62
16919 275 1 412 124
16920 275 1 343 124
16921 275 1 287 124
16922 275 1 488 248
16923 275 1 419 248
16924 275 1 363 248
16925 275 1 318 248
16926 275 1 283 248
16927 -1 1 283 213
16928 -1 1 283 143
16929 -1 1 283 4
16930 -1 0 283 8
16931 -1 0 283 17
16932 -1 0 283 35
16933 -1 0 283 70
16934 -1 0 283 141
16935 266 1 508 282
16936 275 1 452 282
16937 275 1 399 282
16938 275 1 356 282
16939 275 1 321 282
16940 275 1 288 282
16941 275 0 416 328
16942 -1 1 416 241
16943 266 1 377 241
16944 275 1 329 241
16945 275 1 284 241
16946 275 1 498 482
16947 275 0 448 327
16948 -1 1 448 206
16949 266 1 405 206
16950 275 1 339 206
16951 275 1 286 206
16952 275 1 490 413
16953 275 1 425 413
16954 275 0 432 341
16955 -1 1 432 250
16956 266 1 397 250
16957 275 1 328 250
16958 275 1 272 250
16959 275 0 344 173
16960 -1 1 344 2
16961 104 1 337 2
16962 152 1 302 2
16963 213 0 296 2
16964 153 1 264 2
16965 214 0 258 2
16966 154 1 430 5
16967 215 0 422 5
16968 155 1 345 5
16969 216 0 337 5
16970 156 1 281 5
16971 217 0 273 5
16972 157 1 468 10
16973 218 0 454 10
16974 158 1 338 10
16975 219 0 327 10
16976 159 1 510 21
16977 220 0 485 21
16978 160 1 416 21
16979 221 0 386 21
16980 161 1 313 21
16981 222 0 284 21
16982 162 1 486 43
16983 223 0 438 43
16984 163 1 382 43
16985 224 0 317 43
16986 164 1 271 43
16987 225 0 436 87
16988 165 1 382 87
16989 226 0 283 87
16990 267 1 386 174
16991 271 1 296 174
16992 271 1 474 349
16993 271 1 380 349
16994 271 0 260 139
16995 -1 1 260 19
16996 266 1 474 38
16997 272 1 352 38
16998 272 1 267 38
16999 272 1 402 77
17000 272 1 312 77
17001 272 1 506 154
17002 272 1 412 154
17003 272 1 335 154
17004 272 1 273 154
17005 272 1 450 308
17006 272 1 374 308
17007 272 1 321 308
17008 272 0 400 298
17009 -1 1 400 197
17010 266 1 368 197
17011 273 1 292 197
17012 273 1 466 395
17013 273 0 376 92
17014 -1 0 376 184
17015 266 1 350 184
17016 274 1 274 184
17017 274 1 430 368
17018 274 0 324 78
17019 -1 0 324 157
17020 266 1 300 157
17021 275 1 488 315
17022 275 1 399 315
17023 275 1 326 315
17024 275 0 472 390
17025 -1 1 472 308
17026 266 1 441 308
17027 275 1 351 308
17028 275 0 288 118
17029 -1 0 288 236
17030 266 1 270 236
17031 275 0 292 158
17032 -1 1 292 25
17033 266 1 275 25
17034 275 1 388 51
17035 275 1 277 51
17036 275 1 408 103
17037 275 1 308 103
17038 275 1 484 207
17039 275 1 380 207
17040 275 1 308 207
17041 275 1 504 414
17042 275 1 415 414
17043 275 0 292 288
17044 -1 1 292 285
17045 266 0 256 146
17046 -1 1 256 36
17047 266 1 452 73
17048 275 1 348 73
17049 275 1 276 73
17050 275 1 440 147
17051 275 1 363 147
17052 275 1 301 147
17053 275 1 506 295
17054 275 1 430 295
17055 275 1 367 295
17056 275 1 317 295
17057 275 0 312 143
17058 -1 0 312 286
17059 266 0 464 59
17060 -1 0 464 119
17061 266 1 395 119
17062 275 1 318 119
17063 275 1 267 119
17064 275 1 438 238
17065 275 1 372 238
17066 275 1 319 238
17067 275 1 278 238
17068 275 1 478 476
17069 275 0 496 482
17070 -1 1 496 468
17071 266 0 260 149
17072 -1 1 260 39
17073 266 1 414 78
17074 275 1 345 78
17075 275 1 289 78
17076 275 1 492 156
17077 275 1 423 156
17078 275 1 367 156
17079 275 1 322 156
17080 275 1 279 156
17081 275 1 492 312
17082 275 1 439 312
17083 275 1 396 312
17084 275 1 355 312
17085 275 1 322 312
17086 275 0 496 348
17087 -1 1 496 200
17088 266 1 411 200
17089 275 1 355 200
17090 275 1 310 200
17091 275 1 275 200
17092 275 1 484 400
17093 275 1 431 400
17094 275 0 344 98
17095 -1 0 344 196
17096 104 1 337 196
17097 152 1 304 196
17098 213 0 298 196
17099 153 1 268 196
17100 214 0 262 196
17101 154 1 442 392
17102 215 0 434 392
17103 155 0 292 126
17104 156 1 498 253
17105 217 0 486 253
17106 157 1 424 253
17107 218 0 413 253
17108 158 1 318 253
17109 219 0 309 253
17110 159 0 448 7
17111 160 1 383 7
17112 221 0 359 7
17113 161 1 300 7
17114 222 0 273 7
17115 162 1 468 14
17116 223 0 423 14
17117 163 1 369 14
17118 224 0 307 14
17119 164 1 264 14
17120 225 0 426 29
17121 165 1 375 29
17122 226 0 281 29
17123 267 1 392 58
17124 271 1 297 58
17125 271 1 470 117
17126 271 1 371 117
17127 271 1 302 117
17128 271 1 498 235
17129 271 1 413 235
17130 271 1 344 235
17131 271 1 288 235
17132 271 1 490 471
17133 271 0 276 201
17134 -1 1 276 127
17135 266 1 456 254
17136 272 1 367 254
17137 272 1 305 254
17138 272 1 257 254
17139 272 0 368 347
17140 -1 1 368 327
17141 266 0 448 124
17142 -1 0 448 249
17143 266 1 354 249
17144 273 1 274 249
17145 273 0 496 298
17146 -1 1 496 101
17147 266 1 407 101
17148 274 1 312 101
17149 274 1 500 203
17150 274 1 401 203
17151 274 1 320 203
17152 274 1 510 407
17153 274 1 425 407
17154 274 0 276 206
17155 -1 1 276 136
17156 266 1 450 272
17157 275 1 378 272
17158 275 1 328 272
17159 275 1 280 272
17160 275 0 296 237
17161 -1 1 296 178
17162 266 1 496 357
17163 275 1 416 357
17164 275 0 264 29
17165 -1 0 264 58
17166 266 1 436 116
17167 275 1 355 116
17168 275 1 290 116
17169 275 1 478 232
17170 275 1 398 232
17171 275 1 332 232
17172 275 1 279 232
17173 275 1 476 464
17174 275 0 260 214
17175 -1 1 260 168
17176 266 1 434 337
17177 275 1 357 337
17178 275 0 496 343
17179 -1 1 496 191
17180 266 1 427 191
17181 275 1 337 191
17182 275 1 265 191
17183 275 1 418 383
17184 275 0 308 169
17185 -1 1 308 30
17186 266 1 269 30
17187 275 1 406 60
17188 275 1 316 60
17189 275 1 257 60
17190 275 1 402 120
17191 275 1 325 120
17192 275 1 263 120
17193 275 1 430 241
17194 275 1 364 241
17195 275 1 311 241
17196 275 1 270 241
17197 275 0 312 87
17198 -1 0 312 175
17199 266 1 275 175
17200 275 1 444 351
17201 275 1 371 351
17202 275 0 472 318
17203 -1 1 472 165
17204 266 1 413 165
17205 275 1 323 165
17206 275 1 502 330
17207 275 1 408 330
17208 275 1 331 330
17209 275 0 496 495
17210 -1 1 496 495
